TransactionID,TransactionDate,PostingDate,DocumentNumber,DocumentType,SegmentID,StandardItemID,FundID,CostCentreID,ProjectID,DetailedItemID,VoteID,Amount,VAT_Amount,Quantity,UnitPrice,GL_Account,PeriodKey,BatchID,CreatedBy,CreatedDate
3,8/18/2024,8/18/2024,DOC000003,Invoice,5,1,2,5,,1,5,19236,2885.4,10,1923.6,GL0001,202408,B3,System,2/14/2026 16:10
5,9/4/2024,9/4/2024,DOC000005,Invoice,2,1,1,12,,1,2,12736,1910.4,8,1592,GL0001,202409,B5,System,2/14/2026 16:10
14,7/13/2024,7/13/2024,DOC000014,Invoice,5,1,3,35,,1,5,8716,1307.4,9,968.4444444,GL0001,202407,B4,System,2/14/2026 16:10
19,8/5/2024,8/5/2024,DOC000019,Invoice,3,1,2,28,,1,3,2931.5,439.725,4,732.875,GL0001,202408,B9,System,2/14/2026 16:10
21,9/5/2024,9/5/2024,DOC000021,Invoice,5,1,1,30,,1,5,9573.5,1436.025,7,1367.642857,GL0001,202409,B1,System,2/14/2026 16:10
37,8/15/2024,8/15/2024,DOC000037,Invoice,1,1,2,26,,1,1,1038.5,155.775,1,1038.5,GL0001,202408,B7,System,2/14/2026 16:10
39,9/26/2024,9/26/2024,DOC000039,Invoice,1,1,2,21,,1,1,6744,1011.6,6,1124,GL0001,202409,B9,System,2/14/2026 16:10
48,7/22/2024,7/22/2024,DOC000048,Invoice,4,1,2,9,,1,4,2982.5,447.375,2,1491.25,GL0001,202407,B8,System,2/14/2026 16:10
58,7/21/2024,7/21/2024,DOC000058,Invoice,5,1,3,40,,1,5,721,108.15,2,360.5,GL0001,202407,B8,System,2/14/2026 16:10
71,9/24/2024,9/24/2024,DOC000071,Invoice,4,1,2,29,,1,4,2915,437.25,7,416.4285714,GL0001,202409,B1,System,2/14/2026 16:10
81,8/18/2024,8/18/2024,DOC000081,Invoice,4,1,3,24,,1,4,8050,1207.5,9,894.4444444,GL0001,202408,B1,System,2/14/2026 16:10
95,8/1/2024,8/1/2024,DOC000095,Invoice,5,1,3,35,,1,5,5510.5,826.575,8,688.8125,GL0001,202408,B5,System,2/14/2026 16:10
102,7/2/2024,7/2/2024,DOC000102,Invoice,1,1,1,16,,1,1,931.5,139.725,1,931.5,GL0001,202407,B2,System,2/14/2026 16:10
104,7/23/2024,7/23/2024,DOC000104,Invoice,5,1,2,30,,1,5,9600,1440,5,1920,GL0001,202407,B4,System,2/14/2026 16:10
122,8/20/2024,8/20/2024,DOC000122,Invoice,2,1,1,37,,1,2,3498,524.7,2,1749,GL0001,202408,B2,System,2/14/2026 16:10
159,7/25/2024,7/25/2024,DOC000159,Invoice,1,1,2,6,,1,1,5053.5,758.025,3,1684.5,GL0001,202407,B9,System,2/14/2026 16:10
168,7/31/2024,7/31/2024,DOC000168,Invoice,2,1,2,22,,1,2,930.5,139.575,1,930.5,GL0001,202407,B8,System,2/14/2026 16:10
174,8/1/2024,8/1/2024,DOC000174,Invoice,4,1,2,34,,1,4,3606.5,540.975,2,1803.25,GL0001,202408,B4,System,2/14/2026 16:10
182,9/2/2024,9/2/2024,DOC000182,Invoice,3,1,2,23,,1,3,5538.5,830.775,7,791.2142857,GL0001,202409,B2,System,2/14/2026 16:10
187,8/16/2024,8/16/2024,DOC000187,Invoice,4,1,2,4,,1,4,1284,192.6,2,642,GL0001,202408,B7,System,2/14/2026 16:10
190,7/5/2024,7/5/2024,DOC000190,Invoice,3,1,1,18,,1,3,3629,544.35,9,403.2222222,GL0001,202407,B0,System,2/14/2026 16:10
191,8/26/2024,8/26/2024,DOC000191,Invoice,3,1,1,28,,1,3,4502.5,675.375,6,750.4166667,GL0001,202408,B1,System,2/14/2026 16:10
198,9/16/2024,9/16/2024,DOC000198,Invoice,4,1,2,9,,1,4,7675,1151.25,7,1096.428571,GL0001,202409,B8,System,2/14/2026 16:10
201,9/1/2024,9/1/2024,DOC000201,Invoice,2,1,3,27,,1,2,428,64.2,1,428,GL0001,202409,B1,System,2/14/2026 16:10
203,7/13/2024,7/13/2024,DOC000203,Invoice,4,1,2,9,,1,4,5862.5,879.375,8,732.8125,GL0001,202407,B3,System,2/14/2026 16:10
205,8/7/2024,8/7/2024,DOC000205,Invoice,1,1,3,21,,1,1,6792,1018.8,4,1698,GL0001,202408,B5,System,2/14/2026 16:10
210,8/2/2024,8/2/2024,DOC000210,Invoice,4,1,1,34,,1,4,18496,2774.4,10,1849.6,GL0001,202408,B0,System,2/14/2026 16:10
222,9/17/2024,9/17/2024,DOC000222,Invoice,4,1,1,19,,1,4,10699.5,1604.925,9,1188.833333,GL0001,202409,B2,System,2/14/2026 16:10
230,9/23/2024,9/23/2024,DOC000230,Invoice,4,1,1,34,,1,4,3418,512.7,2,1709,GL0001,202409,B0,System,2/14/2026 16:10
238,7/5/2024,7/5/2024,DOC000238,Invoice,2,1,2,12,,1,2,8594,1289.1,5,1718.8,GL0001,202407,B8,System,2/14/2026 16:10
241,8/1/2024,8/1/2024,DOC000241,Invoice,5,1,2,40,,1,5,1854,278.1,2,927,GL0001,202408,B1,System,2/14/2026 16:10
247,7/3/2024,7/3/2024,DOC000247,Invoice,2,1,3,22,,1,2,1364,204.6,1,1364,GL0001,202407,B7,System,2/14/2026 16:10
266,9/21/2024,9/21/2024,DOC000266,Invoice,2,1,1,7,,1,2,8655,1298.25,7,1236.428571,GL0001,202409,B6,System,2/14/2026 16:10
298,7/26/2024,7/26/2024,DOC000298,Invoice,4,1,3,39,,1,4,14778,2216.7,8,1847.25,GL0001,202407,B8,System,2/14/2026 16:10
316,9/6/2024,9/6/2024,DOC000316,Invoice,1,1,2,6,,1,1,3062.5,459.375,8,382.8125,GL0001,202409,B6,System,2/14/2026 16:10
349,8/7/2024,8/7/2024,DOC000349,Invoice,4,1,3,14,,1,4,2374,356.1,5,474.8,GL0001,202408,B9,System,2/14/2026 16:10
354,7/30/2024,7/30/2024,DOC000354,Invoice,4,1,3,24,,1,4,7524,1128.6,9,836,GL0001,202407,B4,System,2/14/2026 16:10
356,7/9/2024,7/9/2024,DOC000356,Invoice,5,1,1,5,,1,5,8534.5,1280.175,8,1066.8125,GL0001,202407,B6,System,2/14/2026 16:10
358,7/21/2024,7/21/2024,DOC000358,Invoice,1,1,3,6,,1,1,682,102.3,3,227.3333333,GL0001,202407,B8,System,2/14/2026 16:10
361,8/1/2024,8/1/2024,DOC000361,Invoice,5,1,2,35,,1,5,14810,2221.5,8,1851.25,GL0001,202408,B1,System,2/14/2026 16:10
369,7/9/2024,7/9/2024,DOC000369,Invoice,1,1,2,36,,1,1,7188,1078.2,5,1437.6,GL0001,202407,B9,System,2/14/2026 16:10
375,9/3/2024,9/3/2024,DOC000375,Invoice,2,1,1,2,,1,2,3683.5,552.525,8,460.4375,GL0001,202409,B5,System,2/14/2026 16:10
376,8/4/2024,8/4/2024,DOC000376,Invoice,4,1,3,14,,1,4,8678.5,1301.775,6,1446.416667,GL0001,202408,B6,System,2/14/2026 16:10
393,9/7/2024,9/7/2024,DOC000393,Invoice,4,1,2,9,,1,4,12667.5,1900.125,7,1809.642857,GL0001,202409,B3,System,2/14/2026 16:10
401,9/7/2024,9/7/2024,DOC000401,Invoice,1,1,2,11,,1,1,2262.5,339.375,8,282.8125,GL0001,202409,B1,System,2/14/2026 16:10
414,9/11/2024,9/11/2024,DOC000414,Invoice,3,1,2,38,,1,3,4770,715.5,5,954,GL0001,202409,B4,System,2/14/2026 16:10
415,7/2/2024,7/2/2024,DOC000415,Invoice,4,1,2,9,,1,4,3198,479.7,3,1066,GL0001,202407,B5,System,2/14/2026 16:10
423,8/27/2024,8/27/2024,DOC000423,Invoice,3,1,1,23,,1,3,6800,1020,8,850,GL0001,202408,B3,System,2/14/2026 16:10
432,8/21/2024,8/21/2024,DOC000432,Invoice,4,1,1,19,,1,4,1857,278.55,1,1857,GL0001,202408,B2,System,2/14/2026 16:10
439,7/14/2024,7/14/2024,DOC000439,Invoice,1,1,2,26,,1,1,8734,1310.1,9,970.4444444,GL0001,202407,B9,System,2/14/2026 16:10
447,8/7/2024,8/7/2024,DOC000447,Invoice,1,1,1,11,,1,1,1720.5,258.075,1,1720.5,GL0001,202408,B7,System,2/14/2026 16:10
460,8/25/2024,8/25/2024,DOC000460,Invoice,2,1,3,32,,1,2,2288,343.2,8,286,GL0001,202408,B0,System,2/14/2026 16:10
463,9/18/2024,9/18/2024,DOC000463,Invoice,5,1,1,35,,1,5,6634,995.1,8,829.25,GL0001,202409,B3,System,2/14/2026 16:10
471,7/16/2024,7/16/2024,DOC000471,Invoice,1,1,3,21,,1,1,2210.5,331.575,3,736.8333333,GL0001,202407,B1,System,2/14/2026 16:10
472,7/28/2024,7/28/2024,DOC000472,Invoice,4,1,1,39,,1,4,1766.5,264.975,4,441.625,GL0001,202407,B2,System,2/14/2026 16:10
485,7/17/2024,7/17/2024,DOC000485,Invoice,2,1,1,37,,1,2,9976,1496.4,5,1995.2,GL0001,202407,B5,System,2/14/2026 16:10
486,9/1/2024,9/1/2024,DOC000486,Invoice,4,1,1,9,,1,4,8858,1328.7,5,1771.6,GL0001,202409,B6,System,2/14/2026 16:10
492,7/23/2024,7/23/2024,DOC000492,Invoice,3,1,1,23,,1,3,3770,565.5,8,471.25,GL0001,202407,B2,System,2/14/2026 16:10
507,8/13/2024,8/13/2024,DOC000507,Invoice,5,1,1,15,,1,5,11386,1707.9,8,1423.25,GL0001,202408,B7,System,2/14/2026 16:10
511,8/31/2024,8/31/2024,DOC000511,Invoice,2,1,3,7,,1,2,4978,746.7,5,995.6,GL0001,202408,B1,System,2/14/2026 16:10
529,8/28/2024,8/28/2024,DOC000529,Invoice,4,1,2,4,,1,4,14682,2202.3,8,1835.25,GL0001,202408,B9,System,2/14/2026 16:10
531,8/18/2024,8/18/2024,DOC000531,Invoice,2,1,2,17,,1,2,11568,1735.2,8,1446,GL0001,202408,B1,System,2/14/2026 16:10
533,7/17/2024,7/17/2024,DOC000533,Invoice,4,1,2,39,,1,4,17226,2583.9,9,1914,GL0001,202407,B3,System,2/14/2026 16:10
538,8/10/2024,8/10/2024,DOC000538,Invoice,5,1,2,10,,1,5,14818,2222.7,9,1646.444444,GL0001,202408,B8,System,2/14/2026 16:10
541,7/17/2024,7/17/2024,DOC000541,Invoice,3,1,3,18,,1,3,866,129.9,4,216.5,GL0001,202407,B1,System,2/14/2026 16:10
542,7/15/2024,7/15/2024,DOC000542,Invoice,5,1,1,20,,1,5,14886,2232.9,9,1654,GL0001,202407,B2,System,2/14/2026 16:10
547,8/11/2024,8/11/2024,DOC000547,Invoice,2,1,1,22,,1,2,1493,223.95,4,373.25,GL0001,202408,B7,System,2/14/2026 16:10
549,7/12/2024,7/12/2024,DOC000549,Invoice,1,1,3,11,,1,1,12964,1944.6,9,1440.444444,GL0001,202407,B9,System,2/14/2026 16:10
553,7/13/2024,7/13/2024,DOC000553,Invoice,4,1,1,34,,1,4,5939,890.85,3,1979.666667,GL0001,202407,B3,System,2/14/2026 16:10
564,8/4/2024,8/4/2024,DOC000564,Invoice,5,1,3,5,,1,5,5363,804.45,3,1787.666667,GL0001,202408,B4,System,2/14/2026 16:10
565,8/29/2024,8/29/2024,DOC000565,Invoice,4,1,1,19,,1,4,7160,1074,10,716,GL0001,202408,B5,System,2/14/2026 16:10
571,7/1/2024,7/1/2024,DOC000571,Invoice,2,1,3,12,,1,2,3081,462.15,2,1540.5,GL0001,202407,B1,System,2/14/2026 16:10
572,7/10/2024,7/10/2024,DOC000572,Invoice,1,1,3,11,,1,1,1834,275.1,1,1834,GL0001,202407,B2,System,2/14/2026 16:10
591,8/1/2024,8/1/2024,DOC000591,Invoice,3,1,3,23,,1,3,8477,1271.55,6,1412.833333,GL0001,202408,B1,System,2/14/2026 16:10
595,9/25/2024,9/25/2024,DOC000595,Invoice,4,1,1,29,,1,4,5654,848.1,5,1130.8,GL0001,202409,B5,System,2/14/2026 16:10
599,8/6/2024,8/6/2024,DOC000599,Invoice,1,1,2,11,,1,1,5834,875.1,5,1166.8,GL0001,202408,B9,System,2/14/2026 16:10
602,9/13/2024,9/13/2024,DOC000602,Invoice,3,1,3,28,,1,3,4067,610.05,3,1355.666667,GL0001,202409,B2,System,2/14/2026 16:10
603,8/13/2024,8/13/2024,DOC000603,Invoice,1,1,2,26,,1,1,10661,1599.15,6,1776.833333,GL0001,202408,B3,System,2/14/2026 16:10
605,8/11/2024,8/11/2024,DOC000605,Invoice,4,1,2,4,,1,4,6154.5,923.175,7,879.2142857,GL0001,202408,B5,System,2/14/2026 16:10
608,7/5/2024,7/5/2024,DOC000608,Invoice,4,1,1,29,,1,4,2693,403.95,4,673.25,GL0001,202407,B8,System,2/14/2026 16:10
626,9/2/2024,9/2/2024,DOC000626,Invoice,4,1,2,39,,1,4,3270.5,490.575,8,408.8125,GL0001,202409,B6,System,2/14/2026 16:10
645,8/20/2024,8/20/2024,DOC000645,Invoice,5,1,2,30,,1,5,6332.5,949.875,9,703.6111111,GL0001,202408,B5,System,2/14/2026 16:10
668,7/12/2024,7/12/2024,DOC000668,Invoice,2,1,2,7,,1,2,7000,1050,4,1750,GL0001,202407,B8,System,2/14/2026 16:10
688,8/17/2024,8/17/2024,DOC000688,Invoice,3,1,1,28,,1,3,10588,1588.2,9,1176.444444,GL0001,202408,B8,System,2/14/2026 16:10
690,7/21/2024,7/21/2024,DOC000690,Invoice,3,1,2,13,,1,3,11480,1722,10,1148,GL0001,202407,B0,System,2/14/2026 16:10
705,8/20/2024,8/20/2024,DOC000705,Invoice,5,1,2,30,,1,5,5046.5,756.975,8,630.8125,GL0001,202408,B5,System,2/14/2026 16:10
707,8/3/2024,8/3/2024,DOC000707,Invoice,1,1,1,1,,1,1,4382.5,657.375,3,1460.833333,GL0001,202408,B7,System,2/14/2026 16:10
718,7/27/2024,7/27/2024,DOC000718,Invoice,5,1,1,20,,1,5,3451.5,517.725,2,1725.75,GL0001,202407,B8,System,2/14/2026 16:10
727,7/30/2024,7/30/2024,DOC000727,Invoice,3,1,1,3,,1,3,10200.5,1530.075,7,1457.214286,GL0001,202407,B7,System,2/14/2026 16:10
731,8/1/2024,8/1/2024,DOC000731,Invoice,5,1,3,25,,1,5,13750.5,2062.575,8,1718.8125,GL0001,202408,B1,System,2/14/2026 16:10
734,8/31/2024,8/31/2024,DOC000734,Invoice,3,1,2,18,,1,3,645,96.75,2,322.5,GL0001,202408,B4,System,2/14/2026 16:10
748,8/26/2024,8/26/2024,DOC000748,Invoice,5,1,2,30,,1,5,4485,672.75,4,1121.25,GL0001,202408,B8,System,2/14/2026 16:10
763,7/20/2024,7/20/2024,DOC000763,Invoice,5,1,3,5,,1,5,2708,406.2,7,386.8571429,GL0001,202407,B3,System,2/14/2026 16:10
786,7/17/2024,7/17/2024,DOC000786,Invoice,2,1,1,32,,1,2,2632,394.8,4,658,GL0001,202407,B6,System,2/14/2026 16:10
790,7/10/2024,7/10/2024,DOC000790,Invoice,5,1,2,25,,1,5,4957.5,743.625,3,1652.5,GL0001,202407,B0,System,2/14/2026 16:10
801,8/7/2024,8/7/2024,DOC000801,Invoice,1,1,1,11,,1,1,14497.5,2174.625,9,1610.833333,GL0001,202408,B1,System,2/14/2026 16:10
803,8/17/2024,8/17/2024,DOC000803,Invoice,4,1,3,29,,1,4,1521,228.15,1,1521,GL0001,202408,B3,System,2/14/2026 16:10
808,8/1/2024,8/1/2024,DOC000808,Invoice,4,1,3,4,,1,4,1636,245.4,3,545.3333333,GL0001,202408,B8,System,2/14/2026 16:10
813,8/25/2024,8/25/2024,DOC000813,Invoice,3,1,3,8,,1,3,16696,2504.4,10,1669.6,GL0001,202408,B3,System,2/14/2026 16:10
817,9/23/2024,9/23/2024,DOC000817,Invoice,3,1,3,3,,1,3,10826,1623.9,8,1353.25,GL0001,202409,B7,System,2/14/2026 16:10
825,8/23/2024,8/23/2024,DOC000825,Invoice,2,1,2,2,,1,2,2642.5,396.375,2,1321.25,GL0001,202408,B5,System,2/14/2026 16:10
876,7/10/2024,7/10/2024,DOC000876,Invoice,3,1,2,18,,1,3,4130.5,619.575,6,688.4166667,GL0001,202407,B6,System,2/14/2026 16:10
885,8/27/2024,8/27/2024,DOC000885,Invoice,1,1,1,11,,1,1,6924,1038.6,10,692.4,GL0001,202408,B5,System,2/14/2026 16:10
890,8/27/2024,8/27/2024,DOC000890,Invoice,4,1,1,34,,1,4,6005,900.75,4,1501.25,GL0001,202408,B0,System,2/14/2026 16:10
905,9/11/2024,9/11/2024,DOC000905,Invoice,2,1,1,7,,1,2,15171.5,2275.725,8,1896.4375,GL0001,202409,B5,System,2/14/2026 16:10
913,8/27/2024,8/27/2024,DOC000913,Invoice,3,1,2,33,,1,3,12188.5,1828.275,7,1741.214286,GL0001,202408,B3,System,2/14/2026 16:10
914,7/12/2024,7/12/2024,DOC000914,Invoice,3,1,1,3,,1,3,2146,321.9,4,536.5,GL0001,202407,B4,System,2/14/2026 16:10
926,8/16/2024,8/16/2024,DOC000926,Invoice,1,1,2,36,,1,1,5478.5,821.775,4,1369.625,GL0001,202408,B6,System,2/14/2026 16:10
936,8/21/2024,8/21/2024,DOC000936,Invoice,3,1,1,38,,1,3,3350.5,502.575,6,558.4166667,GL0001,202408,B6,System,2/14/2026 16:10
937,7/4/2024,7/4/2024,DOC000937,Invoice,2,1,3,12,,1,2,2874.5,431.175,2,1437.25,GL0001,202407,B7,System,2/14/2026 16:10
943,7/11/2024,7/11/2024,DOC000943,Invoice,2,1,1,2,,1,2,3281,492.15,6,546.8333333,GL0001,202407,B3,System,2/14/2026 16:10
948,7/28/2024,7/28/2024,DOC000948,Invoice,5,1,2,35,,1,5,1595.5,239.325,4,398.875,GL0001,202407,B8,System,2/14/2026 16:10
955,8/18/2024,8/18/2024,DOC000955,Invoice,4,1,1,14,,1,4,13821,2073.15,7,1974.428571,GL0001,202408,B5,System,2/14/2026 16:10
961,8/23/2024,8/23/2024,DOC000961,Invoice,2,1,2,22,,1,2,4414,662.1,5,882.8,GL0001,202408,B1,System,2/14/2026 16:10
962,8/10/2024,8/10/2024,DOC000962,Invoice,4,1,1,19,,1,4,2280,342,3,760,GL0001,202408,B2,System,2/14/2026 16:10
980,8/12/2024,8/12/2024,DOC000980,Invoice,5,1,2,35,,1,5,7910,1186.5,5,1582,GL0001,202408,B0,System,2/14/2026 16:10
982,8/2/2024,8/2/2024,DOC000982,Invoice,3,1,3,18,,1,3,2344,351.6,10,234.4,GL0001,202408,B2,System,2/14/2026 16:10
994,9/2/2024,9/2/2024,DOC000994,Invoice,1,1,1,1,,1,1,6348,952.2,10,634.8,GL0001,202409,B4,System,2/14/2026 16:10
1000,9/10/2024,9/10/2024,DOC001000,Invoice,1,1,3,31,,1,1,4010.5,601.575,3,1336.833333,GL0001,202409,B0,System,2/14/2026 16:10
1001,8/29/2024,8/29/2024,DOC001001,Invoice,4,1,1,39,,1,4,2534,380.1,5,506.8,GL0001,202408,B1,System,2/14/2026 16:10
1004,8/25/2024,8/25/2024,DOC001004,Invoice,1,1,1,26,,1,1,1673,250.95,1,1673,GL0001,202408,B4,System,2/14/2026 16:10
1009,7/6/2024,7/6/2024,DOC001009,Invoice,1,1,2,1,,1,1,2945,441.75,6,490.8333333,GL0001,202407,B9,System,2/14/2026 16:10
1011,9/7/2024,9/7/2024,DOC001011,Invoice,4,1,1,24,,1,4,202.5,30.375,1,202.5,GL0001,202409,B1,System,2/14/2026 16:10
1023,8/18/2024,8/18/2024,DOC001023,Invoice,2,1,3,17,,1,2,8904,1335.6,10,890.4,GL0001,202408,B3,System,2/14/2026 16:10
1025,8/18/2024,8/18/2024,DOC001025,Invoice,3,1,3,8,,1,3,328,49.2,1,328,GL0001,202408,B5,System,2/14/2026 16:10
1043,9/25/2024,9/25/2024,DOC001043,Invoice,4,1,2,29,,1,4,4738,710.7,4,1184.5,GL0001,202409,B3,System,2/14/2026 16:10
1045,8/12/2024,8/12/2024,DOC001045,Invoice,3,1,3,28,,1,3,11508,1726.2,6,1918,GL0001,202408,B5,System,2/14/2026 16:10
1051,7/4/2024,7/4/2024,DOC001051,Invoice,1,1,1,11,,1,1,1645,246.75,4,411.25,GL0001,202407,B1,System,2/14/2026 16:10
1061,7/16/2024,7/16/2024,DOC001061,Invoice,2,1,1,27,,1,2,7592.5,1138.875,9,843.6111111,GL0001,202407,B1,System,2/14/2026 16:10
1068,7/3/2024,7/3/2024,DOC001068,Invoice,3,1,2,13,,1,3,714,107.1,3,238,GL0001,202407,B8,System,2/14/2026 16:10
1069,7/3/2024,7/3/2024,DOC001069,Invoice,4,1,1,39,,1,4,430.5,64.575,2,215.25,GL0001,202407,B9,System,2/14/2026 16:10
1075,9/9/2024,9/9/2024,DOC001075,Invoice,5,1,1,20,,1,5,930,139.5,3,310,GL0001,202409,B5,System,2/14/2026 16:10
1084,9/16/2024,9/16/2024,DOC001084,Invoice,1,1,1,11,,1,1,14216,2132.4,10,1421.6,GL0001,202409,B4,System,2/14/2026 16:10
1091,7/6/2024,7/6/2024,DOC001091,Invoice,1,1,3,26,,1,1,5516,827.4,5,1103.2,GL0001,202407,B1,System,2/14/2026 16:10
1099,7/10/2024,7/10/2024,DOC001099,Invoice,4,1,2,4,,1,4,3182.5,477.375,4,795.625,GL0001,202407,B9,System,2/14/2026 16:10
1105,8/30/2024,8/30/2024,DOC001105,Invoice,4,1,3,24,,1,4,2704,405.6,4,676,GL0001,202408,B5,System,2/14/2026 16:10
1156,8/18/2024,8/18/2024,DOC001156,Invoice,5,1,1,40,,1,5,4364.5,654.675,3,1454.833333,GL0001,202408,B6,System,2/14/2026 16:10
1159,9/23/2024,9/23/2024,DOC001159,Invoice,3,1,3,38,,1,3,9709,1456.35,8,1213.625,GL0001,202409,B9,System,2/14/2026 16:10
1171,7/19/2024,7/19/2024,DOC001171,Invoice,3,1,3,18,,1,3,2718.5,407.775,2,1359.25,GL0001,202407,B1,System,2/14/2026 16:10
1172,7/15/2024,7/15/2024,DOC001172,Invoice,1,1,1,16,,1,1,3840,576,3,1280,GL0001,202407,B2,System,2/14/2026 16:10
1174,9/23/2024,9/23/2024,DOC001174,Invoice,5,1,1,40,,1,5,4194,629.1,5,838.8,GL0001,202409,B4,System,2/14/2026 16:10
1175,7/23/2024,7/23/2024,DOC001175,Invoice,2,1,1,32,,1,2,8614,1292.1,5,1722.8,GL0001,202407,B5,System,2/14/2026 16:10
1196,9/28/2024,9/28/2024,DOC001196,Invoice,1,1,3,31,,1,1,502,75.3,1,502,GL0001,202409,B6,System,2/14/2026 16:10
1199,7/21/2024,7/21/2024,DOC001199,Invoice,3,1,1,13,,1,3,13008,1951.2,10,1300.8,GL0001,202407,B9,System,2/14/2026 16:10
1200,9/17/2024,9/17/2024,DOC001200,Invoice,5,1,1,30,,1,5,6141,921.15,4,1535.25,GL0001,202409,B0,System,2/14/2026 16:10
1206,7/28/2024,7/28/2024,DOC001206,Invoice,2,1,2,27,,1,2,2526.5,378.975,4,631.625,GL0001,202407,B6,System,2/14/2026 16:10
1212,9/4/2024,9/4/2024,DOC001212,Invoice,1,1,1,36,,1,1,8172,1225.8,5,1634.4,GL0001,202409,B2,System,2/14/2026 16:10
1216,8/9/2024,8/9/2024,DOC001216,Invoice,4,1,3,34,,1,4,7468,1120.2,7,1066.857143,GL0001,202408,B6,System,2/14/2026 16:10
1218,9/20/2024,9/20/2024,DOC001218,Invoice,2,1,3,2,,1,2,1169,175.35,3,389.6666667,GL0001,202409,B8,System,2/14/2026 16:10
1222,8/9/2024,8/9/2024,DOC001222,Invoice,5,1,2,30,,1,5,1763,264.45,1,1763,GL0001,202408,B2,System,2/14/2026 16:10
1224,9/17/2024,9/17/2024,DOC001224,Invoice,2,1,3,22,,1,2,13493.5,2024.025,7,1927.642857,GL0001,202409,B4,System,2/14/2026 16:10
1232,7/20/2024,7/20/2024,DOC001232,Invoice,3,1,2,28,,1,3,10915.5,1637.325,9,1212.833333,GL0001,202407,B2,System,2/14/2026 16:10
1237,9/6/2024,9/6/2024,DOC001237,Invoice,4,1,2,9,,1,4,1262,189.3,1,1262,GL0001,202409,B7,System,2/14/2026 16:10
1245,9/15/2024,9/15/2024,DOC001245,Invoice,3,1,2,3,,1,3,4800,720,4,1200,GL0001,202409,B5,System,2/14/2026 16:10
1258,7/31/2024,7/31/2024,DOC001258,Invoice,3,1,2,18,,1,3,2945,441.75,3,981.6666667,GL0001,202407,B8,System,2/14/2026 16:10
1278,8/25/2024,8/25/2024,DOC001278,Invoice,5,1,2,20,,1,5,8876,1331.4,10,887.6,GL0001,202408,B8,System,2/14/2026 16:10
1282,7/7/2024,7/7/2024,DOC001282,Invoice,1,1,2,11,,1,1,1896.5,284.475,1,1896.5,GL0001,202407,B2,System,2/14/2026 16:10
1312,8/5/2024,8/5/2024,DOC001312,Invoice,2,1,2,7,,1,2,1529.5,229.425,1,1529.5,GL0001,202408,B2,System,2/14/2026 16:10
1321,9/8/2024,9/8/2024,DOC001321,Invoice,2,1,2,2,,1,2,1120,168,5,224,GL0001,202409,B1,System,2/14/2026 16:10
1323,8/5/2024,8/5/2024,DOC001323,Invoice,3,1,1,8,,1,3,11604,1740.6,6,1934,GL0001,202408,B3,System,2/14/2026 16:10
1328,7/1/2024,7/1/2024,DOC001328,Invoice,3,1,1,8,,1,3,7373,1105.95,6,1228.833333,GL0001,202407,B8,System,2/14/2026 16:10
1330,8/13/2024,8/13/2024,DOC001330,Invoice,4,1,2,34,,1,4,4530.5,679.575,7,647.2142857,GL0001,202408,B0,System,2/14/2026 16:10
1336,8/19/2024,8/19/2024,DOC001336,Invoice,4,1,1,24,,1,4,3858,578.7,2,1929,GL0001,202408,B6,System,2/14/2026 16:10
1338,7/7/2024,7/7/2024,DOC001338,Invoice,3,1,3,23,,1,3,2520,378,7,360,GL0001,202407,B8,System,2/14/2026 16:10
1350,9/2/2024,9/2/2024,DOC001350,Invoice,5,1,3,35,,1,5,1355.5,203.325,2,677.75,GL0001,202409,B0,System,2/14/2026 16:10
1356,7/7/2024,7/7/2024,DOC001356,Invoice,1,1,1,31,,1,1,1286,192.9,1,1286,GL0001,202407,B6,System,2/14/2026 16:10
1358,7/6/2024,7/6/2024,DOC001358,Invoice,3,1,1,8,,1,3,10153,1522.95,7,1450.428571,GL0001,202407,B8,System,2/14/2026 16:10
1360,7/16/2024,7/16/2024,DOC001360,Invoice,4,1,2,14,,1,4,3362.5,504.375,6,560.4166667,GL0001,202407,B0,System,2/14/2026 16:10
1361,8/4/2024,8/4/2024,DOC001361,Invoice,1,1,1,31,,1,1,2998.5,449.775,2,1499.25,GL0001,202408,B1,System,2/14/2026 16:10
1363,7/20/2024,7/20/2024,DOC001363,Invoice,2,1,2,7,,1,2,7426,1113.9,6,1237.666667,GL0001,202407,B3,System,2/14/2026 16:10
1367,9/1/2024,9/1/2024,DOC001367,Invoice,1,1,1,16,,1,1,3462,519.3,2,1731,GL0001,202409,B7,System,2/14/2026 16:10
1369,9/27/2024,9/27/2024,DOC001369,Invoice,1,1,2,26,,1,1,2028,304.2,2,1014,GL0001,202409,B9,System,2/14/2026 16:10
1377,7/3/2024,7/3/2024,DOC001377,Invoice,4,1,1,24,,1,4,17237,2585.55,9,1915.222222,GL0001,202407,B7,System,2/14/2026 16:10
1392,9/28/2024,9/28/2024,DOC001392,Invoice,4,1,2,39,,1,4,4360,654,9,484.4444444,GL0001,202409,B2,System,2/14/2026 16:10
1418,9/20/2024,9/20/2024,DOC001418,Invoice,5,1,2,5,,1,5,2982,447.3,2,1491,GL0001,202409,B8,System,2/14/2026 16:10
1423,9/13/2024,9/13/2024,DOC001423,Invoice,2,1,1,32,,1,2,9302.5,1395.375,6,1550.416667,GL0001,202409,B3,System,2/14/2026 16:10
1429,9/18/2024,9/18/2024,DOC001429,Invoice,2,1,2,37,,1,2,940,141,2,470,GL0001,202409,B9,System,2/14/2026 16:10
1448,8/18/2024,8/18/2024,DOC001448,Invoice,3,1,1,18,,1,3,5542,831.3,3,1847.333333,GL0001,202408,B8,System,2/14/2026 16:10
1449,8/9/2024,8/9/2024,DOC001449,Invoice,4,1,2,14,,1,4,6933,1039.95,7,990.4285714,GL0001,202408,B9,System,2/14/2026 16:10
1471,8/28/2024,8/28/2024,DOC001471,Invoice,5,1,3,10,,1,5,1007.5,151.125,1,1007.5,GL0001,202408,B1,System,2/14/2026 16:10
1481,7/19/2024,7/19/2024,DOC001481,Invoice,5,1,1,15,,1,5,4476,671.4,3,1492,GL0001,202407,B1,System,2/14/2026 16:10
1487,7/21/2024,7/21/2024,DOC001487,Invoice,2,1,1,12,,1,2,8732,1309.8,5,1746.4,GL0001,202407,B7,System,2/14/2026 16:10
1491,7/15/2024,7/15/2024,DOC001491,Invoice,4,1,2,39,,1,4,841,126.15,1,841,GL0001,202407,B1,System,2/14/2026 16:10
1500,7/16/2024,7/16/2024,DOC001500,Invoice,3,1,2,23,,1,3,3355.5,503.325,4,838.875,GL0001,202407,B0,System,2/14/2026 16:10
1502,8/11/2024,8/11/2024,DOC001502,Invoice,4,1,1,39,,1,4,4221,633.15,8,527.625,GL0001,202408,B2,System,2/14/2026 16:10
1505,9/22/2024,9/22/2024,DOC001505,Invoice,3,1,2,23,,1,3,14259.5,2138.925,8,1782.4375,GL0001,202409,B5,System,2/14/2026 16:10
1515,9/19/2024,9/19/2024,DOC001515,Invoice,1,1,3,21,,1,1,3482.5,522.375,3,1160.833333,GL0001,202409,B5,System,2/14/2026 16:10
1519,8/1/2024,8/1/2024,DOC001519,Invoice,3,1,1,33,,1,3,2493,373.95,4,623.25,GL0001,202408,B9,System,2/14/2026 16:10
1523,9/3/2024,9/3/2024,DOC001523,Invoice,1,1,1,21,,1,1,6924,1038.6,6,1154,GL0001,202409,B3,System,2/14/2026 16:10
1525,9/20/2024,9/20/2024,DOC001525,Invoice,2,1,1,27,,1,2,2773,415.95,4,693.25,GL0001,202409,B5,System,2/14/2026 16:10
1529,8/17/2024,8/17/2024,DOC001529,Invoice,2,1,1,22,,1,2,2304,345.6,3,768,GL0001,202408,B9,System,2/14/2026 16:10
1540,7/22/2024,7/22/2024,DOC001540,Invoice,4,1,2,4,,1,4,2798,419.7,2,1399,GL0001,202407,B0,System,2/14/2026 16:10
1542,7/13/2024,7/13/2024,DOC001542,Invoice,2,1,3,12,,1,2,1942,291.3,1,1942,GL0001,202407,B2,System,2/14/2026 16:10
1546,9/21/2024,9/21/2024,DOC001546,Invoice,3,1,1,3,,1,3,1661,249.15,3,553.6666667,GL0001,202409,B6,System,2/14/2026 16:10
1554,7/10/2024,7/10/2024,DOC001554,Invoice,5,1,1,30,,1,5,526,78.9,2,263,GL0001,202407,B4,System,2/14/2026 16:10
1557,9/3/2024,9/3/2024,DOC001557,Invoice,1,1,1,1,,1,1,1641,246.15,1,1641,GL0001,202409,B7,System,2/14/2026 16:10
1558,7/8/2024,7/8/2024,DOC001558,Invoice,2,1,3,27,,1,2,755,113.25,3,251.6666667,GL0001,202407,B8,System,2/14/2026 16:10
1561,8/24/2024,8/24/2024,DOC001561,Invoice,3,1,3,28,,1,3,6131.5,919.725,4,1532.875,GL0001,202408,B1,System,2/14/2026 16:10
1571,8/30/2024,8/30/2024,DOC001571,Invoice,4,1,2,9,,1,4,7412,1111.8,5,1482.4,GL0001,202408,B1,System,2/14/2026 16:10
1573,7/26/2024,7/26/2024,DOC001573,Invoice,3,1,2,28,,1,3,5508,826.2,10,550.8,GL0001,202407,B3,System,2/14/2026 16:10
1576,9/6/2024,9/6/2024,DOC001576,Invoice,1,1,3,31,,1,1,5280,792,4,1320,GL0001,202409,B6,System,2/14/2026 16:10
1577,7/9/2024,7/9/2024,DOC001577,Invoice,3,1,3,28,,1,3,485,72.75,1,485,GL0001,202407,B7,System,2/14/2026 16:10
1582,8/21/2024,8/21/2024,DOC001582,Invoice,5,1,2,30,,1,5,3205,480.75,4,801.25,GL0001,202408,B2,System,2/14/2026 16:10
1583,9/16/2024,9/16/2024,DOC001583,Invoice,3,1,1,13,,1,3,6997.5,1049.625,7,999.6428571,GL0001,202409,B3,System,2/14/2026 16:10
1586,9/20/2024,9/20/2024,DOC001586,Invoice,5,1,1,20,,1,5,2885,432.75,4,721.25,GL0001,202409,B6,System,2/14/2026 16:10
1599,8/12/2024,8/12/2024,DOC001599,Invoice,4,1,1,19,,1,4,6597,989.55,4,1649.25,GL0001,202408,B9,System,2/14/2026 16:10
1639,9/25/2024,9/25/2024,DOC001639,Invoice,4,1,3,19,,1,4,5886,882.9,3,1962,GL0001,202409,B9,System,2/14/2026 16:10
1644,8/4/2024,8/4/2024,DOC001644,Invoice,5,1,2,20,,1,5,712,106.8,1,712,GL0001,202408,B4,System,2/14/2026 16:10
1646,7/15/2024,7/15/2024,DOC001646,Invoice,4,1,3,19,,1,4,1778.5,266.775,3,592.8333333,GL0001,202407,B6,System,2/14/2026 16:10
1647,7/8/2024,7/8/2024,DOC001647,Invoice,2,1,3,32,,1,2,2835.5,425.325,2,1417.75,GL0001,202407,B7,System,2/14/2026 16:10
1648,9/8/2024,9/8/2024,DOC001648,Invoice,1,1,2,31,,1,1,7162,1074.3,6,1193.666667,GL0001,202409,B8,System,2/14/2026 16:10
1651,9/1/2024,9/1/2024,DOC001651,Invoice,5,1,2,35,,1,5,1199.5,179.925,1,1199.5,GL0001,202409,B1,System,2/14/2026 16:10
1652,8/12/2024,8/12/2024,DOC001652,Invoice,5,1,1,40,,1,5,6595.5,989.325,6,1099.25,GL0001,202408,B2,System,2/14/2026 16:10
1655,9/9/2024,9/9/2024,DOC001655,Invoice,4,1,2,19,,1,4,14551.5,2182.725,9,1616.833333,GL0001,202409,B5,System,2/14/2026 16:10
1659,7/15/2024,7/15/2024,DOC001659,Invoice,4,1,3,19,,1,4,1582,237.3,3,527.3333333,GL0001,202407,B9,System,2/14/2026 16:10
1671,7/15/2024,7/15/2024,DOC001671,Invoice,1,1,3,31,,1,1,3835.5,575.325,6,639.25,GL0001,202407,B1,System,2/14/2026 16:10
1677,9/8/2024,9/8/2024,DOC001677,Invoice,2,1,3,22,,1,2,3833,574.95,2,1916.5,GL0001,202409,B7,System,2/14/2026 16:10
1681,7/25/2024,7/25/2024,DOC001681,Invoice,5,1,2,15,,1,5,12352,1852.8,10,1235.2,GL0001,202407,B1,System,2/14/2026 16:10
1697,9/25/2024,9/25/2024,DOC001697,Invoice,5,1,1,25,,1,5,18768,2815.2,10,1876.8,GL0001,202409,B7,System,2/14/2026 16:10
1706,9/5/2024,9/5/2024,DOC001706,Invoice,2,1,1,7,,1,2,8806,1320.9,7,1258,GL0001,202409,B6,System,2/14/2026 16:10
1717,7/29/2024,7/29/2024,DOC001717,Invoice,4,1,2,19,,1,4,859.5,128.925,3,286.5,GL0001,202407,B7,System,2/14/2026 16:10
1718,7/6/2024,7/6/2024,DOC001718,Invoice,5,1,3,5,,1,5,2756,413.4,5,551.2,GL0001,202407,B8,System,2/14/2026 16:10
1719,8/18/2024,8/18/2024,DOC001719,Invoice,5,1,1,10,,1,5,2628,394.2,6,438,GL0001,202408,B9,System,2/14/2026 16:10
1732,7/5/2024,7/5/2024,DOC001732,Invoice,4,1,1,39,,1,4,7689,1153.35,7,1098.428571,GL0001,202407,B2,System,2/14/2026 16:10
1737,7/22/2024,7/22/2024,DOC001737,Invoice,5,1,2,40,,1,5,3920.5,588.075,3,1306.833333,GL0001,202407,B7,System,2/14/2026 16:10
1761,9/17/2024,9/17/2024,DOC001761,Invoice,3,1,3,28,,1,3,2092,313.8,5,418.4,GL0001,202409,B1,System,2/14/2026 16:10
1768,9/10/2024,9/10/2024,DOC001768,Invoice,4,1,2,14,,1,4,4858,728.7,6,809.6666667,GL0001,202409,B8,System,2/14/2026 16:10
1770,7/20/2024,7/20/2024,DOC001770,Invoice,2,1,1,37,,1,2,1274,191.1,4,318.5,GL0001,202407,B0,System,2/14/2026 16:10
1774,7/23/2024,7/23/2024,DOC001774,Invoice,3,1,2,28,,1,3,13504,2025.6,8,1688,GL0001,202407,B4,System,2/14/2026 16:10
1776,8/5/2024,8/5/2024,DOC001776,Invoice,1,1,3,16,,1,1,9284.5,1392.675,9,1031.611111,GL0001,202408,B6,System,2/14/2026 16:10
1777,8/21/2024,8/21/2024,DOC001777,Invoice,1,1,2,16,,1,1,1094.5,164.175,4,273.625,GL0001,202408,B7,System,2/14/2026 16:10
1780,7/28/2024,7/28/2024,DOC001780,Invoice,4,1,1,34,,1,4,5504,825.6,8,688,GL0001,202407,B0,System,2/14/2026 16:10
1793,8/18/2024,8/18/2024,DOC001793,Invoice,3,1,1,23,,1,3,3123.5,468.525,8,390.4375,GL0001,202408,B3,System,2/14/2026 16:10
1803,7/14/2024,7/14/2024,DOC001803,Invoice,3,1,1,8,,1,3,13048,1957.2,10,1304.8,GL0001,202407,B3,System,2/14/2026 16:10
1804,7/30/2024,7/30/2024,DOC001804,Invoice,5,1,2,10,,1,5,1973,295.95,3,657.6666667,GL0001,202407,B4,System,2/14/2026 16:10
1811,9/14/2024,9/14/2024,DOC001811,Invoice,2,1,2,37,,1,2,5338,800.7,8,667.25,GL0001,202409,B1,System,2/14/2026 16:10
1830,9/9/2024,9/9/2024,DOC001830,Invoice,3,1,3,38,,1,3,430.5,64.575,2,215.25,GL0001,202409,B0,System,2/14/2026 16:10
1832,8/5/2024,8/5/2024,DOC001832,Invoice,4,1,2,34,,1,4,762,114.3,2,381,GL0001,202408,B2,System,2/14/2026 16:10
1834,9/23/2024,9/23/2024,DOC001834,Invoice,1,1,3,31,,1,1,2858.5,428.775,6,476.4166667,GL0001,202409,B4,System,2/14/2026 16:10
1836,9/3/2024,9/3/2024,DOC001836,Invoice,2,1,3,7,,1,2,13888,2083.2,8,1736,GL0001,202409,B6,System,2/14/2026 16:10
1859,8/20/2024,8/20/2024,DOC001859,Invoice,5,1,3,5,,1,5,12336,1850.4,8,1542,GL0001,202408,B9,System,2/14/2026 16:10
1872,9/1/2024,9/1/2024,DOC001872,Invoice,4,1,2,19,,1,4,2683.5,402.525,2,1341.75,GL0001,202409,B2,System,2/14/2026 16:10
1888,7/4/2024,7/4/2024,DOC001888,Invoice,2,1,2,7,,1,2,2044,306.6,5,408.8,GL0001,202407,B8,System,2/14/2026 16:10
1899,9/4/2024,9/4/2024,DOC001899,Invoice,1,1,1,21,,1,1,9276,1391.4,6,1546,GL0001,202409,B9,System,2/14/2026 16:10
1906,9/26/2024,9/26/2024,DOC001906,Invoice,2,1,3,2,,1,2,10992,1648.8,6,1832,GL0001,202409,B6,System,2/14/2026 16:10
1912,9/23/2024,9/23/2024,DOC001912,Invoice,1,1,1,6,,1,1,9558,1433.7,9,1062,GL0001,202409,B2,System,2/14/2026 16:10
1921,7/30/2024,7/30/2024,DOC001921,Invoice,3,1,3,13,,1,3,5856,878.4,10,585.6,GL0001,202407,B1,System,2/14/2026 16:10
1958,7/11/2024,7/11/2024,DOC001958,Invoice,4,1,1,39,,1,4,4648,697.2,7,664,GL0001,202407,B8,System,2/14/2026 16:10
1987,7/17/2024,7/17/2024,DOC001987,Invoice,5,1,2,40,,1,5,4918,737.7,9,546.4444444,GL0001,202407,B7,System,2/14/2026 16:10
2008,7/29/2024,7/29/2024,DOC002008,Invoice,2,1,3,22,,1,2,1390,208.5,1,1390,GL0001,202407,B8,System,2/14/2026 16:10
2016,9/22/2024,9/22/2024,DOC002016,Invoice,1,1,2,21,,1,1,6000,900,5,1200,GL0001,202409,B6,System,2/14/2026 16:10
2025,9/24/2024,9/24/2024,DOC002025,Invoice,2,1,2,22,,1,2,13983.5,2097.525,7,1997.642857,GL0001,202409,B5,System,2/14/2026 16:10
2031,9/6/2024,9/6/2024,DOC002031,Invoice,3,1,1,38,,1,3,10980,1647,10,1098,GL0001,202409,B1,System,2/14/2026 16:10
2039,8/5/2024,8/5/2024,DOC002039,Invoice,2,1,3,12,,1,2,1195.5,179.325,4,298.875,GL0001,202408,B9,System,2/14/2026 16:10
2043,8/23/2024,8/23/2024,DOC002043,Invoice,4,1,2,34,,1,4,3909,586.35,4,977.25,GL0001,202408,B3,System,2/14/2026 16:10
2046,9/1/2024,9/1/2024,DOC002046,Invoice,3,1,2,38,,1,3,2612.5,391.875,7,373.2142857,GL0001,202409,B6,System,2/14/2026 16:10
2050,9/15/2024,9/15/2024,DOC002050,Invoice,2,1,1,17,,1,2,9236,1385.4,5,1847.2,GL0001,202409,B0,System,2/14/2026 16:10
2053,7/19/2024,7/19/2024,DOC002053,Invoice,2,1,1,22,,1,2,4838.5,725.775,7,691.2142857,GL0001,202407,B3,System,2/14/2026 16:10
2062,7/10/2024,7/10/2024,DOC002062,Invoice,5,1,1,20,,1,5,1609,241.35,1,1609,GL0001,202407,B2,System,2/14/2026 16:10
2073,8/27/2024,8/27/2024,DOC002073,Invoice,1,1,1,16,,1,1,1582,237.3,7,226,GL0001,202408,B3,System,2/14/2026 16:10
2077,8/25/2024,8/25/2024,DOC002077,Invoice,1,1,1,26,,1,1,2218.5,332.775,2,1109.25,GL0001,202408,B7,System,2/14/2026 16:10
2082,7/16/2024,7/16/2024,DOC002082,Invoice,3,1,3,13,,1,3,12894,1934.1,7,1842,GL0001,202407,B2,System,2/14/2026 16:10
2085,8/23/2024,8/23/2024,DOC002085,Invoice,3,1,2,38,,1,3,9637.5,1445.625,9,1070.833333,GL0001,202408,B5,System,2/14/2026 16:10
2090,8/17/2024,8/17/2024,DOC002090,Invoice,5,1,2,5,,1,5,6144,921.6,8,768,GL0001,202408,B0,System,2/14/2026 16:10
2096,7/31/2024,7/31/2024,DOC002096,Invoice,5,1,1,35,,1,5,433,64.95,1,433,GL0001,202407,B6,System,2/14/2026 16:10
2099,9/22/2024,9/22/2024,DOC002099,Invoice,1,1,2,21,,1,1,3742.5,561.375,4,935.625,GL0001,202409,B9,System,2/14/2026 16:10
2106,7/20/2024,7/20/2024,DOC002106,Invoice,1,1,2,16,,1,1,5195,779.25,3,1731.666667,GL0001,202407,B6,System,2/14/2026 16:10
2115,8/30/2024,8/30/2024,DOC002115,Invoice,2,1,1,37,,1,2,2176,326.4,10,217.6,GL0001,202408,B5,System,2/14/2026 16:10
2119,7/31/2024,7/31/2024,DOC002119,Invoice,1,1,2,6,,1,1,5202,780.3,5,1040.4,GL0001,202407,B9,System,2/14/2026 16:10
2143,9/25/2024,9/25/2024,DOC002143,Invoice,1,1,1,26,,1,1,17136,2570.4,9,1904,GL0001,202409,B3,System,2/14/2026 16:10
2151,7/17/2024,7/17/2024,DOC002151,Invoice,5,1,3,40,,1,5,2190,328.5,5,438,GL0001,202407,B1,System,2/14/2026 16:10
2153,7/20/2024,7/20/2024,DOC002153,Invoice,5,1,1,5,,1,5,6500,975,5,1300,GL0001,202407,B3,System,2/14/2026 16:10
2154,9/10/2024,9/10/2024,DOC002154,Invoice,2,1,3,2,,1,2,10363.5,1554.525,6,1727.25,GL0001,202409,B4,System,2/14/2026 16:10
2165,9/21/2024,9/21/2024,DOC002165,Invoice,3,1,3,23,,1,3,9490,1423.5,9,1054.444444,GL0001,202409,B5,System,2/14/2026 16:10
2175,7/2/2024,7/2/2024,DOC002175,Invoice,5,1,2,10,,1,5,12629,1894.35,9,1403.222222,GL0001,202407,B5,System,2/14/2026 16:10
2194,8/11/2024,8/11/2024,DOC002194,Invoice,4,1,2,39,,1,4,14436,2165.4,9,1604,GL0001,202408,B4,System,2/14/2026 16:10
2202,9/11/2024,9/11/2024,DOC002202,Invoice,5,1,1,30,,1,5,2765,414.75,3,921.6666667,GL0001,202409,B2,System,2/14/2026 16:10
2203,8/11/2024,8/11/2024,DOC002203,Invoice,5,1,3,40,,1,5,1372.5,205.875,1,1372.5,GL0001,202408,B3,System,2/14/2026 16:10
2210,7/16/2024,7/16/2024,DOC002210,Invoice,5,1,2,10,,1,5,8462,1269.3,7,1208.857143,GL0001,202407,B0,System,2/14/2026 16:10
2211,8/3/2024,8/3/2024,DOC002211,Invoice,4,1,2,39,,1,4,3970,595.5,3,1323.333333,GL0001,202408,B1,System,2/14/2026 16:10
2220,9/26/2024,9/26/2024,DOC002220,Invoice,4,1,3,4,,1,4,4514,677.1,7,644.8571429,GL0001,202409,B0,System,2/14/2026 16:10
2223,9/20/2024,9/20/2024,DOC002223,Invoice,1,1,3,21,,1,1,9075.5,1361.325,8,1134.4375,GL0001,202409,B3,System,2/14/2026 16:10
2224,7/5/2024,7/5/2024,DOC002224,Invoice,3,1,1,18,,1,3,1222.5,183.375,2,611.25,GL0001,202407,B4,System,2/14/2026 16:10
2247,8/9/2024,8/9/2024,DOC002247,Invoice,4,1,1,4,,1,4,1091.5,163.725,2,545.75,GL0001,202408,B7,System,2/14/2026 16:10
2264,7/15/2024,7/15/2024,DOC002264,Invoice,3,1,3,18,,1,3,3514,527.1,6,585.6666667,GL0001,202407,B4,System,2/14/2026 16:10
2265,9/18/2024,9/18/2024,DOC002265,Invoice,4,1,2,14,,1,4,6474,971.1,5,1294.8,GL0001,202409,B5,System,2/14/2026 16:10
2267,8/29/2024,8/29/2024,DOC002267,Invoice,4,1,1,24,,1,4,11431.5,1714.725,6,1905.25,GL0001,202408,B7,System,2/14/2026 16:10
2271,9/8/2024,9/8/2024,DOC002271,Invoice,4,1,3,4,,1,4,10080,1512,6,1680,GL0001,202409,B1,System,2/14/2026 16:10
2283,9/17/2024,9/17/2024,DOC002283,Invoice,3,1,3,33,,1,3,1793.5,269.025,1,1793.5,GL0001,202409,B3,System,2/14/2026 16:10
2293,8/26/2024,8/26/2024,DOC002293,Invoice,1,1,3,6,,1,1,11971.5,1795.725,8,1496.4375,GL0001,202408,B3,System,2/14/2026 16:10
2296,8/29/2024,8/29/2024,DOC002296,Invoice,3,1,2,18,,1,3,5160,774,4,1290,GL0001,202408,B6,System,2/14/2026 16:10
2297,9/11/2024,9/11/2024,DOC002297,Invoice,2,1,3,2,,1,2,10968,1645.2,7,1566.857143,GL0001,202409,B7,System,2/14/2026 16:10
2308,7/14/2024,7/14/2024,DOC002308,Invoice,3,1,1,33,,1,3,1165,174.75,1,1165,GL0001,202407,B8,System,2/14/2026 16:10
2311,9/3/2024,9/3/2024,DOC002311,Invoice,5,1,1,30,,1,5,1395,209.25,1,1395,GL0001,202409,B1,System,2/14/2026 16:10
2316,9/19/2024,9/19/2024,DOC002316,Invoice,1,1,2,1,,1,1,3838,575.7,6,639.6666667,GL0001,202409,B6,System,2/14/2026 16:10
2327,8/30/2024,8/30/2024,DOC002327,Invoice,1,1,1,36,,1,1,2418,362.7,3,806,GL0001,202408,B7,System,2/14/2026 16:10
2328,8/7/2024,8/7/2024,DOC002328,Invoice,1,1,2,21,,1,1,16247,2437.05,9,1805.222222,GL0001,202408,B8,System,2/14/2026 16:10
2329,9/1/2024,9/1/2024,DOC002329,Invoice,2,1,1,32,,1,2,2162.5,324.375,2,1081.25,GL0001,202409,B9,System,2/14/2026 16:10
2339,7/29/2024,7/29/2024,DOC002339,Invoice,1,1,3,16,,1,1,3731.5,559.725,8,466.4375,GL0001,202407,B9,System,2/14/2026 16:10
2341,9/14/2024,9/14/2024,DOC002341,Invoice,3,1,2,28,,1,3,5094,764.1,5,1018.8,GL0001,202409,B1,System,2/14/2026 16:10
2352,9/22/2024,9/22/2024,DOC002352,Invoice,1,1,1,26,,1,1,3431.5,514.725,2,1715.75,GL0001,202409,B2,System,2/14/2026 16:10
2359,7/6/2024,7/6/2024,DOC002359,Invoice,4,1,3,24,,1,4,5110.5,766.575,8,638.8125,GL0001,202407,B9,System,2/14/2026 16:10
2363,8/8/2024,8/8/2024,DOC002363,Invoice,3,1,2,23,,1,3,8884.5,1332.675,7,1269.214286,GL0001,202408,B3,System,2/14/2026 16:10
2364,7/25/2024,7/25/2024,DOC002364,Invoice,3,1,3,33,,1,3,3640,546,2,1820,GL0001,202407,B4,System,2/14/2026 16:10
2377,8/26/2024,8/26/2024,DOC002377,Invoice,4,1,3,29,,1,4,7916.5,1187.475,9,879.6111111,GL0001,202408,B7,System,2/14/2026 16:10
2388,9/4/2024,9/4/2024,DOC002388,Invoice,2,1,3,7,,1,2,2938,440.7,2,1469,GL0001,202409,B8,System,2/14/2026 16:10
2389,8/26/2024,8/26/2024,DOC002389,Invoice,5,1,1,30,,1,5,9283.5,1392.525,8,1160.4375,GL0001,202408,B9,System,2/14/2026 16:10
2390,8/19/2024,8/19/2024,DOC002390,Invoice,1,1,1,31,,1,1,1963.5,294.525,2,981.75,GL0001,202408,B0,System,2/14/2026 16:10
2394,9/9/2024,9/9/2024,DOC002394,Invoice,1,1,2,26,,1,1,6660,999,9,740,GL0001,202409,B4,System,2/14/2026 16:10
2395,9/24/2024,9/24/2024,DOC002395,Invoice,4,1,3,14,,1,4,3044,456.6,5,608.8,GL0001,202409,B5,System,2/14/2026 16:10
2412,7/22/2024,7/22/2024,DOC002412,Invoice,2,1,1,2,,1,2,7915.5,1187.325,6,1319.25,GL0001,202407,B2,System,2/14/2026 16:10
2419,9/18/2024,9/18/2024,DOC002419,Invoice,5,1,3,20,,1,5,5933,889.95,3,1977.666667,GL0001,202409,B9,System,2/14/2026 16:10
2423,8/1/2024,8/1/2024,DOC002423,Invoice,2,1,3,32,,1,2,1972,295.8,1,1972,GL0001,202408,B3,System,2/14/2026 16:10
2431,8/7/2024,8/7/2024,DOC002431,Invoice,5,1,3,35,,1,5,12286.5,1842.975,7,1755.214286,GL0001,202408,B1,System,2/14/2026 16:10
2446,7/19/2024,7/19/2024,DOC002446,Invoice,4,1,3,9,,1,4,5287.5,793.125,6,881.25,GL0001,202407,B6,System,2/14/2026 16:10
2448,9/24/2024,9/24/2024,DOC002448,Invoice,4,1,2,29,,1,4,4840,726,10,484,GL0001,202409,B8,System,2/14/2026 16:10
2476,8/3/2024,8/3/2024,DOC002476,Invoice,1,1,2,11,,1,1,5978.5,896.775,6,996.4166667,GL0001,202408,B6,System,2/14/2026 16:10
2485,7/13/2024,7/13/2024,DOC002485,Invoice,2,1,2,32,,1,2,5123,768.45,3,1707.666667,GL0001,202407,B5,System,2/14/2026 16:10
2490,9/4/2024,9/4/2024,DOC002490,Invoice,1,1,3,36,,1,1,3108,466.2,10,310.8,GL0001,202409,B0,System,2/14/2026 16:10
2518,7/7/2024,7/7/2024,DOC002518,Invoice,4,1,1,19,,1,4,10284.5,1542.675,7,1469.214286,GL0001,202407,B8,System,2/14/2026 16:10
2521,9/17/2024,9/17/2024,DOC002521,Invoice,2,1,1,17,,1,2,11856,1778.4,10,1185.6,GL0001,202409,B1,System,2/14/2026 16:10
2551,8/8/2024,8/8/2024,DOC002551,Invoice,1,1,3,16,,1,1,5264,789.6,5,1052.8,GL0001,202408,B1,System,2/14/2026 16:10
2575,7/18/2024,7/18/2024,DOC002575,Invoice,1,1,1,11,,1,1,910,136.5,1,910,GL0001,202407,B5,System,2/14/2026 16:10
2578,9/2/2024,9/2/2024,DOC002578,Invoice,4,1,1,14,,1,4,8527.5,1279.125,6,1421.25,GL0001,202409,B8,System,2/14/2026 16:10
2582,8/6/2024,8/6/2024,DOC002582,Invoice,1,1,1,6,,1,1,12230.5,1834.575,7,1747.214286,GL0001,202408,B2,System,2/14/2026 16:10
2584,8/22/2024,8/22/2024,DOC002584,Invoice,2,1,2,17,,1,2,13132,1969.8,10,1313.2,GL0001,202408,B4,System,2/14/2026 16:10
2598,7/8/2024,7/8/2024,DOC002598,Invoice,2,1,1,32,,1,2,8131.5,1219.725,6,1355.25,GL0001,202407,B8,System,2/14/2026 16:10
2606,9/24/2024,9/24/2024,DOC002606,Invoice,2,1,3,7,,1,2,1494,224.1,2,747,GL0001,202409,B6,System,2/14/2026 16:10
2607,9/28/2024,9/28/2024,DOC002607,Invoice,4,1,1,4,,1,4,2408,361.2,10,240.8,GL0001,202409,B7,System,2/14/2026 16:10
2615,7/26/2024,7/26/2024,DOC002615,Invoice,2,1,2,7,,1,2,11962,1794.3,8,1495.25,GL0001,202407,B5,System,2/14/2026 16:10
2628,8/16/2024,8/16/2024,DOC002628,Invoice,5,1,1,15,,1,5,1526.5,228.975,3,508.8333333,GL0001,202408,B8,System,2/14/2026 16:10
2630,9/21/2024,9/21/2024,DOC002630,Invoice,3,1,3,33,,1,3,3176,476.4,10,317.6,GL0001,202409,B0,System,2/14/2026 16:10
2632,9/10/2024,9/10/2024,DOC002632,Invoice,3,1,3,3,,1,3,8903,1335.45,9,989.2222222,GL0001,202409,B2,System,2/14/2026 16:10
2641,8/13/2024,8/13/2024,DOC002641,Invoice,5,1,1,25,,1,5,15932,2389.8,10,1593.2,GL0001,202408,B1,System,2/14/2026 16:10
2644,9/16/2024,9/16/2024,DOC002644,Invoice,4,1,3,19,,1,4,13492,2023.8,10,1349.2,GL0001,202409,B4,System,2/14/2026 16:10
2645,8/3/2024,8/3/2024,DOC002645,Invoice,5,1,3,10,,1,5,17564.5,2634.675,9,1951.611111,GL0001,202408,B5,System,2/14/2026 16:10
2648,8/9/2024,8/9/2024,DOC002648,Invoice,4,1,3,4,,1,4,1922.5,288.375,6,320.4166667,GL0001,202408,B8,System,2/14/2026 16:10
2668,8/20/2024,8/20/2024,DOC002668,Invoice,5,1,1,5,,1,5,936,140.4,4,234,GL0001,202408,B8,System,2/14/2026 16:10
2676,9/7/2024,9/7/2024,DOC002676,Invoice,2,1,3,17,,1,2,8124,1218.6,10,812.4,GL0001,202409,B6,System,2/14/2026 16:10
2688,7/6/2024,7/6/2024,DOC002688,Invoice,3,1,3,33,,1,3,8486,1272.9,5,1697.2,GL0001,202407,B8,System,2/14/2026 16:10
2697,7/23/2024,7/23/2024,DOC002697,Invoice,2,1,2,7,,1,2,1910,286.5,5,382,GL0001,202407,B7,System,2/14/2026 16:10
2701,7/17/2024,7/17/2024,DOC002701,Invoice,5,1,1,25,,1,5,871.5,130.725,2,435.75,GL0001,202407,B1,System,2/14/2026 16:10
2705,9/20/2024,9/20/2024,DOC002705,Invoice,3,1,1,28,,1,3,449,67.35,1,449,GL0001,202409,B5,System,2/14/2026 16:10
2716,8/9/2024,8/9/2024,DOC002716,Invoice,5,1,2,5,,1,5,2824,423.6,4,706,GL0001,202408,B6,System,2/14/2026 16:10
2721,8/7/2024,8/7/2024,DOC002721,Invoice,3,1,1,18,,1,3,1929,289.35,1,1929,GL0001,202408,B1,System,2/14/2026 16:10
2727,7/17/2024,7/17/2024,DOC002727,Invoice,2,1,3,17,,1,2,568,85.2,1,568,GL0001,202407,B7,System,2/14/2026 16:10
2738,7/21/2024,7/21/2024,DOC002738,Invoice,1,1,1,31,,1,1,9414,1412.1,9,1046,GL0001,202407,B8,System,2/14/2026 16:10
2739,8/7/2024,8/7/2024,DOC002739,Invoice,1,1,3,16,,1,1,320.5,48.075,1,320.5,GL0001,202408,B9,System,2/14/2026 16:10
2740,8/31/2024,8/31/2024,DOC002740,Invoice,4,1,1,39,,1,4,6132,919.8,7,876,GL0001,202408,B0,System,2/14/2026 16:10
2751,8/22/2024,8/22/2024,DOC002751,Invoice,3,1,3,23,,1,3,2601.5,390.225,7,371.6428571,GL0001,202408,B1,System,2/14/2026 16:10
2763,7/15/2024,7/15/2024,DOC002763,Invoice,5,1,2,25,,1,5,13482,2022.3,7,1926,GL0001,202407,B3,System,2/14/2026 16:10
2771,7/1/2024,7/1/2024,DOC002771,Invoice,2,1,3,12,,1,2,848,127.2,2,424,GL0001,202407,B1,System,2/14/2026 16:10
2780,7/18/2024,7/18/2024,DOC002780,Invoice,1,1,3,16,,1,1,8921,1338.15,9,991.2222222,GL0001,202407,B0,System,2/14/2026 16:10
2782,9/25/2024,9/25/2024,DOC002782,Invoice,4,1,2,24,,1,4,4423.5,663.525,3,1474.5,GL0001,202409,B2,System,2/14/2026 16:10
2786,9/22/2024,9/22/2024,DOC002786,Invoice,1,1,2,31,,1,1,3974.5,596.175,3,1324.833333,GL0001,202409,B6,System,2/14/2026 16:10
2791,9/24/2024,9/24/2024,DOC002791,Invoice,5,1,3,10,,1,5,2530,379.5,3,843.3333333,GL0001,202409,B1,System,2/14/2026 16:10
2796,7/3/2024,7/3/2024,DOC002796,Invoice,3,1,2,23,,1,3,9300,1395,10,930,GL0001,202407,B6,System,2/14/2026 16:10
2800,7/5/2024,7/5/2024,DOC002800,Invoice,3,1,2,33,,1,3,14156,2123.4,10,1415.6,GL0001,202407,B0,System,2/14/2026 16:10
2808,7/29/2024,7/29/2024,DOC002808,Invoice,4,1,2,14,,1,4,750,112.5,2,375,GL0001,202407,B8,System,2/14/2026 16:10
2810,7/29/2024,7/29/2024,DOC002810,Invoice,1,1,2,36,,1,1,3814,572.1,6,635.6666667,GL0001,202407,B0,System,2/14/2026 16:10
2811,8/13/2024,8/13/2024,DOC002811,Invoice,3,1,1,13,,1,3,6288,943.2,5,1257.6,GL0001,202408,B1,System,2/14/2026 16:10
2812,7/26/2024,7/26/2024,DOC002812,Invoice,2,1,2,12,,1,2,2608,391.2,10,260.8,GL0001,202407,B2,System,2/14/2026 16:10
2826,7/27/2024,7/27/2024,DOC002826,Invoice,3,1,2,8,,1,3,295.5,44.325,1,295.5,GL0001,202407,B6,System,2/14/2026 16:10
2837,8/3/2024,8/3/2024,DOC002837,Invoice,2,1,2,7,,1,2,3022.5,453.375,4,755.625,GL0001,202408,B7,System,2/14/2026 16:10
2839,7/4/2024,7/4/2024,DOC002839,Invoice,5,1,1,30,,1,5,15314.5,2297.175,9,1701.611111,GL0001,202407,B9,System,2/14/2026 16:10
2854,8/10/2024,8/10/2024,DOC002854,Invoice,3,1,2,23,,1,3,14630.5,2194.575,8,1828.8125,GL0001,202408,B4,System,2/14/2026 16:10
2862,9/6/2024,9/6/2024,DOC002862,Invoice,2,1,1,27,,1,2,2171.5,325.725,2,1085.75,GL0001,202409,B2,System,2/14/2026 16:10
2871,9/28/2024,9/28/2024,DOC002871,Invoice,2,1,3,32,,1,2,3332,499.8,10,333.2,GL0001,202409,B1,System,2/14/2026 16:10
2878,7/7/2024,7/7/2024,DOC002878,Invoice,1,1,3,16,,1,1,14888,2233.2,10,1488.8,GL0001,202407,B8,System,2/14/2026 16:10
2884,8/25/2024,8/25/2024,DOC002884,Invoice,4,1,3,9,,1,4,10489,1573.35,7,1498.428571,GL0001,202408,B4,System,2/14/2026 16:10
2891,8/21/2024,8/21/2024,DOC002891,Invoice,1,1,2,6,,1,1,4288,643.2,10,428.8,GL0001,202408,B1,System,2/14/2026 16:10
2894,9/24/2024,9/24/2024,DOC002894,Invoice,2,1,1,12,,1,2,972,145.8,1,972,GL0001,202409,B4,System,2/14/2026 16:10
2904,7/20/2024,7/20/2024,DOC002904,Invoice,5,1,1,40,,1,5,3603.5,540.525,4,900.875,GL0001,202407,B4,System,2/14/2026 16:10
2906,9/1/2024,9/1/2024,DOC002906,Invoice,1,1,1,11,,1,1,15112,2266.8,10,1511.2,GL0001,202409,B6,System,2/14/2026 16:10
2911,8/11/2024,8/11/2024,DOC002911,Invoice,1,1,2,31,,1,1,9304,1395.6,5,1860.8,GL0001,202408,B1,System,2/14/2026 16:10
2918,7/18/2024,7/18/2024,DOC002918,Invoice,2,1,1,32,,1,2,4797,719.55,4,1199.25,GL0001,202407,B8,System,2/14/2026 16:10
2919,7/26/2024,7/26/2024,DOC002919,Invoice,2,1,3,22,,1,2,1258.5,188.775,1,1258.5,GL0001,202407,B9,System,2/14/2026 16:10
2931,8/31/2024,8/31/2024,DOC002931,Invoice,1,1,3,16,,1,1,2249,337.35,3,749.6666667,GL0001,202408,B1,System,2/14/2026 16:10
2939,7/6/2024,7/6/2024,DOC002939,Invoice,4,1,3,4,,1,4,16496,2474.4,10,1649.6,GL0001,202407,B9,System,2/14/2026 16:10
2944,8/16/2024,8/16/2024,DOC002944,Invoice,5,1,2,10,,1,5,7391,1108.65,9,821.2222222,GL0001,202408,B4,System,2/14/2026 16:10
2945,8/21/2024,8/21/2024,DOC002945,Invoice,4,1,3,14,,1,4,778,116.7,3,259.3333333,GL0001,202408,B5,System,2/14/2026 16:10
2959,9/4/2024,9/4/2024,DOC002959,Invoice,1,1,2,21,,1,1,3342,501.3,2,1671,GL0001,202409,B9,System,2/14/2026 16:10
2968,7/13/2024,7/13/2024,DOC002968,Invoice,2,1,3,32,,1,2,5063,759.45,3,1687.666667,GL0001,202407,B8,System,2/14/2026 16:10
2972,7/30/2024,7/30/2024,DOC002972,Invoice,4,1,3,19,,1,4,4888,733.2,3,1629.333333,GL0001,202407,B2,System,2/14/2026 16:10
2979,8/29/2024,8/29/2024,DOC002979,Invoice,4,1,3,39,,1,4,2553,382.95,2,1276.5,GL0001,202408,B9,System,2/14/2026 16:10
2980,8/6/2024,8/6/2024,DOC002980,Invoice,3,1,3,33,,1,3,8302,1245.3,7,1186,GL0001,202408,B0,System,2/14/2026 16:10
2985,7/11/2024,7/11/2024,DOC002985,Invoice,1,1,3,11,,1,1,7440,1116,7,1062.857143,GL0001,202407,B5,System,2/14/2026 16:10
2987,7/8/2024,7/8/2024,DOC002987,Invoice,2,1,3,32,,1,2,15130,2269.5,8,1891.25,GL0001,202407,B7,System,2/14/2026 16:10
3002,8/25/2024,8/25/2024,DOC003002,Invoice,1,1,1,31,,1,1,845.5,126.825,1,845.5,GL0001,202408,B2,System,2/14/2026 16:10
3006,8/26/2024,8/26/2024,DOC003006,Invoice,2,1,2,32,,1,2,1359.5,203.925,2,679.75,GL0001,202408,B6,System,2/14/2026 16:10
3013,8/31/2024,8/31/2024,DOC003013,Invoice,1,1,3,21,,1,1,12287,1843.05,9,1365.222222,GL0001,202408,B3,System,2/14/2026 16:10
3015,8/5/2024,8/5/2024,DOC003015,Invoice,1,1,2,11,,1,1,1591.5,238.725,6,265.25,GL0001,202408,B5,System,2/14/2026 16:10
3020,7/23/2024,7/23/2024,DOC003020,Invoice,4,1,3,9,,1,4,13590.5,2038.575,8,1698.8125,GL0001,202407,B0,System,2/14/2026 16:10
3027,8/28/2024,8/28/2024,DOC003027,Invoice,1,1,3,1,,1,1,14685,2202.75,8,1835.625,GL0001,202408,B7,System,2/14/2026 16:10
3044,9/1/2024,9/1/2024,DOC003044,Invoice,5,1,3,30,,1,5,910,136.5,2,455,GL0001,202409,B4,System,2/14/2026 16:10
3062,9/22/2024,9/22/2024,DOC003062,Invoice,3,1,2,38,,1,3,5238,785.7,5,1047.6,GL0001,202409,B2,System,2/14/2026 16:10
3067,9/20/2024,9/20/2024,DOC003067,Invoice,5,1,1,10,,1,5,12236,1835.4,10,1223.6,GL0001,202409,B7,System,2/14/2026 16:10
3068,9/18/2024,9/18/2024,DOC003068,Invoice,2,1,3,2,,1,2,11206,1680.9,6,1867.666667,GL0001,202409,B8,System,2/14/2026 16:10
3073,7/20/2024,7/20/2024,DOC003073,Invoice,5,1,1,5,,1,5,19940,2991,10,1994,GL0001,202407,B3,System,2/14/2026 16:10
3078,7/24/2024,7/24/2024,DOC003078,Invoice,5,1,2,35,,1,5,15776,2366.4,8,1972,GL0001,202407,B8,System,2/14/2026 16:10
3094,8/12/2024,8/12/2024,DOC003094,Invoice,1,1,3,16,,1,1,4259.5,638.925,8,532.4375,GL0001,202408,B4,System,2/14/2026 16:10
3108,9/9/2024,9/9/2024,DOC003108,Invoice,4,1,3,24,,1,4,3086.5,462.975,6,514.4166667,GL0001,202409,B8,System,2/14/2026 16:10
3109,8/15/2024,8/15/2024,DOC003109,Invoice,2,1,1,37,,1,2,2536,380.4,5,507.2,GL0001,202408,B9,System,2/14/2026 16:10
3110,7/1/2024,7/1/2024,DOC003110,Invoice,3,1,1,3,,1,3,4643.5,696.525,4,1160.875,GL0001,202407,B0,System,2/14/2026 16:10
3130,9/17/2024,9/17/2024,DOC003130,Invoice,1,1,1,6,,1,1,4308,646.2,6,718,GL0001,202409,B0,System,2/14/2026 16:10
3139,7/15/2024,7/15/2024,DOC003139,Invoice,5,1,2,25,,1,5,1944.5,291.675,1,1944.5,GL0001,202407,B9,System,2/14/2026 16:10
3141,7/30/2024,7/30/2024,DOC003141,Invoice,4,1,3,19,,1,4,5803.5,870.525,3,1934.5,GL0001,202407,B1,System,2/14/2026 16:10
3159,9/13/2024,9/13/2024,DOC003159,Invoice,4,1,2,29,,1,4,3094,464.1,2,1547,GL0001,202409,B9,System,2/14/2026 16:10
3160,8/29/2024,8/29/2024,DOC003160,Invoice,4,1,1,19,,1,4,2058,308.7,5,411.6,GL0001,202408,B0,System,2/14/2026 16:10
3161,8/11/2024,8/11/2024,DOC003161,Invoice,1,1,3,21,,1,1,2072,310.8,7,296,GL0001,202408,B1,System,2/14/2026 16:10
3164,7/19/2024,7/19/2024,DOC003164,Invoice,1,1,2,21,,1,1,6658,998.7,6,1109.666667,GL0001,202407,B4,System,2/14/2026 16:10
3173,7/19/2024,7/19/2024,DOC003173,Invoice,5,1,3,15,,1,5,4883,732.45,3,1627.666667,GL0001,202407,B3,System,2/14/2026 16:10
3174,7/23/2024,7/23/2024,DOC003174,Invoice,2,1,2,37,,1,2,2120.5,318.075,9,235.6111111,GL0001,202407,B4,System,2/14/2026 16:10
3178,8/27/2024,8/27/2024,DOC003178,Invoice,1,1,1,36,,1,1,2081,312.15,9,231.2222222,GL0001,202408,B8,System,2/14/2026 16:10
3182,7/8/2024,7/8/2024,DOC003182,Invoice,5,1,2,5,,1,5,1989,298.35,2,994.5,GL0001,202407,B2,System,2/14/2026 16:10
3186,9/17/2024,9/17/2024,DOC003186,Invoice,5,1,3,20,,1,5,3920,588,8,490,GL0001,202409,B6,System,2/14/2026 16:10
3188,9/28/2024,9/28/2024,DOC003188,Invoice,2,1,2,27,,1,2,9320,1398,10,932,GL0001,202409,B8,System,2/14/2026 16:10
3189,7/1/2024,7/1/2024,DOC003189,Invoice,3,1,3,23,,1,3,11528,1729.2,10,1152.8,GL0001,202407,B9,System,2/14/2026 16:10
3195,7/7/2024,7/7/2024,DOC003195,Invoice,3,1,1,13,,1,3,10790.5,1618.575,6,1798.416667,GL0001,202407,B5,System,2/14/2026 16:10
3204,7/24/2024,7/24/2024,DOC003204,Invoice,4,1,1,19,,1,4,1585.5,237.825,3,528.5,GL0001,202407,B4,System,2/14/2026 16:10
3208,8/3/2024,8/3/2024,DOC003208,Invoice,2,1,1,7,,1,2,10538.5,1580.775,6,1756.416667,GL0001,202408,B8,System,2/14/2026 16:10
3218,9/20/2024,9/20/2024,DOC003218,Invoice,3,1,1,3,,1,3,4871,730.65,3,1623.666667,GL0001,202409,B8,System,2/14/2026 16:10
3219,8/16/2024,8/16/2024,DOC003219,Invoice,3,1,1,33,,1,3,14897,2234.55,9,1655.222222,GL0001,202408,B9,System,2/14/2026 16:10
3220,8/30/2024,8/30/2024,DOC003220,Invoice,5,1,1,20,,1,5,7362,1104.3,9,818,GL0001,202408,B0,System,2/14/2026 16:10
3227,9/22/2024,9/22/2024,DOC003227,Invoice,1,1,3,31,,1,1,1048,157.2,1,1048,GL0001,202409,B7,System,2/14/2026 16:10
3236,7/15/2024,7/15/2024,DOC003236,Invoice,2,1,3,32,,1,2,387.5,58.125,1,387.5,GL0001,202407,B6,System,2/14/2026 16:10
3241,7/7/2024,7/7/2024,DOC003241,Invoice,3,1,1,33,,1,3,4544,681.6,5,908.8,GL0001,202407,B1,System,2/14/2026 16:10
3254,7/28/2024,7/28/2024,DOC003254,Invoice,1,1,3,26,,1,1,10637,1595.55,6,1772.833333,GL0001,202407,B4,System,2/14/2026 16:10
3263,9/22/2024,9/22/2024,DOC003263,Invoice,1,1,3,16,,1,1,2426,363.9,8,303.25,GL0001,202409,B3,System,2/14/2026 16:10
3274,7/12/2024,7/12/2024,DOC003274,Invoice,3,1,1,33,,1,3,4320,648,9,480,GL0001,202407,B4,System,2/14/2026 16:10
3277,7/5/2024,7/5/2024,DOC003277,Invoice,5,1,1,10,,1,5,15790,2368.5,9,1754.444444,GL0001,202407,B7,System,2/14/2026 16:10
3284,9/9/2024,9/9/2024,DOC003284,Invoice,5,1,3,10,,1,5,2298,344.7,2,1149,GL0001,202409,B4,System,2/14/2026 16:10
3292,7/7/2024,7/7/2024,DOC003292,Invoice,2,1,3,12,,1,2,3926.5,588.975,8,490.8125,GL0001,202407,B2,System,2/14/2026 16:10
3299,9/20/2024,9/20/2024,DOC003299,Invoice,1,1,2,11,,1,1,2958,443.7,2,1479,GL0001,202409,B9,System,2/14/2026 16:10
3311,7/31/2024,7/31/2024,DOC003311,Invoice,4,1,3,39,,1,4,14596,2189.4,10,1459.6,GL0001,202407,B1,System,2/14/2026 16:10
3314,7/23/2024,7/23/2024,DOC003314,Invoice,2,1,3,32,,1,2,2827.5,424.125,4,706.875,GL0001,202407,B4,System,2/14/2026 16:10
3335,8/6/2024,8/6/2024,DOC003335,Invoice,3,1,1,28,,1,3,3124,468.6,2,1562,GL0001,202408,B5,System,2/14/2026 16:10
3339,9/23/2024,9/23/2024,DOC003339,Invoice,2,1,1,17,,1,2,15640,2346,10,1564,GL0001,202409,B9,System,2/14/2026 16:10
3344,7/8/2024,7/8/2024,DOC003344,Invoice,4,1,3,14,,1,4,3223.5,483.525,3,1074.5,GL0001,202407,B4,System,2/14/2026 16:10
3345,7/30/2024,7/30/2024,DOC003345,Invoice,2,1,1,12,,1,2,6632,994.8,5,1326.4,GL0001,202407,B5,System,2/14/2026 16:10
3359,7/2/2024,7/2/2024,DOC003359,Invoice,3,1,3,13,,1,3,495.5,74.325,1,495.5,GL0001,202407,B9,System,2/14/2026 16:10
3395,8/12/2024,8/12/2024,DOC003395,Invoice,5,1,2,20,,1,5,2840.5,426.075,9,315.6111111,GL0001,202408,B5,System,2/14/2026 16:10
3401,8/11/2024,8/11/2024,DOC003401,Invoice,2,1,3,7,,1,2,2632,394.8,2,1316,GL0001,202408,B1,System,2/14/2026 16:10
3410,9/7/2024,9/7/2024,DOC003410,Invoice,3,1,3,3,,1,3,17672,2650.8,10,1767.2,GL0001,202409,B0,System,2/14/2026 16:10
3427,8/9/2024,8/9/2024,DOC003427,Invoice,5,1,3,30,,1,5,6944,1041.6,4,1736,GL0001,202408,B7,System,2/14/2026 16:10
3440,8/25/2024,8/25/2024,DOC003440,Invoice,1,1,3,16,,1,1,15456,2318.4,8,1932,GL0001,202408,B0,System,2/14/2026 16:10
3454,7/17/2024,7/17/2024,DOC003454,Invoice,4,1,3,24,,1,4,1045.5,156.825,3,348.5,GL0001,202407,B4,System,2/14/2026 16:10
3460,8/25/2024,8/25/2024,DOC003460,Invoice,4,1,3,34,,1,4,16535,2480.25,9,1837.222222,GL0001,202408,B0,System,2/14/2026 16:10
3475,8/6/2024,8/6/2024,DOC003475,Invoice,3,1,2,3,,1,3,1294,194.1,1,1294,GL0001,202408,B5,System,2/14/2026 16:10
3479,8/26/2024,8/26/2024,DOC003479,Invoice,4,1,3,24,,1,4,6408,961.2,5,1281.6,GL0001,202408,B9,System,2/14/2026 16:10
3482,8/13/2024,8/13/2024,DOC003482,Invoice,4,1,1,4,,1,4,7280,1092,8,910,GL0001,202408,B2,System,2/14/2026 16:10
3495,7/13/2024,7/13/2024,DOC003495,Invoice,3,1,2,8,,1,3,3798,569.7,3,1266,GL0001,202407,B5,System,2/14/2026 16:10
3507,8/11/2024,8/11/2024,DOC003507,Invoice,1,1,1,21,,1,1,14452,2167.8,10,1445.2,GL0001,202408,B7,System,2/14/2026 16:10
3517,8/7/2024,8/7/2024,DOC003517,Invoice,1,1,3,31,,1,1,16988,2548.2,10,1698.8,GL0001,202408,B7,System,2/14/2026 16:10
3523,9/9/2024,9/9/2024,DOC003523,Invoice,4,1,2,34,,1,4,4115,617.25,3,1371.666667,GL0001,202409,B3,System,2/14/2026 16:10
3535,8/18/2024,8/18/2024,DOC003535,Invoice,5,1,3,25,,1,5,16841,2526.15,9,1871.222222,GL0001,202408,B5,System,2/14/2026 16:10
3536,8/21/2024,8/21/2024,DOC003536,Invoice,1,1,3,31,,1,1,17840,2676,10,1784,GL0001,202408,B6,System,2/14/2026 16:10
3539,9/20/2024,9/20/2024,DOC003539,Invoice,1,1,3,1,,1,1,6396,959.4,10,639.6,GL0001,202409,B9,System,2/14/2026 16:10
3558,8/29/2024,8/29/2024,DOC003558,Invoice,1,1,2,6,,1,1,13278,1991.7,7,1896.857143,GL0001,202408,B8,System,2/14/2026 16:10
3562,7/8/2024,7/8/2024,DOC003562,Invoice,2,1,1,12,,1,2,2942,441.3,5,588.4,GL0001,202407,B2,System,2/14/2026 16:10
3587,9/12/2024,9/12/2024,DOC003587,Invoice,1,1,1,36,,1,1,7262.5,1089.375,6,1210.416667,GL0001,202409,B7,System,2/14/2026 16:10
3599,9/10/2024,9/10/2024,DOC003599,Invoice,4,1,2,39,,1,4,1997,299.55,8,249.625,GL0001,202409,B9,System,2/14/2026 16:10
3604,9/11/2024,9/11/2024,DOC003604,Invoice,3,1,2,23,,1,3,6774.5,1016.175,4,1693.625,GL0001,202409,B4,System,2/14/2026 16:10
3607,8/30/2024,8/30/2024,DOC003607,Invoice,3,1,2,13,,1,3,6854.5,1028.175,8,856.8125,GL0001,202408,B7,System,2/14/2026 16:10
3623,9/22/2024,9/22/2024,DOC003623,Invoice,2,1,3,27,,1,2,3317,497.55,2,1658.5,GL0001,202409,B3,System,2/14/2026 16:10
3624,8/10/2024,8/10/2024,DOC003624,Invoice,1,1,2,31,,1,1,3777,566.55,2,1888.5,GL0001,202408,B4,System,2/14/2026 16:10
3626,9/15/2024,9/15/2024,DOC003626,Invoice,4,1,2,4,,1,4,12946,1941.9,9,1438.444444,GL0001,202409,B6,System,2/14/2026 16:10
3631,7/14/2024,7/14/2024,DOC003631,Invoice,4,1,2,24,,1,4,3098,464.7,4,774.5,GL0001,202407,B1,System,2/14/2026 16:10
3638,7/11/2024,7/11/2024,DOC003638,Invoice,4,1,1,24,,1,4,16152,2422.8,10,1615.2,GL0001,202407,B8,System,2/14/2026 16:10
3641,8/8/2024,8/8/2024,DOC003641,Invoice,5,1,2,30,,1,5,9130,1369.5,6,1521.666667,GL0001,202408,B1,System,2/14/2026 16:10
3667,9/20/2024,9/20/2024,DOC003667,Invoice,5,1,3,10,,1,5,2782,417.3,2,1391,GL0001,202409,B7,System,2/14/2026 16:10
3674,7/6/2024,7/6/2024,DOC003674,Invoice,5,1,1,25,,1,5,8592,1288.8,6,1432,GL0001,202407,B4,System,2/14/2026 16:10
3685,7/8/2024,7/8/2024,DOC003685,Invoice,1,1,3,11,,1,1,354,53.1,1,354,GL0001,202407,B5,System,2/14/2026 16:10
3697,8/3/2024,8/3/2024,DOC003697,Invoice,4,1,1,19,,1,4,3030,454.5,7,432.8571429,GL0001,202408,B7,System,2/14/2026 16:10
3710,7/27/2024,7/27/2024,DOC003710,Invoice,2,1,1,37,,1,2,10536,1580.4,6,1756,GL0001,202407,B0,System,2/14/2026 16:10
3737,8/16/2024,8/16/2024,DOC003737,Invoice,5,1,2,15,,1,5,2268,340.2,3,756,GL0001,202408,B7,System,2/14/2026 16:10
3770,9/15/2024,9/15/2024,DOC003770,Invoice,3,1,1,13,,1,3,2160,324,10,216,GL0001,202409,B0,System,2/14/2026 16:10
3771,8/17/2024,8/17/2024,DOC003771,Invoice,3,1,2,18,,1,3,5825,873.75,9,647.2222222,GL0001,202408,B1,System,2/14/2026 16:10
3780,7/11/2024,7/11/2024,DOC003780,Invoice,2,1,3,22,,1,2,1437,215.55,1,1437,GL0001,202407,B0,System,2/14/2026 16:10
3788,7/18/2024,7/18/2024,DOC003788,Invoice,2,1,1,37,,1,2,3830.5,574.575,6,638.4166667,GL0001,202407,B8,System,2/14/2026 16:10
3811,7/25/2024,7/25/2024,DOC003811,Invoice,2,1,1,2,,1,2,6478,971.7,6,1079.666667,GL0001,202407,B1,System,2/14/2026 16:10
3823,8/26/2024,8/26/2024,DOC003823,Invoice,3,1,2,28,,1,3,1082,162.3,4,270.5,GL0001,202408,B3,System,2/14/2026 16:10
3826,8/19/2024,8/19/2024,DOC003826,Invoice,1,1,2,36,,1,1,2938,440.7,8,367.25,GL0001,202408,B6,System,2/14/2026 16:10
3844,7/17/2024,7/17/2024,DOC003844,Invoice,5,1,2,30,,1,5,10548,1582.2,9,1172,GL0001,202407,B4,System,2/14/2026 16:10
3847,7/20/2024,7/20/2024,DOC003847,Invoice,1,1,2,11,,1,1,859,128.85,1,859,GL0001,202407,B7,System,2/14/2026 16:10
3858,9/16/2024,9/16/2024,DOC003858,Invoice,2,1,2,22,,1,2,14896,2234.4,8,1862,GL0001,202409,B8,System,2/14/2026 16:10
3861,8/24/2024,8/24/2024,DOC003861,Invoice,5,1,2,35,,1,5,1926.5,288.975,1,1926.5,GL0001,202408,B1,System,2/14/2026 16:10
3863,8/27/2024,8/27/2024,DOC003863,Invoice,5,1,3,5,,1,5,3914,587.1,2,1957,GL0001,202408,B3,System,2/14/2026 16:10
3880,8/17/2024,8/17/2024,DOC003880,Invoice,5,1,3,35,,1,5,5728,859.2,8,716,GL0001,202408,B0,System,2/14/2026 16:10
3881,7/10/2024,7/10/2024,DOC003881,Invoice,5,1,2,15,,1,5,9067.5,1360.125,6,1511.25,GL0001,202407,B1,System,2/14/2026 16:10
3885,8/26/2024,8/26/2024,DOC003885,Invoice,2,1,3,7,,1,2,12424,1863.6,7,1774.857143,GL0001,202408,B5,System,2/14/2026 16:10
3904,9/7/2024,9/7/2024,DOC003904,Invoice,4,1,3,4,,1,4,5818,872.7,8,727.25,GL0001,202409,B4,System,2/14/2026 16:10
3919,7/4/2024,7/4/2024,DOC003919,Invoice,4,1,3,19,,1,4,923,138.45,1,923,GL0001,202407,B9,System,2/14/2026 16:10
3927,9/14/2024,9/14/2024,DOC003927,Invoice,3,1,1,38,,1,3,6593,988.95,6,1098.833333,GL0001,202409,B7,System,2/14/2026 16:10
3939,9/15/2024,9/15/2024,DOC003939,Invoice,3,1,1,18,,1,3,11400,1710,10,1140,GL0001,202409,B9,System,2/14/2026 16:10
3940,9/19/2024,9/19/2024,DOC003940,Invoice,2,1,2,2,,1,2,6571.5,985.725,6,1095.25,GL0001,202409,B0,System,2/14/2026 16:10
3943,8/22/2024,8/22/2024,DOC003943,Invoice,2,1,1,32,,1,2,7871,1180.65,7,1124.428571,GL0001,202408,B3,System,2/14/2026 16:10
3950,7/14/2024,7/14/2024,DOC003950,Invoice,5,1,3,20,,1,5,5925,888.75,4,1481.25,GL0001,202407,B0,System,2/14/2026 16:10
3956,7/13/2024,7/13/2024,DOC003956,Invoice,3,1,1,13,,1,3,2664,399.6,6,444,GL0001,202407,B6,System,2/14/2026 16:10
3963,8/24/2024,8/24/2024,DOC003963,Invoice,2,1,2,7,,1,2,623.5,93.525,1,623.5,GL0001,202408,B3,System,2/14/2026 16:10
3974,7/16/2024,7/16/2024,DOC003974,Invoice,5,1,2,5,,1,5,4838.5,725.775,4,1209.625,GL0001,202407,B4,System,2/14/2026 16:10
3986,9/19/2024,9/19/2024,DOC003986,Invoice,4,1,1,19,,1,4,2377.5,356.625,7,339.6428571,GL0001,202409,B6,System,2/14/2026 16:10
3994,7/23/2024,7/23/2024,DOC003994,Invoice,2,1,3,37,,1,2,4016,602.4,10,401.6,GL0001,202407,B4,System,2/14/2026 16:10
3997,7/30/2024,7/30/2024,DOC003997,Invoice,4,1,1,14,,1,4,15046.5,2256.975,8,1880.8125,GL0001,202407,B7,System,2/14/2026 16:10
4004,7/11/2024,7/11/2024,DOC004004,Invoice,5,1,3,10,,1,5,1776,266.4,4,444,GL0001,202407,B4,System,2/14/2026 16:10
4013,7/19/2024,7/19/2024,DOC004013,Invoice,1,1,2,11,,1,1,7597,1139.55,4,1899.25,GL0001,202407,B3,System,2/14/2026 16:10
4022,7/7/2024,7/7/2024,DOC004022,Invoice,1,1,1,31,,1,1,5456.5,818.475,3,1818.833333,GL0001,202407,B2,System,2/14/2026 16:10
4030,7/30/2024,7/30/2024,DOC004030,Invoice,3,1,3,8,,1,3,18748,2812.2,10,1874.8,GL0001,202407,B0,System,2/14/2026 16:10
4045,8/12/2024,8/12/2024,DOC004045,Invoice,3,1,3,18,,1,3,7977.5,1196.625,7,1139.642857,GL0001,202408,B5,System,2/14/2026 16:10
4074,9/4/2024,9/4/2024,DOC004074,Invoice,1,1,1,16,,1,1,5610,841.5,8,701.25,GL0001,202409,B4,System,2/14/2026 16:10
4081,7/24/2024,7/24/2024,DOC004081,Invoice,4,1,2,34,,1,4,3620,543,10,362,GL0001,202407,B1,System,2/14/2026 16:10
4083,8/15/2024,8/15/2024,DOC004083,Invoice,2,1,1,22,,1,2,1123.5,168.525,3,374.5,GL0001,202408,B3,System,2/14/2026 16:10
4095,8/7/2024,8/7/2024,DOC004095,Invoice,2,1,2,17,,1,2,17648,2647.2,10,1764.8,GL0001,202408,B5,System,2/14/2026 16:10
4099,9/23/2024,9/23/2024,DOC004099,Invoice,2,1,2,12,,1,2,16408,2461.2,10,1640.8,GL0001,202409,B9,System,2/14/2026 16:10
4109,8/9/2024,8/9/2024,DOC004109,Invoice,5,1,1,5,,1,5,2310.5,346.575,4,577.625,GL0001,202408,B9,System,2/14/2026 16:10
4111,7/17/2024,7/17/2024,DOC004111,Invoice,1,1,3,31,,1,1,2784,417.6,8,348,GL0001,202407,B1,System,2/14/2026 16:10
4113,9/17/2024,9/17/2024,DOC004113,Invoice,1,1,3,36,,1,1,3842,576.3,5,768.4,GL0001,202409,B3,System,2/14/2026 16:10
4118,7/6/2024,7/6/2024,DOC004118,Invoice,4,1,1,19,,1,4,6656,998.4,7,950.8571429,GL0001,202407,B8,System,2/14/2026 16:10
4121,8/19/2024,8/19/2024,DOC004121,Invoice,1,1,3,26,,1,1,7781,1167.15,4,1945.25,GL0001,202408,B1,System,2/14/2026 16:10
4124,9/13/2024,9/13/2024,DOC004124,Invoice,4,1,1,4,,1,4,2963,444.45,3,987.6666667,GL0001,202409,B4,System,2/14/2026 16:10
4126,8/10/2024,8/10/2024,DOC004126,Invoice,3,1,3,23,,1,3,15792,2368.8,10,1579.2,GL0001,202408,B6,System,2/14/2026 16:10
4128,9/12/2024,9/12/2024,DOC004128,Invoice,3,1,2,3,,1,3,3247.5,487.125,2,1623.75,GL0001,202409,B8,System,2/14/2026 16:10
4129,9/21/2024,9/21/2024,DOC004129,Invoice,1,1,2,26,,1,1,10739,1610.85,9,1193.222222,GL0001,202409,B9,System,2/14/2026 16:10
4134,8/19/2024,8/19/2024,DOC004134,Invoice,4,1,3,14,,1,4,9674.5,1451.175,6,1612.416667,GL0001,202408,B4,System,2/14/2026 16:10
4145,7/13/2024,7/13/2024,DOC004145,Invoice,3,1,1,38,,1,3,3902,585.3,2,1951,GL0001,202407,B5,System,2/14/2026 16:10
4171,7/23/2024,7/23/2024,DOC004171,Invoice,4,1,2,4,,1,4,2700,405,6,450,GL0001,202407,B1,System,2/14/2026 16:10
4187,7/13/2024,7/13/2024,DOC004187,Invoice,3,1,3,33,,1,3,6242,936.3,4,1560.5,GL0001,202407,B7,System,2/14/2026 16:10
4195,9/3/2024,9/3/2024,DOC004195,Invoice,4,1,2,24,,1,4,3866,579.9,2,1933,GL0001,202409,B5,System,2/14/2026 16:10
4203,8/6/2024,8/6/2024,DOC004203,Invoice,5,1,1,40,,1,5,7790,1168.5,7,1112.857143,GL0001,202408,B3,System,2/14/2026 16:10
4210,9/13/2024,9/13/2024,DOC004210,Invoice,3,1,1,33,,1,3,4925,738.75,9,547.2222222,GL0001,202409,B0,System,2/14/2026 16:10
4234,8/7/2024,8/7/2024,DOC004234,Invoice,2,1,1,2,,1,2,4738,710.7,3,1579.333333,GL0001,202408,B4,System,2/14/2026 16:10
4237,8/4/2024,8/4/2024,DOC004237,Invoice,4,1,3,19,,1,4,3852,577.8,2,1926,GL0001,202408,B7,System,2/14/2026 16:10
4244,7/8/2024,7/8/2024,DOC004244,Invoice,2,1,3,12,,1,2,2587.5,388.125,2,1293.75,GL0001,202407,B4,System,2/14/2026 16:10
4245,8/30/2024,8/30/2024,DOC004245,Invoice,3,1,2,18,,1,3,3798.5,569.775,8,474.8125,GL0001,202408,B5,System,2/14/2026 16:10
4250,9/12/2024,9/12/2024,DOC004250,Invoice,2,1,2,22,,1,2,426,63.9,1,426,GL0001,202409,B0,System,2/14/2026 16:10
4261,8/13/2024,8/13/2024,DOC004261,Invoice,5,1,1,35,,1,5,11984,1797.6,10,1198.4,GL0001,202408,B1,System,2/14/2026 16:10
4269,8/14/2024,8/14/2024,DOC004269,Invoice,2,1,1,22,,1,2,2327,349.05,7,332.4285714,GL0001,202408,B9,System,2/14/2026 16:10
4279,9/17/2024,9/17/2024,DOC004279,Invoice,3,1,1,28,,1,3,5916,887.4,10,591.6,GL0001,202409,B9,System,2/14/2026 16:10
4281,8/18/2024,8/18/2024,DOC004281,Invoice,2,1,3,22,,1,2,2338.5,350.775,2,1169.25,GL0001,202408,B1,System,2/14/2026 16:10
4286,7/19/2024,7/19/2024,DOC004286,Invoice,2,1,3,17,,1,2,3226,483.9,4,806.5,GL0001,202407,B6,System,2/14/2026 16:10
4287,7/31/2024,7/31/2024,DOC004287,Invoice,4,1,3,19,,1,4,2506,375.9,5,501.2,GL0001,202407,B7,System,2/14/2026 16:10
4325,8/8/2024,8/8/2024,DOC004325,Invoice,2,1,1,32,,1,2,3631.5,544.725,6,605.25,GL0001,202408,B5,System,2/14/2026 16:10
4327,9/20/2024,9/20/2024,DOC004327,Invoice,5,1,1,30,,1,5,809.5,121.425,1,809.5,GL0001,202409,B7,System,2/14/2026 16:10
4334,7/8/2024,7/8/2024,DOC004334,Invoice,1,1,2,36,,1,1,7469,1120.35,6,1244.833333,GL0001,202407,B4,System,2/14/2026 16:10
4337,9/9/2024,9/9/2024,DOC004337,Invoice,1,1,1,31,,1,1,5472,820.8,9,608,GL0001,202409,B7,System,2/14/2026 16:10
4345,8/14/2024,8/14/2024,DOC004345,Invoice,4,1,2,29,,1,4,19196,2879.4,10,1919.6,GL0001,202408,B5,System,2/14/2026 16:10
4347,7/31/2024,7/31/2024,DOC004347,Invoice,4,1,3,4,,1,4,5122,768.3,6,853.6666667,GL0001,202407,B7,System,2/14/2026 16:10
4348,9/8/2024,9/8/2024,DOC004348,Invoice,4,1,3,34,,1,4,4982.5,747.375,4,1245.625,GL0001,202409,B8,System,2/14/2026 16:10
4349,7/31/2024,7/31/2024,DOC004349,Invoice,4,1,3,34,,1,4,7328,1099.2,7,1046.857143,GL0001,202407,B9,System,2/14/2026 16:10
4352,9/18/2024,9/18/2024,DOC004352,Invoice,2,1,3,17,,1,2,14276,2141.4,10,1427.6,GL0001,202409,B2,System,2/14/2026 16:10
4360,7/13/2024,7/13/2024,DOC004360,Invoice,3,1,1,18,,1,3,5205,780.75,4,1301.25,GL0001,202407,B0,System,2/14/2026 16:10
4370,7/9/2024,7/9/2024,DOC004370,Invoice,2,1,2,32,,1,2,973.5,146.025,1,973.5,GL0001,202407,B0,System,2/14/2026 16:10
4371,7/6/2024,7/6/2024,DOC004371,Invoice,4,1,2,19,,1,4,642,96.3,1,642,GL0001,202407,B1,System,2/14/2026 16:10
4377,9/10/2024,9/10/2024,DOC004377,Invoice,2,1,1,27,,1,2,1216,182.4,1,1216,GL0001,202409,B7,System,2/14/2026 16:10
4385,9/4/2024,9/4/2024,DOC004385,Invoice,1,1,2,26,,1,1,7714,1157.1,7,1102,GL0001,202409,B5,System,2/14/2026 16:10
4391,8/30/2024,8/30/2024,DOC004391,Invoice,2,1,1,7,,1,2,2061,309.15,4,515.25,GL0001,202408,B1,System,2/14/2026 16:10
4394,7/15/2024,7/15/2024,DOC004394,Invoice,1,1,1,36,,1,1,228,34.2,1,228,GL0001,202407,B4,System,2/14/2026 16:10
4409,9/1/2024,9/1/2024,DOC004409,Invoice,2,1,1,37,,1,2,5622.5,843.375,4,1405.625,GL0001,202409,B9,System,2/14/2026 16:10
4415,8/29/2024,8/29/2024,DOC004415,Invoice,2,1,1,2,,1,2,4580,687,10,458,GL0001,202408,B5,System,2/14/2026 16:10
4417,8/26/2024,8/26/2024,DOC004417,Invoice,3,1,2,8,,1,3,6998.5,1049.775,8,874.8125,GL0001,202408,B7,System,2/14/2026 16:10
4421,9/11/2024,9/11/2024,DOC004421,Invoice,3,1,1,13,,1,3,8842,1326.3,8,1105.25,GL0001,202409,B1,System,2/14/2026 16:10
4423,7/6/2024,7/6/2024,DOC004423,Invoice,1,1,2,26,,1,1,2136.5,320.475,7,305.2142857,GL0001,202407,B3,System,2/14/2026 16:10
4429,7/26/2024,7/26/2024,DOC004429,Invoice,1,1,1,36,,1,1,394,59.1,1,394,GL0001,202407,B9,System,2/14/2026 16:10
4431,7/16/2024,7/16/2024,DOC004431,Invoice,5,1,2,30,,1,5,1278,191.7,1,1278,GL0001,202407,B1,System,2/14/2026 16:10
4433,7/10/2024,7/10/2024,DOC004433,Invoice,3,1,3,33,,1,3,13852,2077.8,10,1385.2,GL0001,202407,B3,System,2/14/2026 16:10
4441,8/29/2024,8/29/2024,DOC004441,Invoice,4,1,2,29,,1,4,7220,1083,10,722,GL0001,202408,B1,System,2/14/2026 16:10
4443,9/11/2024,9/11/2024,DOC004443,Invoice,4,1,3,9,,1,4,331,49.65,1,331,GL0001,202409,B3,System,2/14/2026 16:10
4449,7/27/2024,7/27/2024,DOC004449,Invoice,4,1,1,24,,1,4,7203.5,1080.525,4,1800.875,GL0001,202407,B9,System,2/14/2026 16:10
4460,7/1/2024,7/1/2024,DOC004460,Invoice,4,1,3,14,,1,4,1261,189.15,2,630.5,GL0001,202407,B0,System,2/14/2026 16:10
4463,7/16/2024,7/16/2024,DOC004463,Invoice,3,1,1,38,,1,3,3203.5,480.525,4,800.875,GL0001,202407,B3,System,2/14/2026 16:10
4475,8/16/2024,8/16/2024,DOC004475,Invoice,2,1,1,2,,1,2,12083.5,1812.525,8,1510.4375,GL0001,202408,B5,System,2/14/2026 16:10
4488,8/22/2024,8/22/2024,DOC004488,Invoice,2,1,1,27,,1,2,14424,2163.6,10,1442.4,GL0001,202408,B8,System,2/14/2026 16:10
4489,8/12/2024,8/12/2024,DOC004489,Invoice,5,1,3,10,,1,5,8753,1312.95,6,1458.833333,GL0001,202408,B9,System,2/14/2026 16:10
4501,7/27/2024,7/27/2024,DOC004501,Invoice,4,1,3,24,,1,4,961,144.15,2,480.5,GL0001,202407,B1,System,2/14/2026 16:10
4503,7/21/2024,7/21/2024,DOC004503,Invoice,4,1,1,4,,1,4,18072,2710.8,10,1807.2,GL0001,202407,B3,System,2/14/2026 16:10
4514,7/3/2024,7/3/2024,DOC004514,Invoice,3,1,1,38,,1,3,9886,1482.9,6,1647.666667,GL0001,202407,B4,System,2/14/2026 16:10
4541,9/27/2024,9/27/2024,DOC004541,Invoice,5,1,2,35,,1,5,16332,2449.8,10,1633.2,GL0001,202409,B1,System,2/14/2026 16:10
4563,8/3/2024,8/3/2024,DOC004563,Invoice,4,1,1,29,,1,4,2322.5,348.375,2,1161.25,GL0001,202408,B3,System,2/14/2026 16:10
4566,8/17/2024,8/17/2024,DOC004566,Invoice,4,1,2,4,,1,4,14278,2141.7,9,1586.444444,GL0001,202408,B6,System,2/14/2026 16:10
4571,7/1/2024,7/1/2024,DOC004571,Invoice,3,1,1,33,,1,3,11631.5,1744.725,7,1661.642857,GL0001,202407,B1,System,2/14/2026 16:10
4572,7/10/2024,7/10/2024,DOC004572,Invoice,2,1,3,17,,1,2,1826.5,273.975,6,304.4166667,GL0001,202407,B2,System,2/14/2026 16:10
4594,9/6/2024,9/6/2024,DOC004594,Invoice,2,1,1,17,,1,2,16445,2466.75,9,1827.222222,GL0001,202409,B4,System,2/14/2026 16:10
4595,9/3/2024,9/3/2024,DOC004595,Invoice,1,1,1,21,,1,1,16898.5,2534.775,9,1877.611111,GL0001,202409,B5,System,2/14/2026 16:10
4600,8/25/2024,8/25/2024,DOC004600,Invoice,3,1,2,8,,1,3,13306,1995.9,7,1900.857143,GL0001,202408,B0,System,2/14/2026 16:10
4608,7/6/2024,7/6/2024,DOC004608,Invoice,5,1,1,5,,1,5,12292,1843.8,7,1756,GL0001,202407,B8,System,2/14/2026 16:10
4615,9/12/2024,9/12/2024,DOC004615,Invoice,3,1,2,3,,1,3,4236,635.4,10,423.6,GL0001,202409,B5,System,2/14/2026 16:10
4618,9/23/2024,9/23/2024,DOC004618,Invoice,2,1,1,27,,1,2,1009.5,151.425,3,336.5,GL0001,202409,B8,System,2/14/2026 16:10
4619,9/11/2024,9/11/2024,DOC004619,Invoice,4,1,3,24,,1,4,1758,263.7,2,879,GL0001,202409,B9,System,2/14/2026 16:10
4638,9/3/2024,9/3/2024,DOC004638,Invoice,5,1,2,30,,1,5,995.5,149.325,4,248.875,GL0001,202409,B8,System,2/14/2026 16:10
4680,7/18/2024,7/18/2024,DOC004680,Invoice,4,1,3,14,,1,4,1648,247.2,3,549.3333333,GL0001,202407,B0,System,2/14/2026 16:10
4683,7/2/2024,7/2/2024,DOC004683,Invoice,3,1,1,23,,1,3,11234,1685.1,7,1604.857143,GL0001,202407,B3,System,2/14/2026 16:10
4689,7/26/2024,7/26/2024,DOC004689,Invoice,2,1,1,7,,1,2,1456,218.4,1,1456,GL0001,202407,B9,System,2/14/2026 16:10
4693,8/4/2024,8/4/2024,DOC004693,Invoice,1,1,1,11,,1,1,17744,2661.6,10,1774.4,GL0001,202408,B3,System,2/14/2026 16:10
4699,9/22/2024,9/22/2024,DOC004699,Invoice,2,1,1,17,,1,2,6465.5,969.825,7,923.6428571,GL0001,202409,B9,System,2/14/2026 16:10
4705,7/27/2024,7/27/2024,DOC004705,Invoice,2,1,3,17,,1,2,5920,888,4,1480,GL0001,202407,B5,System,2/14/2026 16:10
4706,7/15/2024,7/15/2024,DOC004706,Invoice,2,1,2,32,,1,2,3921,588.15,2,1960.5,GL0001,202407,B6,System,2/14/2026 16:10
4708,8/31/2024,8/31/2024,DOC004708,Invoice,2,1,1,7,,1,2,2720,408,5,544,GL0001,202408,B8,System,2/14/2026 16:10
4715,8/28/2024,8/28/2024,DOC004715,Invoice,1,1,1,36,,1,1,4805,720.75,3,1601.666667,GL0001,202408,B5,System,2/14/2026 16:10
4721,7/1/2024,7/1/2024,DOC004721,Invoice,5,1,1,10,,1,5,3733,559.95,2,1866.5,GL0001,202407,B1,System,2/14/2026 16:10
4723,9/6/2024,9/6/2024,DOC004723,Invoice,2,1,2,22,,1,2,6368,955.2,4,1592,GL0001,202409,B3,System,2/14/2026 16:10
4726,9/26/2024,9/26/2024,DOC004726,Invoice,2,1,1,7,,1,2,10429.5,1564.425,9,1158.833333,GL0001,202409,B6,System,2/14/2026 16:10
4738,8/21/2024,8/21/2024,DOC004738,Invoice,5,1,3,30,,1,5,4058.5,608.775,3,1352.833333,GL0001,202408,B8,System,2/14/2026 16:10
4741,8/24/2024,8/24/2024,DOC004741,Invoice,4,1,3,19,,1,4,992,148.8,2,496,GL0001,202408,B1,System,2/14/2026 16:10
4744,8/1/2024,8/1/2024,DOC004744,Invoice,1,1,1,6,,1,1,671.5,100.725,1,671.5,GL0001,202408,B4,System,2/14/2026 16:10
4753,9/13/2024,9/13/2024,DOC004753,Invoice,3,1,3,28,,1,3,4764,714.6,6,794,GL0001,202409,B3,System,2/14/2026 16:10
4784,8/21/2024,8/21/2024,DOC004784,Invoice,4,1,1,4,,1,4,6390.5,958.575,4,1597.625,GL0001,202408,B4,System,2/14/2026 16:10
4785,7/8/2024,7/8/2024,DOC004785,Invoice,1,1,1,11,,1,1,11203.5,1680.525,6,1867.25,GL0001,202407,B5,System,2/14/2026 16:10
4820,8/27/2024,8/27/2024,DOC004820,Invoice,5,1,1,25,,1,5,11852,1777.8,10,1185.2,GL0001,202408,B0,System,2/14/2026 16:10
4827,7/28/2024,7/28/2024,DOC004827,Invoice,3,1,2,28,,1,3,2606.5,390.975,2,1303.25,GL0001,202407,B7,System,2/14/2026 16:10
4850,9/8/2024,9/8/2024,DOC004850,Invoice,4,1,3,4,,1,4,3360,504,6,560,GL0001,202409,B0,System,2/14/2026 16:10
4856,7/7/2024,7/7/2024,DOC004856,Invoice,5,1,1,35,,1,5,6227.5,934.125,8,778.4375,GL0001,202407,B6,System,2/14/2026 16:10
4871,8/10/2024,8/10/2024,DOC004871,Invoice,4,1,1,29,,1,4,7635.5,1145.325,8,954.4375,GL0001,202408,B1,System,2/14/2026 16:10
4872,8/28/2024,8/28/2024,DOC004872,Invoice,4,1,2,24,,1,4,4141,621.15,8,517.625,GL0001,202408,B2,System,2/14/2026 16:10
4877,7/29/2024,7/29/2024,DOC004877,Invoice,2,1,2,17,,1,2,15743,2361.45,9,1749.222222,GL0001,202407,B7,System,2/14/2026 16:10
4904,9/7/2024,9/7/2024,DOC004904,Invoice,3,1,2,28,,1,3,10592,1588.8,8,1324,GL0001,202409,B4,System,2/14/2026 16:10
4908,9/12/2024,9/12/2024,DOC004908,Invoice,1,1,1,11,,1,1,4609.5,691.425,3,1536.5,GL0001,202409,B8,System,2/14/2026 16:10
4917,7/15/2024,7/15/2024,DOC004917,Invoice,2,1,2,22,,1,2,3030,454.5,7,432.8571429,GL0001,202407,B7,System,2/14/2026 16:10
4922,8/9/2024,8/9/2024,DOC004922,Invoice,3,1,1,18,,1,3,9516,1427.4,10,951.6,GL0001,202408,B2,System,2/14/2026 16:10
4929,8/25/2024,8/25/2024,DOC004929,Invoice,4,1,3,19,,1,4,5212,781.8,10,521.2,GL0001,202408,B9,System,2/14/2026 16:10
4935,9/28/2024,9/28/2024,DOC004935,Invoice,4,1,1,9,,1,4,9125,1368.75,6,1520.833333,GL0001,202409,B5,System,2/14/2026 16:10
4939,9/4/2024,9/4/2024,DOC004939,Invoice,3,1,2,33,,1,3,3504,525.6,2,1752,GL0001,202409,B9,System,2/14/2026 16:10
4949,7/9/2024,7/9/2024,DOC004949,Invoice,5,1,3,20,,1,5,6775.5,1016.325,9,752.8333333,GL0001,202407,B9,System,2/14/2026 16:10
4951,8/30/2024,8/30/2024,DOC004951,Invoice,4,1,1,14,,1,4,994,149.1,2,497,GL0001,202408,B1,System,2/14/2026 16:10
4953,7/29/2024,7/29/2024,DOC004953,Invoice,5,1,1,35,,1,5,2800,420,4,700,GL0001,202407,B3,System,2/14/2026 16:10
4958,8/29/2024,8/29/2024,DOC004958,Invoice,2,1,2,27,,1,2,12334,1850.1,9,1370.444444,GL0001,202408,B8,System,2/14/2026 16:10
4962,7/28/2024,7/28/2024,DOC004962,Invoice,3,1,1,38,,1,3,4678.5,701.775,4,1169.625,GL0001,202407,B2,System,2/14/2026 16:10
4963,8/22/2024,8/22/2024,DOC004963,Invoice,5,1,1,15,,1,5,1152,172.8,1,1152,GL0001,202408,B3,System,2/14/2026 16:10
4965,7/16/2024,7/16/2024,DOC004965,Invoice,3,1,2,8,,1,3,7596,1139.4,10,759.6,GL0001,202407,B5,System,2/14/2026 16:10
4966,8/21/2024,8/21/2024,DOC004966,Invoice,3,1,1,33,,1,3,1780,267,2,890,GL0001,202408,B6,System,2/14/2026 16:10
4974,8/5/2024,8/5/2024,DOC004974,Invoice,3,1,3,23,,1,3,4741,711.15,4,1185.25,GL0001,202408,B4,System,2/14/2026 16:10
4979,8/14/2024,8/14/2024,DOC004979,Invoice,2,1,1,17,,1,2,9968.5,1495.275,9,1107.611111,GL0001,202408,B9,System,2/14/2026 16:10
4980,8/2/2024,8/2/2024,DOC004980,Invoice,2,1,3,7,,1,2,1662,249.3,2,831,GL0001,202408,B0,System,2/14/2026 16:10
4982,8/24/2024,8/24/2024,DOC004982,Invoice,1,1,3,26,,1,1,7183.5,1077.525,6,1197.25,GL0001,202408,B2,System,2/14/2026 16:10
4990,9/20/2024,9/20/2024,DOC004990,Invoice,5,1,2,15,,1,5,2339.5,350.925,8,292.4375,GL0001,202409,B0,System,2/14/2026 16:10
4997,9/4/2024,9/4/2024,DOC004997,Invoice,3,1,1,23,,1,3,9478,1421.7,6,1579.666667,GL0001,202409,B7,System,2/14/2026 16:10
5000,7/12/2024,7/12/2024,DOC005000,Invoice,1,1,1,11,,1,1,462,69.3,1,462,GL0001,202407,B0,System,2/14/2026 16:10
8,8/2/2024,8/2/2024,DOC000008,Invoice,4,2,1,29,,2,4,12894,1934.1,7,1842,GL0002,202408,B8,System,2/14/2026 16:10
9,9/13/2024,9/13/2024,DOC000009,Invoice,3,2,2,23,,2,3,2391.5,358.725,7,341.6428571,GL0002,202409,B9,System,2/14/2026 16:10
16,7/13/2024,7/13/2024,DOC000016,Invoice,3,2,1,8,,2,3,14352,2152.8,10,1435.2,GL0002,202407,B6,System,2/14/2026 16:10
27,9/23/2024,9/23/2024,DOC000027,Invoice,2,2,3,2,,2,2,10075.5,1511.325,6,1679.25,GL0002,202409,B7,System,2/14/2026 16:10
28,7/9/2024,7/9/2024,DOC000028,Invoice,5,2,1,25,,2,5,5949,892.35,4,1487.25,GL0002,202407,B8,System,2/14/2026 16:10
33,7/28/2024,7/28/2024,DOC000033,Invoice,1,2,1,11,,2,1,3838,575.7,5,767.6,GL0002,202407,B3,System,2/14/2026 16:10
38,7/5/2024,7/5/2024,DOC000038,Invoice,2,2,3,27,,2,2,1392,208.8,6,232,GL0002,202407,B8,System,2/14/2026 16:10
43,7/17/2024,7/17/2024,DOC000043,Invoice,3,2,1,3,,2,3,4061,609.15,8,507.625,GL0002,202407,B3,System,2/14/2026 16:10
47,7/27/2024,7/27/2024,DOC000047,Invoice,3,2,1,33,,2,3,2804,420.6,5,560.8,GL0002,202407,B7,System,2/14/2026 16:10
52,8/29/2024,8/29/2024,DOC000052,Invoice,5,2,1,40,,2,5,5442,816.3,3,1814,GL0002,202408,B2,System,2/14/2026 16:10
54,7/28/2024,7/28/2024,DOC000054,Invoice,5,2,3,25,,2,5,4789.5,718.425,3,1596.5,GL0002,202407,B4,System,2/14/2026 16:10
57,7/2/2024,7/2/2024,DOC000057,Invoice,3,2,3,3,,2,3,6166,924.9,6,1027.666667,GL0002,202407,B7,System,2/14/2026 16:10
63,8/6/2024,8/6/2024,DOC000063,Invoice,1,2,1,26,,2,1,6986,1047.9,8,873.25,GL0002,202408,B3,System,2/14/2026 16:10
75,8/8/2024,8/8/2024,DOC000075,Invoice,5,2,1,20,,2,5,1139.5,170.925,2,569.75,GL0002,202408,B5,System,2/14/2026 16:10
76,7/2/2024,7/2/2024,DOC000076,Invoice,3,2,2,3,,2,3,6512,976.8,8,814,GL0002,202407,B6,System,2/14/2026 16:10
83,9/20/2024,9/20/2024,DOC000083,Invoice,4,2,3,34,,2,4,6008,901.2,10,600.8,GL0002,202409,B3,System,2/14/2026 16:10
91,9/4/2024,9/4/2024,DOC000091,Invoice,4,2,1,14,,2,4,6752,1012.8,8,844,GL0002,202409,B1,System,2/14/2026 16:10
92,7/14/2024,7/14/2024,DOC000092,Invoice,2,2,2,37,,2,2,7016,1052.4,4,1754,GL0002,202407,B2,System,2/14/2026 16:10
116,8/22/2024,8/22/2024,DOC000116,Invoice,3,2,3,13,,2,3,4382.5,657.375,3,1460.833333,GL0002,202408,B6,System,2/14/2026 16:10
129,9/9/2024,9/9/2024,DOC000129,Invoice,1,2,2,1,,2,1,16620,2493,10,1662,GL0002,202409,B9,System,2/14/2026 16:10
146,7/16/2024,7/16/2024,DOC000146,Invoice,2,2,1,7,,2,2,1174,176.1,1,1174,GL0002,202407,B6,System,2/14/2026 16:10
151,9/23/2024,9/23/2024,DOC000151,Invoice,5,2,3,15,,2,5,5603.5,840.525,8,700.4375,GL0002,202409,B1,System,2/14/2026 16:10
161,9/16/2024,9/16/2024,DOC000161,Invoice,5,2,2,15,,2,5,2269,340.35,8,283.625,GL0002,202409,B1,System,2/14/2026 16:10
167,7/22/2024,7/22/2024,DOC000167,Invoice,2,2,1,7,,2,2,3394,509.1,7,484.8571429,GL0002,202407,B7,System,2/14/2026 16:10
177,9/10/2024,9/10/2024,DOC000177,Invoice,3,2,1,28,,2,3,5245.5,786.825,3,1748.5,GL0002,202409,B7,System,2/14/2026 16:10
179,7/4/2024,7/4/2024,DOC000179,Invoice,4,2,3,14,,2,4,3833,574.95,6,638.8333333,GL0002,202407,B9,System,2/14/2026 16:10
188,9/26/2024,9/26/2024,DOC000188,Invoice,3,2,3,23,,2,3,7745,1161.75,7,1106.428571,GL0002,202409,B8,System,2/14/2026 16:10
189,7/4/2024,7/4/2024,DOC000189,Invoice,3,2,1,23,,2,3,3696,554.4,2,1848,GL0002,202407,B9,System,2/14/2026 16:10
194,8/20/2024,8/20/2024,DOC000194,Invoice,1,2,2,11,,2,1,2888,433.2,5,577.6,GL0002,202408,B4,System,2/14/2026 16:10
197,9/28/2024,9/28/2024,DOC000197,Invoice,1,2,1,31,,2,1,7370,1105.5,4,1842.5,GL0002,202409,B7,System,2/14/2026 16:10
208,9/27/2024,9/27/2024,DOC000208,Invoice,4,2,1,29,,2,4,5212,781.8,3,1737.333333,GL0002,202409,B8,System,2/14/2026 16:10
214,7/30/2024,7/30/2024,DOC000214,Invoice,3,2,3,23,,2,3,10550.5,1582.575,7,1507.214286,GL0002,202407,B4,System,2/14/2026 16:10
249,9/10/2024,9/10/2024,DOC000249,Invoice,2,2,2,17,,2,2,1228.5,184.275,1,1228.5,GL0002,202409,B9,System,2/14/2026 16:10
257,8/28/2024,8/28/2024,DOC000257,Invoice,1,2,3,11,,2,1,6932,1039.8,10,693.2,GL0002,202408,B7,System,2/14/2026 16:10
267,7/19/2024,7/19/2024,DOC000267,Invoice,4,2,2,14,,2,4,1959.5,293.925,1,1959.5,GL0002,202407,B7,System,2/14/2026 16:10
273,8/25/2024,8/25/2024,DOC000273,Invoice,1,2,2,31,,2,1,1414,212.1,6,235.6666667,GL0002,202408,B3,System,2/14/2026 16:10
291,9/11/2024,9/11/2024,DOC000291,Invoice,2,2,3,27,,2,2,4975.5,746.325,6,829.25,GL0002,202409,B1,System,2/14/2026 16:10
292,9/14/2024,9/14/2024,DOC000292,Invoice,1,2,1,11,,2,1,9011.5,1351.725,8,1126.4375,GL0002,202409,B2,System,2/14/2026 16:10
294,7/1/2024,7/1/2024,DOC000294,Invoice,3,2,1,28,,2,3,3859.5,578.925,9,428.8333333,GL0002,202407,B4,System,2/14/2026 16:10
296,7/15/2024,7/15/2024,DOC000296,Invoice,3,2,3,3,,2,3,438,65.7,2,219,GL0002,202407,B6,System,2/14/2026 16:10
304,7/19/2024,7/19/2024,DOC000304,Invoice,2,2,1,2,,2,2,3866,579.9,2,1933,GL0002,202407,B4,System,2/14/2026 16:10
320,9/28/2024,9/28/2024,DOC000320,Invoice,2,2,1,22,,2,2,639.5,95.925,2,319.75,GL0002,202409,B0,System,2/14/2026 16:10
323,7/12/2024,7/12/2024,DOC000323,Invoice,4,2,1,29,,2,4,10484,1572.6,10,1048.4,GL0002,202407,B3,System,2/14/2026 16:10
330,8/23/2024,8/23/2024,DOC000330,Invoice,3,2,2,28,,2,3,1289,193.35,3,429.6666667,GL0002,202408,B0,System,2/14/2026 16:10
334,8/18/2024,8/18/2024,DOC000334,Invoice,5,2,2,15,,2,5,9628,1444.2,5,1925.6,GL0002,202408,B4,System,2/14/2026 16:10
338,8/19/2024,8/19/2024,DOC000338,Invoice,2,2,3,27,,2,2,17921,2688.15,9,1991.222222,GL0002,202408,B8,System,2/14/2026 16:10
346,7/6/2024,7/6/2024,DOC000346,Invoice,2,2,3,17,,2,2,560,84,2,280,GL0002,202407,B6,System,2/14/2026 16:10
353,8/18/2024,8/18/2024,DOC000353,Invoice,1,2,3,31,,2,1,2291.5,343.725,4,572.875,GL0002,202408,B3,System,2/14/2026 16:10
386,8/24/2024,8/24/2024,DOC000386,Invoice,2,2,1,22,,2,2,13680,2052,9,1520,GL0002,202408,B6,System,2/14/2026 16:10
400,7/29/2024,7/29/2024,DOC000400,Invoice,2,2,3,7,,2,2,13941.5,2091.225,7,1991.642857,GL0002,202407,B0,System,2/14/2026 16:10
406,8/23/2024,8/23/2024,DOC000406,Invoice,3,2,1,38,,2,3,12812.5,1921.875,9,1423.611111,GL0002,202408,B6,System,2/14/2026 16:10
407,8/25/2024,8/25/2024,DOC000407,Invoice,3,2,2,38,,2,3,595.5,89.325,2,297.75,GL0002,202408,B7,System,2/14/2026 16:10
409,9/7/2024,9/7/2024,DOC000409,Invoice,5,2,3,15,,2,5,17332,2599.8,10,1733.2,GL0002,202409,B9,System,2/14/2026 16:10
413,8/16/2024,8/16/2024,DOC000413,Invoice,4,2,3,19,,2,4,8928,1339.2,5,1785.6,GL0002,202408,B3,System,2/14/2026 16:10
424,9/9/2024,9/9/2024,DOC000424,Invoice,1,2,1,11,,2,1,1296.5,194.475,1,1296.5,GL0002,202409,B4,System,2/14/2026 16:10
429,8/20/2024,8/20/2024,DOC000429,Invoice,2,2,2,37,,2,2,8778,1316.7,8,1097.25,GL0002,202408,B9,System,2/14/2026 16:10
431,8/5/2024,8/5/2024,DOC000431,Invoice,1,2,3,16,,2,1,5304,795.6,10,530.4,GL0002,202408,B1,System,2/14/2026 16:10
434,7/19/2024,7/19/2024,DOC000434,Invoice,2,2,1,12,,2,2,16000,2400,10,1600,GL0002,202407,B4,System,2/14/2026 16:10
438,8/12/2024,8/12/2024,DOC000438,Invoice,1,2,2,21,,2,1,1556,233.4,1,1556,GL0002,202408,B8,System,2/14/2026 16:10
466,8/15/2024,8/15/2024,DOC000466,Invoice,1,2,1,1,,2,1,3774.5,566.175,2,1887.25,GL0002,202408,B6,System,2/14/2026 16:10
470,9/4/2024,9/4/2024,DOC000470,Invoice,2,2,1,27,,2,2,1472,220.8,2,736,GL0002,202409,B0,System,2/14/2026 16:10
480,7/28/2024,7/28/2024,DOC000480,Invoice,3,2,2,13,,2,3,11894.5,1784.175,9,1321.611111,GL0002,202407,B0,System,2/14/2026 16:10
488,7/19/2024,7/19/2024,DOC000488,Invoice,4,2,2,39,,2,4,1108,166.2,5,221.6,GL0002,202407,B8,System,2/14/2026 16:10
490,7/10/2024,7/10/2024,DOC000490,Invoice,3,2,3,13,,2,3,2132,319.8,10,213.2,GL0002,202407,B0,System,2/14/2026 16:10
496,9/11/2024,9/11/2024,DOC000496,Invoice,5,2,1,40,,2,5,15916,2387.4,9,1768.444444,GL0002,202409,B6,System,2/14/2026 16:10
497,7/8/2024,7/8/2024,DOC000497,Invoice,3,2,1,3,,2,3,7894.5,1184.175,4,1973.625,GL0002,202407,B7,System,2/14/2026 16:10
509,8/3/2024,8/3/2024,DOC000509,Invoice,2,2,3,37,,2,2,1014,152.1,1,1014,GL0002,202408,B9,System,2/14/2026 16:10
521,9/24/2024,9/24/2024,DOC000521,Invoice,3,2,1,8,,2,3,3150.5,472.575,4,787.625,GL0002,202409,B1,System,2/14/2026 16:10
523,8/17/2024,8/17/2024,DOC000523,Invoice,5,2,3,30,,2,5,8398,1259.7,5,1679.6,GL0002,202408,B3,System,2/14/2026 16:10
530,7/4/2024,7/4/2024,DOC000530,Invoice,4,2,2,34,,2,4,11776,1766.4,10,1177.6,GL0002,202407,B0,System,2/14/2026 16:10
544,8/26/2024,8/26/2024,DOC000544,Invoice,4,2,1,34,,2,4,4838,725.7,5,967.6,GL0002,202408,B4,System,2/14/2026 16:10
548,7/11/2024,7/11/2024,DOC000548,Invoice,5,2,1,35,,2,5,15854.5,2378.175,9,1761.611111,GL0002,202407,B8,System,2/14/2026 16:10
556,7/7/2024,7/7/2024,DOC000556,Invoice,3,2,2,38,,2,3,5245,786.75,8,655.625,GL0002,202407,B6,System,2/14/2026 16:10
574,7/25/2024,7/25/2024,DOC000574,Invoice,1,2,1,11,,2,1,2531,379.65,9,281.2222222,GL0002,202407,B4,System,2/14/2026 16:10
576,8/3/2024,8/3/2024,DOC000576,Invoice,5,2,1,30,,2,5,13040,1956,7,1862.857143,GL0002,202408,B6,System,2/14/2026 16:10
588,8/22/2024,8/22/2024,DOC000588,Invoice,2,2,2,17,,2,2,6506,975.9,8,813.25,GL0002,202408,B8,System,2/14/2026 16:10
592,7/15/2024,7/15/2024,DOC000592,Invoice,3,2,2,8,,2,3,9348,1402.2,10,934.8,GL0002,202407,B2,System,2/14/2026 16:10
601,9/18/2024,9/18/2024,DOC000601,Invoice,2,2,1,17,,2,2,11738,1760.7,8,1467.25,GL0002,202409,B1,System,2/14/2026 16:10
610,9/15/2024,9/15/2024,DOC000610,Invoice,2,2,3,12,,2,2,18740,2811,10,1874,GL0002,202409,B0,System,2/14/2026 16:10
615,8/23/2024,8/23/2024,DOC000615,Invoice,3,2,1,23,,2,3,1580,237,1,1580,GL0002,202408,B5,System,2/14/2026 16:10
651,7/11/2024,7/11/2024,DOC000651,Invoice,3,2,2,28,,2,3,9336,1400.4,5,1867.2,GL0002,202407,B1,System,2/14/2026 16:10
664,9/7/2024,9/7/2024,DOC000664,Invoice,1,2,3,16,,2,1,3576,536.4,10,357.6,GL0002,202409,B4,System,2/14/2026 16:10
689,8/9/2024,8/9/2024,DOC000689,Invoice,1,2,1,36,,2,1,7152,1072.8,5,1430.4,GL0002,202408,B9,System,2/14/2026 16:10
700,7/19/2024,7/19/2024,DOC000700,Invoice,4,2,1,4,,2,4,11619.5,1742.925,8,1452.4375,GL0002,202407,B0,System,2/14/2026 16:10
722,8/15/2024,8/15/2024,DOC000722,Invoice,2,2,2,7,,2,2,8856,1328.4,9,984,GL0002,202408,B2,System,2/14/2026 16:10
738,7/24/2024,7/24/2024,DOC000738,Invoice,2,2,1,17,,2,2,2075,311.25,3,691.6666667,GL0002,202407,B8,System,2/14/2026 16:10
740,7/19/2024,7/19/2024,DOC000740,Invoice,3,2,3,3,,2,3,4678,701.7,5,935.6,GL0002,202407,B0,System,2/14/2026 16:10
747,7/20/2024,7/20/2024,DOC000747,Invoice,1,2,2,36,,2,1,2101,315.15,4,525.25,GL0002,202407,B7,System,2/14/2026 16:10
749,7/16/2024,7/16/2024,DOC000749,Invoice,4,2,1,4,,2,4,4189,628.35,4,1047.25,GL0002,202407,B9,System,2/14/2026 16:10
760,7/8/2024,7/8/2024,DOC000760,Invoice,4,2,2,29,,2,4,4842,726.3,8,605.25,GL0002,202407,B0,System,2/14/2026 16:10
762,7/25/2024,7/25/2024,DOC000762,Invoice,3,2,1,38,,2,3,1686.5,252.975,8,210.8125,GL0002,202407,B2,System,2/14/2026 16:10
765,9/7/2024,9/7/2024,DOC000765,Invoice,3,2,3,3,,2,3,2215.5,332.325,6,369.25,GL0002,202409,B5,System,2/14/2026 16:10
771,9/15/2024,9/15/2024,DOC000771,Invoice,3,2,2,3,,2,3,1982,297.3,5,396.4,GL0002,202409,B1,System,2/14/2026 16:10
795,8/23/2024,8/23/2024,DOC000795,Invoice,5,2,3,30,,2,5,6058,908.7,8,757.25,GL0002,202408,B5,System,2/14/2026 16:10
807,8/18/2024,8/18/2024,DOC000807,Invoice,2,2,3,37,,2,2,4578,686.7,4,1144.5,GL0002,202408,B7,System,2/14/2026 16:10
810,8/24/2024,8/24/2024,DOC000810,Invoice,1,2,2,26,,2,1,1984,297.6,5,396.8,GL0002,202408,B0,System,2/14/2026 16:10
815,7/16/2024,7/16/2024,DOC000815,Invoice,2,2,2,37,,2,2,4806,720.9,9,534,GL0002,202407,B5,System,2/14/2026 16:10
818,9/2/2024,9/2/2024,DOC000818,Invoice,4,2,1,34,,2,4,15686.5,2352.975,8,1960.8125,GL0002,202409,B8,System,2/14/2026 16:10
819,7/31/2024,7/31/2024,DOC000819,Invoice,4,2,2,24,,2,4,9720,1458,9,1080,GL0002,202407,B9,System,2/14/2026 16:10
822,8/5/2024,8/5/2024,DOC000822,Invoice,3,2,3,13,,2,3,4448,667.2,5,889.6,GL0002,202408,B2,System,2/14/2026 16:10
833,8/27/2024,8/27/2024,DOC000833,Invoice,3,2,2,23,,2,3,4036,605.4,3,1345.333333,GL0002,202408,B3,System,2/14/2026 16:10
841,9/4/2024,9/4/2024,DOC000841,Invoice,2,2,3,22,,2,2,1451,217.65,3,483.6666667,GL0002,202409,B1,System,2/14/2026 16:10
851,8/20/2024,8/20/2024,DOC000851,Invoice,1,2,3,11,,2,1,14176,2126.4,8,1772,GL0002,202408,B1,System,2/14/2026 16:10
861,7/29/2024,7/29/2024,DOC000861,Invoice,4,2,2,29,,2,4,12496,1874.4,9,1388.444444,GL0002,202407,B1,System,2/14/2026 16:10
878,8/1/2024,8/1/2024,DOC000878,Invoice,2,2,1,17,,2,2,3183.5,477.525,2,1591.75,GL0002,202408,B8,System,2/14/2026 16:10
901,7/13/2024,7/13/2024,DOC000901,Invoice,2,2,3,27,,2,2,2000,300,1,2000,GL0002,202407,B1,System,2/14/2026 16:10
916,9/24/2024,9/24/2024,DOC000916,Invoice,2,2,2,17,,2,2,6197,929.55,4,1549.25,GL0002,202409,B6,System,2/14/2026 16:10
933,7/30/2024,7/30/2024,DOC000933,Invoice,5,2,1,40,,2,5,498.5,74.775,1,498.5,GL0002,202407,B3,System,2/14/2026 16:10
940,9/7/2024,9/7/2024,DOC000940,Invoice,1,2,2,11,,2,1,10315.5,1547.325,6,1719.25,GL0002,202409,B0,System,2/14/2026 16:10
945,7/8/2024,7/8/2024,DOC000945,Invoice,3,2,2,8,,2,3,4931,739.65,3,1643.666667,GL0002,202407,B5,System,2/14/2026 16:10
952,9/25/2024,9/25/2024,DOC000952,Invoice,1,2,2,1,,2,1,2366.5,354.975,4,591.625,GL0002,202409,B2,System,2/14/2026 16:10
964,8/16/2024,8/16/2024,DOC000964,Invoice,2,2,2,12,,2,2,2851.5,427.725,2,1425.75,GL0002,202408,B4,System,2/14/2026 16:10
967,9/23/2024,9/23/2024,DOC000967,Invoice,4,2,2,9,,2,4,8930.5,1339.575,6,1488.416667,GL0002,202409,B7,System,2/14/2026 16:10
971,7/6/2024,7/6/2024,DOC000971,Invoice,5,2,2,40,,2,5,11548,1732.2,10,1154.8,GL0002,202407,B1,System,2/14/2026 16:10
990,8/22/2024,8/22/2024,DOC000990,Invoice,1,2,1,26,,2,1,5218,782.7,5,1043.6,GL0002,202408,B0,System,2/14/2026 16:10
996,8/16/2024,8/16/2024,DOC000996,Invoice,1,2,2,21,,2,1,1674,251.1,8,209.25,GL0002,202408,B6,System,2/14/2026 16:10
998,9/1/2024,9/1/2024,DOC000998,Invoice,4,2,1,29,,2,4,4056,608.4,5,811.2,GL0002,202409,B8,System,2/14/2026 16:10
1007,7/1/2024,7/1/2024,DOC001007,Invoice,3,2,1,23,,2,3,1671.5,250.725,2,835.75,GL0002,202407,B7,System,2/14/2026 16:10
1010,9/19/2024,9/19/2024,DOC001010,Invoice,5,2,1,40,,2,5,17264,2589.6,10,1726.4,GL0002,202409,B0,System,2/14/2026 16:10
1019,7/4/2024,7/4/2024,DOC001019,Invoice,4,2,3,29,,2,4,2558.5,383.775,3,852.8333333,GL0002,202407,B9,System,2/14/2026 16:10
1028,7/10/2024,7/10/2024,DOC001028,Invoice,1,2,1,31,,2,1,4718.5,707.775,6,786.4166667,GL0002,202407,B8,System,2/14/2026 16:10
1048,7/13/2024,7/13/2024,DOC001048,Invoice,2,2,2,2,,2,2,1194.5,179.175,1,1194.5,GL0002,202407,B8,System,2/14/2026 16:10
1052,7/29/2024,7/29/2024,DOC001052,Invoice,1,2,2,1,,2,1,1284,192.6,3,428,GL0002,202407,B2,System,2/14/2026 16:10
1062,8/17/2024,8/17/2024,DOC001062,Invoice,4,2,3,29,,2,4,2309,346.35,4,577.25,GL0002,202408,B2,System,2/14/2026 16:10
1071,8/30/2024,8/30/2024,DOC001071,Invoice,1,2,1,16,,2,1,6448,967.2,5,1289.6,GL0002,202408,B1,System,2/14/2026 16:10
1079,7/7/2024,7/7/2024,DOC001079,Invoice,5,2,3,25,,2,5,13362,2004.3,7,1908.857143,GL0002,202407,B9,System,2/14/2026 16:10
1090,9/2/2024,9/2/2024,DOC001090,Invoice,1,2,3,36,,2,1,5028,754.2,3,1676,GL0002,202409,B0,System,2/14/2026 16:10
1093,9/1/2024,9/1/2024,DOC001093,Invoice,1,2,3,26,,2,1,12519,1877.85,7,1788.428571,GL0002,202409,B3,System,2/14/2026 16:10
1098,9/5/2024,9/5/2024,DOC001098,Invoice,1,2,1,6,,2,1,2185.5,327.825,3,728.5,GL0002,202409,B8,System,2/14/2026 16:10
1102,9/4/2024,9/4/2024,DOC001102,Invoice,4,2,3,9,,2,4,3162,474.3,4,790.5,GL0002,202409,B2,System,2/14/2026 16:10
1103,7/18/2024,7/18/2024,DOC001103,Invoice,4,2,2,34,,2,4,1830,274.5,5,366,GL0002,202407,B3,System,2/14/2026 16:10
1107,8/31/2024,8/31/2024,DOC001107,Invoice,5,2,1,30,,2,5,15472,2320.8,10,1547.2,GL0002,202408,B7,System,2/14/2026 16:10
1108,7/12/2024,7/12/2024,DOC001108,Invoice,2,2,3,32,,2,2,11059.5,1658.925,9,1228.833333,GL0002,202407,B8,System,2/14/2026 16:10
1110,8/27/2024,8/27/2024,DOC001110,Invoice,3,2,3,23,,2,3,10901,1635.15,6,1816.833333,GL0002,202408,B0,System,2/14/2026 16:10
1113,9/3/2024,9/3/2024,DOC001113,Invoice,1,2,3,36,,2,1,1588,238.2,7,226.8571429,GL0002,202409,B3,System,2/14/2026 16:10
1114,9/13/2024,9/13/2024,DOC001114,Invoice,1,2,1,26,,2,1,3661.5,549.225,3,1220.5,GL0002,202409,B4,System,2/14/2026 16:10
1118,8/12/2024,8/12/2024,DOC001118,Invoice,5,2,1,5,,2,5,484.5,72.675,1,484.5,GL0002,202408,B8,System,2/14/2026 16:10
1119,8/3/2024,8/3/2024,DOC001119,Invoice,1,2,1,11,,2,1,12766,1914.9,9,1418.444444,GL0002,202408,B9,System,2/14/2026 16:10
1120,8/17/2024,8/17/2024,DOC001120,Invoice,3,2,1,3,,2,3,6628,994.2,5,1325.6,GL0002,202408,B0,System,2/14/2026 16:10
1121,9/7/2024,9/7/2024,DOC001121,Invoice,5,2,2,30,,2,5,1094.5,164.175,3,364.8333333,GL0002,202409,B1,System,2/14/2026 16:10
1135,7/8/2024,7/8/2024,DOC001135,Invoice,1,2,3,16,,2,1,1779,266.85,1,1779,GL0002,202407,B5,System,2/14/2026 16:10
1147,9/23/2024,9/23/2024,DOC001147,Invoice,3,2,2,33,,2,3,2528,379.2,10,252.8,GL0002,202409,B7,System,2/14/2026 16:10
1162,9/10/2024,9/10/2024,DOC001162,Invoice,1,2,2,26,,2,1,1386,207.9,1,1386,GL0002,202409,B2,System,2/14/2026 16:10
1193,7/25/2024,7/25/2024,DOC001193,Invoice,3,2,2,33,,2,3,14525,2178.75,8,1815.625,GL0002,202407,B3,System,2/14/2026 16:10
1194,8/23/2024,8/23/2024,DOC001194,Invoice,2,2,3,22,,2,2,3866.5,579.975,6,644.4166667,GL0002,202408,B4,System,2/14/2026 16:10
1202,7/31/2024,7/31/2024,DOC001202,Invoice,2,2,3,17,,2,2,1050,157.5,5,210,GL0002,202407,B2,System,2/14/2026 16:10
1208,9/9/2024,9/9/2024,DOC001208,Invoice,3,2,1,38,,2,3,14660,2199,10,1466,GL0002,202409,B8,System,2/14/2026 16:10
1227,8/20/2024,8/20/2024,DOC001227,Invoice,1,2,2,36,,2,1,3110.5,466.575,2,1555.25,GL0002,202408,B7,System,2/14/2026 16:10
1233,7/6/2024,7/6/2024,DOC001233,Invoice,1,2,1,31,,2,1,2877,431.55,8,359.625,GL0002,202407,B3,System,2/14/2026 16:10
1246,9/22/2024,9/22/2024,DOC001246,Invoice,4,2,1,14,,2,4,649.5,97.425,1,649.5,GL0002,202409,B6,System,2/14/2026 16:10
1257,9/2/2024,9/2/2024,DOC001257,Invoice,5,2,3,5,,2,5,277,41.55,1,277,GL0002,202409,B7,System,2/14/2026 16:10
1262,8/30/2024,8/30/2024,DOC001262,Invoice,3,2,2,13,,2,3,9360,1404,9,1040,GL0002,202408,B2,System,2/14/2026 16:10
1263,7/30/2024,7/30/2024,DOC001263,Invoice,5,2,2,20,,2,5,5682,852.3,4,1420.5,GL0002,202407,B3,System,2/14/2026 16:10
1265,9/2/2024,9/2/2024,DOC001265,Invoice,1,2,2,16,,2,1,322,48.3,1,322,GL0002,202409,B5,System,2/14/2026 16:10
1270,8/5/2024,8/5/2024,DOC001270,Invoice,4,2,2,4,,2,4,14504,2175.6,10,1450.4,GL0002,202408,B0,System,2/14/2026 16:10
1285,8/18/2024,8/18/2024,DOC001285,Invoice,2,2,2,7,,2,2,2996.5,449.475,3,998.8333333,GL0002,202408,B5,System,2/14/2026 16:10
1288,9/20/2024,9/20/2024,DOC001288,Invoice,2,2,3,17,,2,2,2338,350.7,2,1169,GL0002,202409,B8,System,2/14/2026 16:10
1300,7/14/2024,7/14/2024,DOC001300,Invoice,4,2,3,34,,2,4,9139.5,1370.925,7,1305.642857,GL0002,202407,B0,System,2/14/2026 16:10
1332,8/4/2024,8/4/2024,DOC001332,Invoice,3,2,3,13,,2,3,10231.5,1534.725,9,1136.833333,GL0002,202408,B2,System,2/14/2026 16:10
1349,9/22/2024,9/22/2024,DOC001349,Invoice,4,2,3,29,,2,4,1234,185.1,3,411.3333333,GL0002,202409,B9,System,2/14/2026 16:10
1354,9/12/2024,9/12/2024,DOC001354,Invoice,3,2,1,8,,2,3,3590,538.5,2,1795,GL0002,202409,B4,System,2/14/2026 16:10
1359,8/17/2024,8/17/2024,DOC001359,Invoice,5,2,3,20,,2,5,12467,1870.05,9,1385.222222,GL0002,202408,B9,System,2/14/2026 16:10
1379,8/6/2024,8/6/2024,DOC001379,Invoice,5,2,1,5,,2,5,3258.5,488.775,2,1629.25,GL0002,202408,B9,System,2/14/2026 16:10
1384,7/10/2024,7/10/2024,DOC001384,Invoice,3,2,3,33,,2,3,6230.5,934.575,8,778.8125,GL0002,202407,B4,System,2/14/2026 16:10
1389,9/9/2024,9/9/2024,DOC001389,Invoice,1,2,1,36,,2,1,14234,2135.1,8,1779.25,GL0002,202409,B9,System,2/14/2026 16:10
1398,8/14/2024,8/14/2024,DOC001398,Invoice,4,2,2,39,,2,4,1970,295.5,1,1970,GL0002,202408,B8,System,2/14/2026 16:10
1403,7/20/2024,7/20/2024,DOC001403,Invoice,5,2,3,20,,2,5,14300,2145,10,1430,GL0002,202407,B3,System,2/14/2026 16:10
1410,7/19/2024,7/19/2024,DOC001410,Invoice,2,2,1,27,,2,2,2552,382.8,5,510.4,GL0002,202407,B0,System,2/14/2026 16:10
1412,8/3/2024,8/3/2024,DOC001412,Invoice,3,2,3,3,,2,3,4614.5,692.175,4,1153.625,GL0002,202408,B2,System,2/14/2026 16:10
1414,7/27/2024,7/27/2024,DOC001414,Invoice,3,2,1,38,,2,3,1144,171.6,1,1144,GL0002,202407,B4,System,2/14/2026 16:10
1417,9/19/2024,9/19/2024,DOC001417,Invoice,3,2,2,38,,2,3,4813.5,722.025,3,1604.5,GL0002,202409,B7,System,2/14/2026 16:10
1425,8/30/2024,8/30/2024,DOC001425,Invoice,3,2,2,28,,2,3,13036,1955.4,10,1303.6,GL0002,202408,B5,System,2/14/2026 16:10
1438,8/28/2024,8/28/2024,DOC001438,Invoice,3,2,3,33,,2,3,1191,178.65,1,1191,GL0002,202408,B8,System,2/14/2026 16:10
1455,8/6/2024,8/6/2024,DOC001455,Invoice,3,2,2,38,,2,3,10192,1528.8,9,1132.444444,GL0002,202408,B5,System,2/14/2026 16:10
1459,7/27/2024,7/27/2024,DOC001459,Invoice,5,2,1,25,,2,5,3698,554.7,2,1849,GL0002,202407,B9,System,2/14/2026 16:10
1478,8/6/2024,8/6/2024,DOC001478,Invoice,4,2,3,24,,2,4,1204.5,180.675,1,1204.5,GL0002,202408,B8,System,2/14/2026 16:10
1485,7/8/2024,7/8/2024,DOC001485,Invoice,4,2,2,9,,2,4,4010,601.5,8,501.25,GL0002,202407,B5,System,2/14/2026 16:10
1493,8/11/2024,8/11/2024,DOC001493,Invoice,5,2,1,25,,2,5,2708,406.2,2,1354,GL0002,202408,B3,System,2/14/2026 16:10
1504,9/28/2024,9/28/2024,DOC001504,Invoice,4,2,3,9,,2,4,1226.5,183.975,6,204.4166667,GL0002,202409,B4,System,2/14/2026 16:10
1514,8/7/2024,8/7/2024,DOC001514,Invoice,5,2,3,40,,2,5,2671.5,400.725,7,381.6428571,GL0002,202408,B4,System,2/14/2026 16:10
1518,9/20/2024,9/20/2024,DOC001518,Invoice,2,2,2,32,,2,2,756,113.4,1,756,GL0002,202409,B8,System,2/14/2026 16:10
1535,8/1/2024,8/1/2024,DOC001535,Invoice,4,2,2,29,,2,4,1621,243.15,4,405.25,GL0002,202408,B5,System,2/14/2026 16:10
1591,7/16/2024,7/16/2024,DOC001591,Invoice,1,2,3,11,,2,1,2678.5,401.775,9,297.6111111,GL0002,202407,B1,System,2/14/2026 16:10
1603,9/5/2024,9/5/2024,DOC001603,Invoice,4,2,2,19,,2,4,1480,222,3,493.3333333,GL0002,202409,B3,System,2/14/2026 16:10
1608,7/11/2024,7/11/2024,DOC001608,Invoice,2,2,1,2,,2,2,8471,1270.65,9,941.2222222,GL0002,202407,B8,System,2/14/2026 16:10
1610,9/21/2024,9/21/2024,DOC001610,Invoice,4,2,2,19,,2,4,4650,697.5,8,581.25,GL0002,202409,B0,System,2/14/2026 16:10
1620,9/5/2024,9/5/2024,DOC001620,Invoice,3,2,1,38,,2,3,2444,366.6,2,1222,GL0002,202409,B0,System,2/14/2026 16:10
1621,9/18/2024,9/18/2024,DOC001621,Invoice,5,2,3,40,,2,5,16376.5,2456.475,9,1819.611111,GL0002,202409,B1,System,2/14/2026 16:10
1635,7/5/2024,7/5/2024,DOC001635,Invoice,5,2,3,40,,2,5,2584,387.6,10,258.4,GL0002,202407,B5,System,2/14/2026 16:10
1637,8/18/2024,8/18/2024,DOC001637,Invoice,4,2,1,14,,2,4,918,137.7,1,918,GL0002,202408,B7,System,2/14/2026 16:10
1658,7/28/2024,7/28/2024,DOC001658,Invoice,3,2,1,23,,2,3,8213,1231.95,6,1368.833333,GL0002,202407,B8,System,2/14/2026 16:10
1661,8/3/2024,8/3/2024,DOC001661,Invoice,3,2,3,18,,2,3,3484,522.6,5,696.8,GL0002,202408,B1,System,2/14/2026 16:10
1665,8/21/2024,8/21/2024,DOC001665,Invoice,3,2,3,23,,2,3,4166.5,624.975,6,694.4166667,GL0002,202408,B5,System,2/14/2026 16:10
1669,7/11/2024,7/11/2024,DOC001669,Invoice,5,2,1,10,,2,5,9251.5,1387.725,7,1321.642857,GL0002,202407,B9,System,2/14/2026 16:10
1672,8/16/2024,8/16/2024,DOC001672,Invoice,4,2,3,19,,2,4,949,142.35,1,949,GL0002,202408,B2,System,2/14/2026 16:10
1676,7/21/2024,7/21/2024,DOC001676,Invoice,5,2,3,35,,2,5,5530,829.5,5,1106,GL0002,202407,B6,System,2/14/2026 16:10
1691,9/25/2024,9/25/2024,DOC001691,Invoice,2,2,1,37,,2,2,6456,968.4,4,1614,GL0002,202409,B1,System,2/14/2026 16:10
1692,7/4/2024,7/4/2024,DOC001692,Invoice,4,2,1,9,,2,4,2167.5,325.125,2,1083.75,GL0002,202407,B2,System,2/14/2026 16:10
1712,7/31/2024,7/31/2024,DOC001712,Invoice,3,2,2,18,,2,3,5104,765.6,3,1701.333333,GL0002,202407,B2,System,2/14/2026 16:10
1713,9/11/2024,9/11/2024,DOC001713,Invoice,3,2,2,3,,2,3,1714,257.1,6,285.6666667,GL0002,202409,B3,System,2/14/2026 16:10
1721,7/13/2024,7/13/2024,DOC001721,Invoice,5,2,3,40,,2,5,7744,1161.6,10,774.4,GL0002,202407,B1,System,2/14/2026 16:10
1725,7/22/2024,7/22/2024,DOC001725,Invoice,2,2,1,37,,2,2,4728,709.2,10,472.8,GL0002,202407,B5,System,2/14/2026 16:10
1738,7/31/2024,7/31/2024,DOC001738,Invoice,1,2,3,16,,2,1,1363.5,204.525,3,454.5,GL0002,202407,B8,System,2/14/2026 16:10
1743,9/6/2024,9/6/2024,DOC001743,Invoice,2,2,1,32,,2,2,6742,1011.3,5,1348.4,GL0002,202409,B3,System,2/14/2026 16:10
1755,8/25/2024,8/25/2024,DOC001755,Invoice,3,2,2,23,,2,3,986.5,147.975,2,493.25,GL0002,202408,B5,System,2/14/2026 16:10
1771,8/3/2024,8/3/2024,DOC001771,Invoice,5,2,1,20,,2,5,1174.5,176.175,1,1174.5,GL0002,202408,B1,System,2/14/2026 16:10
1778,8/20/2024,8/20/2024,DOC001778,Invoice,1,2,3,36,,2,1,2398.5,359.775,2,1199.25,GL0002,202408,B8,System,2/14/2026 16:10
1779,9/12/2024,9/12/2024,DOC001779,Invoice,5,2,2,15,,2,5,10073,1510.95,9,1119.222222,GL0002,202409,B9,System,2/14/2026 16:10
1795,7/23/2024,7/23/2024,DOC001795,Invoice,2,2,2,32,,2,2,1064,159.6,4,266,GL0002,202407,B5,System,2/14/2026 16:10
1798,9/6/2024,9/6/2024,DOC001798,Invoice,5,2,3,5,,2,5,2554,383.1,4,638.5,GL0002,202409,B8,System,2/14/2026 16:10
1799,8/18/2024,8/18/2024,DOC001799,Invoice,2,2,2,2,,2,2,4823,723.45,3,1607.666667,GL0002,202408,B9,System,2/14/2026 16:10
1807,8/27/2024,8/27/2024,DOC001807,Invoice,1,2,3,11,,2,1,6942.5,1041.375,4,1735.625,GL0002,202408,B7,System,2/14/2026 16:10
1809,7/13/2024,7/13/2024,DOC001809,Invoice,5,2,1,20,,2,5,6463.5,969.525,6,1077.25,GL0002,202407,B9,System,2/14/2026 16:10
1820,8/9/2024,8/9/2024,DOC001820,Invoice,4,2,3,39,,2,4,2947.5,442.125,6,491.25,GL0002,202408,B0,System,2/14/2026 16:10
1823,8/2/2024,8/2/2024,DOC001823,Invoice,5,2,1,25,,2,5,3566,534.9,5,713.2,GL0002,202408,B3,System,2/14/2026 16:10
1860,8/11/2024,8/11/2024,DOC001860,Invoice,3,2,1,8,,2,3,5622.5,843.375,7,803.2142857,GL0002,202408,B0,System,2/14/2026 16:10
1863,9/11/2024,9/11/2024,DOC001863,Invoice,2,2,3,2,,2,2,1436,215.4,2,718,GL0002,202409,B3,System,2/14/2026 16:10
1866,8/10/2024,8/10/2024,DOC001866,Invoice,3,2,2,8,,2,3,4022.5,603.375,3,1340.833333,GL0002,202408,B6,System,2/14/2026 16:10
1875,8/26/2024,8/26/2024,DOC001875,Invoice,4,2,1,24,,2,4,3584.5,537.675,3,1194.833333,GL0002,202408,B5,System,2/14/2026 16:10
1877,7/2/2024,7/2/2024,DOC001877,Invoice,1,2,3,16,,2,1,5276,791.4,5,1055.2,GL0002,202407,B7,System,2/14/2026 16:10
1878,7/27/2024,7/27/2024,DOC001878,Invoice,4,2,1,14,,2,4,277.5,41.625,1,277.5,GL0002,202407,B8,System,2/14/2026 16:10
1884,8/13/2024,8/13/2024,DOC001884,Invoice,4,2,3,19,,2,4,7544,1131.6,10,754.4,GL0002,202408,B4,System,2/14/2026 16:10
1903,7/9/2024,7/9/2024,DOC001903,Invoice,5,2,2,5,,2,5,4668,700.2,10,466.8,GL0002,202407,B3,System,2/14/2026 16:10
1904,9/11/2024,9/11/2024,DOC001904,Invoice,2,2,1,2,,2,2,17980,2697,10,1798,GL0002,202409,B4,System,2/14/2026 16:10
1914,7/18/2024,7/18/2024,DOC001914,Invoice,1,2,1,31,,2,1,10662.5,1599.375,8,1332.8125,GL0002,202407,B4,System,2/14/2026 16:10
1924,9/6/2024,9/6/2024,DOC001924,Invoice,4,2,2,39,,2,4,13569,2035.35,7,1938.428571,GL0002,202409,B4,System,2/14/2026 16:10
1927,7/9/2024,7/9/2024,DOC001927,Invoice,2,2,1,27,,2,2,5149.5,772.425,3,1716.5,GL0002,202407,B7,System,2/14/2026 16:10
1935,7/5/2024,7/5/2024,DOC001935,Invoice,4,2,1,4,,2,4,14890,2233.5,8,1861.25,GL0002,202407,B5,System,2/14/2026 16:10
1936,9/19/2024,9/19/2024,DOC001936,Invoice,1,2,3,6,,2,1,10402,1560.3,7,1486,GL0002,202409,B6,System,2/14/2026 16:10
1950,9/22/2024,9/22/2024,DOC001950,Invoice,3,2,2,3,,2,3,5836,875.4,9,648.4444444,GL0002,202409,B0,System,2/14/2026 16:10
1957,7/26/2024,7/26/2024,DOC001957,Invoice,2,2,2,32,,2,2,1267.5,190.125,2,633.75,GL0002,202407,B7,System,2/14/2026 16:10
1964,9/17/2024,9/17/2024,DOC001964,Invoice,2,2,1,12,,2,2,3912,586.8,10,391.2,GL0002,202409,B4,System,2/14/2026 16:10
1965,7/19/2024,7/19/2024,DOC001965,Invoice,3,2,2,28,,2,3,5731.5,859.725,4,1432.875,GL0002,202407,B5,System,2/14/2026 16:10
1966,7/24/2024,7/24/2024,DOC001966,Invoice,4,2,2,34,,2,4,4520,678,10,452,GL0002,202407,B6,System,2/14/2026 16:10
1970,9/13/2024,9/13/2024,DOC001970,Invoice,5,2,3,5,,2,5,12328.5,1849.275,7,1761.214286,GL0002,202409,B0,System,2/14/2026 16:10
1980,8/23/2024,8/23/2024,DOC001980,Invoice,2,2,2,22,,2,2,7126.5,1068.975,4,1781.625,GL0002,202408,B0,System,2/14/2026 16:10
1981,8/19/2024,8/19/2024,DOC001981,Invoice,4,2,1,39,,2,4,3766.5,564.975,2,1883.25,GL0002,202408,B1,System,2/14/2026 16:10
1983,8/10/2024,8/10/2024,DOC001983,Invoice,2,2,2,7,,2,2,1622.5,243.375,3,540.8333333,GL0002,202408,B3,System,2/14/2026 16:10
1991,8/18/2024,8/18/2024,DOC001991,Invoice,5,2,3,30,,2,5,1490,223.5,7,212.8571429,GL0002,202408,B1,System,2/14/2026 16:10
1993,9/2/2024,9/2/2024,DOC001993,Invoice,5,2,2,5,,2,5,3337,500.55,2,1668.5,GL0002,202409,B3,System,2/14/2026 16:10
1996,9/28/2024,9/28/2024,DOC001996,Invoice,1,2,2,16,,2,1,3593,538.95,9,399.2222222,GL0002,202409,B6,System,2/14/2026 16:10
2003,8/23/2024,8/23/2024,DOC002003,Invoice,1,2,3,36,,2,1,4748.5,712.275,3,1582.833333,GL0002,202408,B3,System,2/14/2026 16:10
2005,9/10/2024,9/10/2024,DOC002005,Invoice,3,2,2,8,,2,3,3630.5,544.575,4,907.625,GL0002,202409,B5,System,2/14/2026 16:10
2018,8/19/2024,8/19/2024,DOC002018,Invoice,4,2,1,29,,2,4,1457,218.55,3,485.6666667,GL0002,202408,B8,System,2/14/2026 16:10
2022,7/20/2024,7/20/2024,DOC002022,Invoice,4,2,2,34,,2,4,6552,982.8,7,936,GL0002,202407,B2,System,2/14/2026 16:10
2032,9/5/2024,9/5/2024,DOC002032,Invoice,4,2,3,24,,2,4,1246,186.9,1,1246,GL0002,202409,B2,System,2/14/2026 16:10
2059,8/17/2024,8/17/2024,DOC002059,Invoice,3,2,1,13,,2,3,14776,2216.4,10,1477.6,GL0002,202408,B9,System,2/14/2026 16:10
2064,8/14/2024,8/14/2024,DOC002064,Invoice,4,2,3,29,,2,4,5708,856.2,10,570.8,GL0002,202408,B4,System,2/14/2026 16:10
2066,9/12/2024,9/12/2024,DOC002066,Invoice,2,2,3,22,,2,2,5658,848.7,3,1886,GL0002,202409,B6,System,2/14/2026 16:10
2071,8/30/2024,8/30/2024,DOC002071,Invoice,3,2,3,8,,2,3,4249.5,637.425,3,1416.5,GL0002,202408,B1,System,2/14/2026 16:10
2081,7/9/2024,7/9/2024,DOC002081,Invoice,2,2,2,12,,2,2,3053,457.95,3,1017.666667,GL0002,202407,B1,System,2/14/2026 16:10
2091,8/8/2024,8/8/2024,DOC002091,Invoice,2,2,2,32,,2,2,381,57.15,1,381,GL0002,202408,B1,System,2/14/2026 16:10
2094,7/10/2024,7/10/2024,DOC002094,Invoice,2,2,3,17,,2,2,10864,1629.6,8,1358,GL0002,202407,B4,System,2/14/2026 16:10
2112,8/13/2024,8/13/2024,DOC002112,Invoice,5,2,2,25,,2,5,2118.5,317.775,8,264.8125,GL0002,202408,B2,System,2/14/2026 16:10
2113,8/10/2024,8/10/2024,DOC002113,Invoice,4,2,1,39,,2,4,5004,750.6,5,1000.8,GL0002,202408,B3,System,2/14/2026 16:10
2116,9/7/2024,9/7/2024,DOC002116,Invoice,2,2,3,2,,2,2,9168,1375.2,10,916.8,GL0002,202409,B6,System,2/14/2026 16:10
2122,7/27/2024,7/27/2024,DOC002122,Invoice,1,2,2,11,,2,1,12099.5,1814.925,8,1512.4375,GL0002,202407,B2,System,2/14/2026 16:10
2127,7/9/2024,7/9/2024,DOC002127,Invoice,4,2,3,39,,2,4,7042,1056.3,7,1006,GL0002,202407,B7,System,2/14/2026 16:10
2132,8/8/2024,8/8/2024,DOC002132,Invoice,5,2,3,40,,2,5,3814.5,572.175,2,1907.25,GL0002,202408,B2,System,2/14/2026 16:10
2138,9/26/2024,9/26/2024,DOC002138,Invoice,1,2,1,11,,2,1,8400,1260,10,840,GL0002,202409,B8,System,2/14/2026 16:10
2144,9/23/2024,9/23/2024,DOC002144,Invoice,4,2,1,24,,2,4,1574.5,236.175,1,1574.5,GL0002,202409,B4,System,2/14/2026 16:10
2145,9/26/2024,9/26/2024,DOC002145,Invoice,5,2,3,15,,2,5,2453,367.95,3,817.6666667,GL0002,202409,B5,System,2/14/2026 16:10
2148,7/31/2024,7/31/2024,DOC002148,Invoice,5,2,2,30,,2,5,2856,428.4,5,571.2,GL0002,202407,B8,System,2/14/2026 16:10
2155,9/26/2024,9/26/2024,DOC002155,Invoice,4,2,2,19,,2,4,2178,326.7,3,726,GL0002,202409,B5,System,2/14/2026 16:10
2159,7/14/2024,7/14/2024,DOC002159,Invoice,2,2,2,7,,2,2,18692,2803.8,10,1869.2,GL0002,202407,B9,System,2/14/2026 16:10
2162,7/17/2024,7/17/2024,DOC002162,Invoice,5,2,1,5,,2,5,14148,2122.2,10,1414.8,GL0002,202407,B2,System,2/14/2026 16:10
2168,7/9/2024,7/9/2024,DOC002168,Invoice,2,2,3,37,,2,2,11656.5,1748.475,7,1665.214286,GL0002,202407,B8,System,2/14/2026 16:10
2172,7/12/2024,7/12/2024,DOC002172,Invoice,3,2,1,8,,2,3,2734.5,410.175,2,1367.25,GL0002,202407,B2,System,2/14/2026 16:10
2196,9/25/2024,9/25/2024,DOC002196,Invoice,1,2,1,21,,2,1,5253,787.95,4,1313.25,GL0002,202409,B6,System,2/14/2026 16:10
2200,9/12/2024,9/12/2024,DOC002200,Invoice,1,2,3,36,,2,1,9106,1365.9,5,1821.2,GL0002,202409,B0,System,2/14/2026 16:10
2206,7/23/2024,7/23/2024,DOC002206,Invoice,4,2,3,24,,2,4,9461,1419.15,6,1576.833333,GL0002,202407,B6,System,2/14/2026 16:10
2207,7/27/2024,7/27/2024,DOC002207,Invoice,1,2,3,1,,2,1,3818.5,572.775,2,1909.25,GL0002,202407,B7,System,2/14/2026 16:10
2209,8/2/2024,8/2/2024,DOC002209,Invoice,3,2,2,8,,2,3,1103.5,165.525,1,1103.5,GL0002,202408,B9,System,2/14/2026 16:10
2212,8/18/2024,8/18/2024,DOC002212,Invoice,2,2,2,37,,2,2,981,147.15,4,245.25,GL0002,202408,B2,System,2/14/2026 16:10
2236,7/13/2024,7/13/2024,DOC002236,Invoice,2,2,1,17,,2,2,5479.5,821.925,3,1826.5,GL0002,202407,B6,System,2/14/2026 16:10
2241,7/12/2024,7/12/2024,DOC002241,Invoice,4,2,3,29,,2,4,3686.5,552.975,9,409.6111111,GL0002,202407,B1,System,2/14/2026 16:10
2244,7/27/2024,7/27/2024,DOC002244,Invoice,1,2,2,1,,2,1,700,105,3,233.3333333,GL0002,202407,B4,System,2/14/2026 16:10
2250,7/7/2024,7/7/2024,DOC002250,Invoice,5,2,3,40,,2,5,10013,1501.95,8,1251.625,GL0002,202407,B0,System,2/14/2026 16:10
2252,8/2/2024,8/2/2024,DOC002252,Invoice,1,2,1,36,,2,1,4848,727.2,3,1616,GL0002,202408,B2,System,2/14/2026 16:10
2256,8/16/2024,8/16/2024,DOC002256,Invoice,3,2,1,3,,2,3,2237,335.55,8,279.625,GL0002,202408,B6,System,2/14/2026 16:10
2260,8/22/2024,8/22/2024,DOC002260,Invoice,1,2,1,31,,2,1,14166.5,2124.975,8,1770.8125,GL0002,202408,B0,System,2/14/2026 16:10
2269,7/10/2024,7/10/2024,DOC002269,Invoice,5,2,3,5,,2,5,4482,672.3,3,1494,GL0002,202407,B9,System,2/14/2026 16:10
2270,8/8/2024,8/8/2024,DOC002270,Invoice,2,2,2,22,,2,2,5060,759,10,506,GL0002,202408,B0,System,2/14/2026 16:10
2278,8/3/2024,8/3/2024,DOC002278,Invoice,1,2,1,31,,2,1,5136,770.4,10,513.6,GL0002,202408,B8,System,2/14/2026 16:10
2285,7/20/2024,7/20/2024,DOC002285,Invoice,3,2,2,8,,2,3,3642,546.3,4,910.5,GL0002,202407,B5,System,2/14/2026 16:10
2300,8/3/2024,8/3/2024,DOC002300,Invoice,1,2,2,21,,2,1,9845,1476.75,7,1406.428571,GL0002,202408,B0,System,2/14/2026 16:10
2315,7/3/2024,7/3/2024,DOC002315,Invoice,3,2,1,13,,2,3,4387.5,658.125,4,1096.875,GL0002,202407,B5,System,2/14/2026 16:10
2321,8/12/2024,8/12/2024,DOC002321,Invoice,3,2,2,23,,2,3,10397,1559.55,8,1299.625,GL0002,202408,B1,System,2/14/2026 16:10
2332,9/4/2024,9/4/2024,DOC002332,Invoice,5,2,1,25,,2,5,14159,2123.85,9,1573.222222,GL0002,202409,B2,System,2/14/2026 16:10
2334,8/12/2024,8/12/2024,DOC002334,Invoice,4,2,2,39,,2,4,17200,2580,10,1720,GL0002,202408,B4,System,2/14/2026 16:10
2349,7/23/2024,7/23/2024,DOC002349,Invoice,3,2,2,23,,2,3,12247.5,1837.125,9,1360.833333,GL0002,202407,B9,System,2/14/2026 16:10
2351,7/22/2024,7/22/2024,DOC002351,Invoice,2,2,3,27,,2,2,9532,1429.8,10,953.2,GL0002,202407,B1,System,2/14/2026 16:10
2371,8/30/2024,8/30/2024,DOC002371,Invoice,2,2,2,37,,2,2,11502,1725.3,9,1278,GL0002,202408,B1,System,2/14/2026 16:10
2375,9/1/2024,9/1/2024,DOC002375,Invoice,4,2,2,19,,2,4,8118.5,1217.775,8,1014.8125,GL0002,202409,B5,System,2/14/2026 16:10
2380,7/27/2024,7/27/2024,DOC002380,Invoice,3,2,1,13,,2,3,1618,242.7,2,809,GL0002,202407,B0,System,2/14/2026 16:10
2384,8/3/2024,8/3/2024,DOC002384,Invoice,5,2,3,10,,2,5,9456,1418.4,5,1891.2,GL0002,202408,B4,System,2/14/2026 16:10
2387,8/23/2024,8/23/2024,DOC002387,Invoice,1,2,1,16,,2,1,5400,810,6,900,GL0002,202408,B7,System,2/14/2026 16:10
2398,8/27/2024,8/27/2024,DOC002398,Invoice,5,2,2,10,,2,5,6005,900.75,9,667.2222222,GL0002,202408,B8,System,2/14/2026 16:10
2400,7/11/2024,7/11/2024,DOC002400,Invoice,3,2,2,33,,2,3,6062.5,909.375,6,1010.416667,GL0002,202407,B0,System,2/14/2026 16:10
2422,9/3/2024,9/3/2024,DOC002422,Invoice,5,2,2,15,,2,5,2960,444,4,740,GL0002,202409,B2,System,2/14/2026 16:10
2433,8/24/2024,8/24/2024,DOC002433,Invoice,4,2,1,19,,2,4,10254,1538.1,7,1464.857143,GL0002,202408,B3,System,2/14/2026 16:10
2438,7/5/2024,7/5/2024,DOC002438,Invoice,2,2,1,7,,2,2,16284,2442.6,10,1628.4,GL0002,202407,B8,System,2/14/2026 16:10
2445,7/14/2024,7/14/2024,DOC002445,Invoice,4,2,2,14,,2,4,7885,1182.75,7,1126.428571,GL0002,202407,B5,System,2/14/2026 16:10
2454,9/17/2024,9/17/2024,DOC002454,Invoice,3,2,3,23,,2,3,9629,1444.35,8,1203.625,GL0002,202409,B4,System,2/14/2026 16:10
2457,8/11/2024,8/11/2024,DOC002457,Invoice,5,2,1,35,,2,5,14352,2152.8,10,1435.2,GL0002,202408,B7,System,2/14/2026 16:10
2462,7/26/2024,7/26/2024,DOC002462,Invoice,1,2,3,26,,2,1,19992,2998.8,10,1999.2,GL0002,202407,B2,System,2/14/2026 16:10
2468,8/19/2024,8/19/2024,DOC002468,Invoice,5,2,2,25,,2,5,1344,201.6,6,224,GL0002,202408,B8,System,2/14/2026 16:10
2472,8/18/2024,8/18/2024,DOC002472,Invoice,5,2,1,25,,2,5,213.5,32.025,1,213.5,GL0002,202408,B2,System,2/14/2026 16:10
2477,8/26/2024,8/26/2024,DOC002477,Invoice,2,2,1,2,,2,2,8280,1242,6,1380,GL0002,202408,B7,System,2/14/2026 16:10
2479,8/4/2024,8/4/2024,DOC002479,Invoice,4,2,3,39,,2,4,16517,2477.55,9,1835.222222,GL0002,202408,B9,System,2/14/2026 16:10
2480,8/28/2024,8/28/2024,DOC002480,Invoice,1,2,3,26,,2,1,8950.5,1342.575,8,1118.8125,GL0002,202408,B0,System,2/14/2026 16:10
2481,7/15/2024,7/15/2024,DOC002481,Invoice,2,2,3,22,,2,2,4230.5,634.575,8,528.8125,GL0002,202407,B1,System,2/14/2026 16:10
2503,9/18/2024,9/18/2024,DOC002503,Invoice,2,2,3,22,,2,2,16081.5,2412.225,9,1786.833333,GL0002,202409,B3,System,2/14/2026 16:10
2505,8/9/2024,8/9/2024,DOC002505,Invoice,2,2,3,7,,2,2,9594,1439.1,5,1918.8,GL0002,202408,B5,System,2/14/2026 16:10
2520,8/8/2024,8/8/2024,DOC002520,Invoice,2,2,1,27,,2,2,8124,1218.6,10,812.4,GL0002,202408,B0,System,2/14/2026 16:10
2524,8/24/2024,8/24/2024,DOC002524,Invoice,1,2,2,31,,2,1,5827.5,874.125,8,728.4375,GL0002,202408,B4,System,2/14/2026 16:10
2527,9/17/2024,9/17/2024,DOC002527,Invoice,4,2,3,39,,2,4,5102.5,765.375,4,1275.625,GL0002,202409,B7,System,2/14/2026 16:10
2542,7/31/2024,7/31/2024,DOC002542,Invoice,1,2,2,11,,2,1,1896,284.4,2,948,GL0002,202407,B2,System,2/14/2026 16:10
2545,9/18/2024,9/18/2024,DOC002545,Invoice,5,2,3,20,,2,5,3160,474,3,1053.333333,GL0002,202409,B5,System,2/14/2026 16:10
2546,8/6/2024,8/6/2024,DOC002546,Invoice,2,2,2,32,,2,2,1456,218.4,2,728,GL0002,202408,B6,System,2/14/2026 16:10
2547,9/18/2024,9/18/2024,DOC002547,Invoice,4,2,1,9,,2,4,9918,1487.7,5,1983.6,GL0002,202409,B7,System,2/14/2026 16:10
2554,8/2/2024,8/2/2024,DOC002554,Invoice,4,2,1,4,,2,4,10886.5,1632.975,9,1209.611111,GL0002,202408,B4,System,2/14/2026 16:10
2557,9/1/2024,9/1/2024,DOC002557,Invoice,5,2,2,20,,2,5,2353.5,353.025,3,784.5,GL0002,202409,B7,System,2/14/2026 16:10
2560,8/10/2024,8/10/2024,DOC002560,Invoice,3,2,2,18,,2,3,1333.5,200.025,1,1333.5,GL0002,202408,B0,System,2/14/2026 16:10
2563,8/18/2024,8/18/2024,DOC002563,Invoice,3,2,1,28,,2,3,1194,179.1,4,298.5,GL0002,202408,B3,System,2/14/2026 16:10
2568,7/10/2024,7/10/2024,DOC002568,Invoice,5,2,3,15,,2,5,6876,1031.4,6,1146,GL0002,202407,B8,System,2/14/2026 16:10
2569,8/9/2024,8/9/2024,DOC002569,Invoice,1,2,1,16,,2,1,7992,1198.8,5,1598.4,GL0002,202408,B9,System,2/14/2026 16:10
2574,7/26/2024,7/26/2024,DOC002574,Invoice,1,2,2,6,,2,1,12637,1895.55,8,1579.625,GL0002,202407,B4,System,2/14/2026 16:10
2611,7/14/2024,7/14/2024,DOC002611,Invoice,3,2,2,28,,2,3,851,127.65,3,283.6666667,GL0002,202407,B1,System,2/14/2026 16:10
2612,8/9/2024,8/9/2024,DOC002612,Invoice,2,2,2,22,,2,2,10220.5,1533.075,9,1135.611111,GL0002,202408,B2,System,2/14/2026 16:10
2649,8/16/2024,8/16/2024,DOC002649,Invoice,3,2,2,38,,2,3,1242,186.3,1,1242,GL0002,202408,B9,System,2/14/2026 16:10
2650,7/10/2024,7/10/2024,DOC002650,Invoice,1,2,3,36,,2,1,5767.5,865.125,9,640.8333333,GL0002,202407,B0,System,2/14/2026 16:10
2651,7/31/2024,7/31/2024,DOC002651,Invoice,5,2,3,5,,2,5,1242.5,186.375,2,621.25,GL0002,202407,B1,System,2/14/2026 16:10
2655,9/21/2024,9/21/2024,DOC002655,Invoice,2,2,3,17,,2,2,12366,1854.9,9,1374,GL0002,202409,B5,System,2/14/2026 16:10
2674,7/20/2024,7/20/2024,DOC002674,Invoice,5,2,2,35,,2,5,3181,477.15,7,454.4285714,GL0002,202407,B4,System,2/14/2026 16:10
2681,9/3/2024,9/3/2024,DOC002681,Invoice,4,2,3,24,,2,4,6979.5,1046.925,6,1163.25,GL0002,202409,B1,System,2/14/2026 16:10
2682,7/15/2024,7/15/2024,DOC002682,Invoice,3,2,3,18,,2,3,1182.5,177.375,2,591.25,GL0002,202407,B2,System,2/14/2026 16:10
2683,8/15/2024,8/15/2024,DOC002683,Invoice,4,2,3,14,,2,4,2674,401.1,6,445.6666667,GL0002,202408,B3,System,2/14/2026 16:10
2686,7/28/2024,7/28/2024,DOC002686,Invoice,1,2,3,1,,2,1,13240,1986,10,1324,GL0002,202407,B6,System,2/14/2026 16:10
2700,9/9/2024,9/9/2024,DOC002700,Invoice,1,2,3,1,,2,1,3010,451.5,4,752.5,GL0002,202409,B0,System,2/14/2026 16:10
2703,8/31/2024,8/31/2024,DOC002703,Invoice,1,2,2,1,,2,1,11428,1714.2,10,1142.8,GL0002,202408,B3,System,2/14/2026 16:10
2708,7/20/2024,7/20/2024,DOC002708,Invoice,1,2,2,21,,2,1,8414,1262.1,5,1682.8,GL0002,202407,B8,System,2/14/2026 16:10
2723,8/23/2024,8/23/2024,DOC002723,Invoice,4,2,1,29,,2,4,1186,177.9,2,593,GL0002,202408,B3,System,2/14/2026 16:10
2724,8/24/2024,8/24/2024,DOC002724,Invoice,3,2,1,33,,2,3,2304,345.6,4,576,GL0002,202408,B4,System,2/14/2026 16:10
2741,7/2/2024,7/2/2024,DOC002741,Invoice,2,2,1,2,,2,2,6742,1011.3,6,1123.666667,GL0002,202407,B1,System,2/14/2026 16:10
2742,9/20/2024,9/20/2024,DOC002742,Invoice,4,2,2,14,,2,4,406.5,60.975,1,406.5,GL0002,202409,B2,System,2/14/2026 16:10
2745,9/25/2024,9/25/2024,DOC002745,Invoice,1,2,1,6,,2,1,13236,1985.4,7,1890.857143,GL0002,202409,B5,System,2/14/2026 16:10
2748,9/17/2024,9/17/2024,DOC002748,Invoice,4,2,1,34,,2,4,3158.5,473.775,7,451.2142857,GL0002,202409,B8,System,2/14/2026 16:10
2758,9/9/2024,9/9/2024,DOC002758,Invoice,2,2,1,17,,2,2,6471,970.65,7,924.4285714,GL0002,202409,B8,System,2/14/2026 16:10
2766,8/8/2024,8/8/2024,DOC002766,Invoice,5,2,2,35,,2,5,1774.5,266.175,1,1774.5,GL0002,202408,B6,System,2/14/2026 16:10
2776,9/23/2024,9/23/2024,DOC002776,Invoice,3,2,1,28,,2,3,6747.5,1012.125,4,1686.875,GL0002,202409,B6,System,2/14/2026 16:10
2783,8/18/2024,8/18/2024,DOC002783,Invoice,2,2,3,17,,2,2,6062.5,909.375,4,1515.625,GL0002,202408,B3,System,2/14/2026 16:10
2795,8/24/2024,8/24/2024,DOC002795,Invoice,3,2,3,8,,2,3,3813,571.95,4,953.25,GL0002,202408,B5,System,2/14/2026 16:10
2798,9/3/2024,9/3/2024,DOC002798,Invoice,2,2,2,27,,2,2,3538,530.7,6,589.6666667,GL0002,202409,B8,System,2/14/2026 16:10
2818,9/11/2024,9/11/2024,DOC002818,Invoice,3,2,1,3,,2,3,6458.5,968.775,6,1076.416667,GL0002,202409,B8,System,2/14/2026 16:10
2833,7/11/2024,7/11/2024,DOC002833,Invoice,1,2,1,26,,2,1,2474.5,371.175,3,824.8333333,GL0002,202407,B3,System,2/14/2026 16:10
2838,9/4/2024,9/4/2024,DOC002838,Invoice,4,2,3,9,,2,4,3394,509.1,4,848.5,GL0002,202409,B8,System,2/14/2026 16:10
2855,9/6/2024,9/6/2024,DOC002855,Invoice,3,2,3,3,,2,3,12240,1836,10,1224,GL0002,202409,B5,System,2/14/2026 16:10
2866,9/21/2024,9/21/2024,DOC002866,Invoice,2,2,1,7,,2,2,6355.5,953.325,8,794.4375,GL0002,202409,B6,System,2/14/2026 16:10
2882,9/12/2024,9/12/2024,DOC002882,Invoice,5,2,1,20,,2,5,2004,300.6,3,668,GL0002,202409,B2,System,2/14/2026 16:10
2883,8/21/2024,8/21/2024,DOC002883,Invoice,5,2,2,5,,2,5,9098.5,1364.775,6,1516.416667,GL0002,202408,B3,System,2/14/2026 16:10
2887,8/11/2024,8/11/2024,DOC002887,Invoice,4,2,2,19,,2,4,8842.5,1326.375,7,1263.214286,GL0002,202408,B7,System,2/14/2026 16:10
2888,8/11/2024,8/11/2024,DOC002888,Invoice,4,2,1,39,,2,4,3134.5,470.175,6,522.4166667,GL0002,202408,B8,System,2/14/2026 16:10
2901,9/12/2024,9/12/2024,DOC002901,Invoice,5,2,3,40,,2,5,8016,1202.4,5,1603.2,GL0002,202409,B1,System,2/14/2026 16:10
2902,8/5/2024,8/5/2024,DOC002902,Invoice,1,2,3,31,,2,1,7042,1056.3,9,782.4444444,GL0002,202408,B2,System,2/14/2026 16:10
2910,7/30/2024,7/30/2024,DOC002910,Invoice,2,2,3,37,,2,2,1571,235.65,1,1571,GL0002,202407,B0,System,2/14/2026 16:10
2934,7/3/2024,7/3/2024,DOC002934,Invoice,1,2,1,6,,2,1,849.5,127.425,1,849.5,GL0002,202407,B4,System,2/14/2026 16:10
2949,8/23/2024,8/23/2024,DOC002949,Invoice,3,2,1,3,,2,3,18880,2832,10,1888,GL0002,202408,B9,System,2/14/2026 16:10
2952,9/8/2024,9/8/2024,DOC002952,Invoice,2,2,1,27,,2,2,4442.5,666.375,6,740.4166667,GL0002,202409,B2,System,2/14/2026 16:10
2956,7/28/2024,7/28/2024,DOC002956,Invoice,2,2,2,12,,2,2,5206,780.9,5,1041.2,GL0002,202407,B6,System,2/14/2026 16:10
2957,9/8/2024,9/8/2024,DOC002957,Invoice,2,2,1,32,,2,2,3491.5,523.725,4,872.875,GL0002,202409,B7,System,2/14/2026 16:10
2960,9/19/2024,9/19/2024,DOC002960,Invoice,5,2,1,20,,2,5,1854.5,278.175,1,1854.5,GL0002,202409,B0,System,2/14/2026 16:10
2969,8/26/2024,8/26/2024,DOC002969,Invoice,5,2,3,35,,2,5,11436,1715.4,10,1143.6,GL0002,202408,B9,System,2/14/2026 16:10
2974,7/6/2024,7/6/2024,DOC002974,Invoice,1,2,3,26,,2,1,5944,891.6,4,1486,GL0002,202407,B4,System,2/14/2026 16:10
2984,7/18/2024,7/18/2024,DOC002984,Invoice,1,2,2,11,,2,1,6171.5,925.725,4,1542.875,GL0002,202407,B4,System,2/14/2026 16:10
2990,8/20/2024,8/20/2024,DOC002990,Invoice,2,2,1,12,,2,2,12256,1838.4,7,1750.857143,GL0002,202408,B0,System,2/14/2026 16:10
3012,7/13/2024,7/13/2024,DOC003012,Invoice,5,2,1,10,,2,5,1547.5,232.125,2,773.75,GL0002,202407,B2,System,2/14/2026 16:10
3016,7/4/2024,7/4/2024,DOC003016,Invoice,5,2,2,25,,2,5,6002,900.3,5,1200.4,GL0002,202407,B6,System,2/14/2026 16:10
3030,8/26/2024,8/26/2024,DOC003030,Invoice,3,2,2,38,,2,3,1440.5,216.075,1,1440.5,GL0002,202408,B0,System,2/14/2026 16:10
3038,8/25/2024,8/25/2024,DOC003038,Invoice,3,2,2,33,,2,3,4267.5,640.125,3,1422.5,GL0002,202408,B8,System,2/14/2026 16:10
3042,9/9/2024,9/9/2024,DOC003042,Invoice,1,2,3,16,,2,1,4208.5,631.275,9,467.6111111,GL0002,202409,B2,System,2/14/2026 16:10
3047,8/7/2024,8/7/2024,DOC003047,Invoice,4,2,1,14,,2,4,13647.5,2047.125,7,1949.642857,GL0002,202408,B7,System,2/14/2026 16:10
3050,9/1/2024,9/1/2024,DOC003050,Invoice,4,2,1,9,,2,4,4709,706.35,4,1177.25,GL0002,202409,B0,System,2/14/2026 16:10
3052,8/15/2024,8/15/2024,DOC003052,Invoice,2,2,2,7,,2,2,6918.5,1037.775,4,1729.625,GL0002,202408,B2,System,2/14/2026 16:10
3055,9/27/2024,9/27/2024,DOC003055,Invoice,5,2,1,30,,2,5,5533,829.95,4,1383.25,GL0002,202409,B5,System,2/14/2026 16:10
3057,9/24/2024,9/24/2024,DOC003057,Invoice,1,2,1,21,,2,1,13712,2056.8,7,1958.857143,GL0002,202409,B7,System,2/14/2026 16:10
3075,9/9/2024,9/9/2024,DOC003075,Invoice,3,2,3,33,,2,3,4049,607.35,6,674.8333333,GL0002,202409,B5,System,2/14/2026 16:10
3076,8/18/2024,8/18/2024,DOC003076,Invoice,5,2,1,30,,2,5,4596,689.4,3,1532,GL0002,202408,B6,System,2/14/2026 16:10
3077,7/6/2024,7/6/2024,DOC003077,Invoice,1,2,1,26,,2,1,487.5,73.125,1,487.5,GL0002,202407,B7,System,2/14/2026 16:10
3081,9/16/2024,9/16/2024,DOC003081,Invoice,1,2,2,21,,2,1,990,148.5,1,990,GL0002,202409,B1,System,2/14/2026 16:10
3087,9/19/2024,9/19/2024,DOC003087,Invoice,3,2,3,18,,2,3,2366,354.9,2,1183,GL0002,202409,B7,System,2/14/2026 16:10
3093,9/7/2024,9/7/2024,DOC003093,Invoice,1,2,1,26,,2,1,6744,1011.6,6,1124,GL0002,202409,B3,System,2/14/2026 16:10
3095,8/7/2024,8/7/2024,DOC003095,Invoice,5,2,2,40,,2,5,248.5,37.275,1,248.5,GL0002,202408,B5,System,2/14/2026 16:10
3105,7/11/2024,7/11/2024,DOC003105,Invoice,1,2,2,11,,2,1,3856,578.4,4,964,GL0002,202407,B5,System,2/14/2026 16:10
3122,7/24/2024,7/24/2024,DOC003122,Invoice,4,2,1,24,,2,4,15034,2255.1,9,1670.444444,GL0002,202407,B2,System,2/14/2026 16:10
3132,9/10/2024,9/10/2024,DOC003132,Invoice,5,2,2,20,,2,5,7715,1157.25,9,857.2222222,GL0002,202409,B2,System,2/14/2026 16:10
3140,8/6/2024,8/6/2024,DOC003140,Invoice,1,2,1,11,,2,1,3850,577.5,7,550,GL0002,202408,B0,System,2/14/2026 16:10
3143,9/16/2024,9/16/2024,DOC003143,Invoice,4,2,2,14,,2,4,6218,932.7,5,1243.6,GL0002,202409,B3,System,2/14/2026 16:10
3146,7/5/2024,7/5/2024,DOC003146,Invoice,5,2,3,20,,2,5,8395.5,1259.325,6,1399.25,GL0002,202407,B6,System,2/14/2026 16:10
3151,8/6/2024,8/6/2024,DOC003151,Invoice,1,2,3,11,,2,1,1774.5,266.175,4,443.625,GL0002,202408,B1,System,2/14/2026 16:10
3152,7/21/2024,7/21/2024,DOC003152,Invoice,3,2,2,33,,2,3,2573.5,386.025,7,367.6428571,GL0002,202407,B2,System,2/14/2026 16:10
3168,8/26/2024,8/26/2024,DOC003168,Invoice,2,2,3,22,,2,2,5416,812.4,4,1354,GL0002,202408,B8,System,2/14/2026 16:10
3175,8/9/2024,8/9/2024,DOC003175,Invoice,5,2,2,10,,2,5,6454,968.1,6,1075.666667,GL0002,202408,B5,System,2/14/2026 16:10
3185,7/30/2024,7/30/2024,DOC003185,Invoice,5,2,1,40,,2,5,2504,375.6,10,250.4,GL0002,202407,B5,System,2/14/2026 16:10
3197,9/16/2024,9/16/2024,DOC003197,Invoice,4,2,1,19,,2,4,580.5,87.075,1,580.5,GL0002,202409,B7,System,2/14/2026 16:10
3199,9/24/2024,9/24/2024,DOC003199,Invoice,4,2,3,9,,2,4,1272.5,190.875,1,1272.5,GL0002,202409,B9,System,2/14/2026 16:10
3201,8/8/2024,8/8/2024,DOC003201,Invoice,2,2,3,27,,2,2,4552,682.8,10,455.2,GL0002,202408,B1,System,2/14/2026 16:10
3206,7/30/2024,7/30/2024,DOC003206,Invoice,5,2,3,10,,2,5,7451,1117.65,7,1064.428571,GL0002,202407,B6,System,2/14/2026 16:10
3212,8/1/2024,8/1/2024,DOC003212,Invoice,2,2,1,17,,2,2,10380,1557,10,1038,GL0002,202408,B2,System,2/14/2026 16:10
3217,7/22/2024,7/22/2024,DOC003217,Invoice,4,2,3,39,,2,4,5251.5,787.725,8,656.4375,GL0002,202407,B7,System,2/14/2026 16:10
3226,9/13/2024,9/13/2024,DOC003226,Invoice,4,2,3,9,,2,4,7870,1180.5,9,874.4444444,GL0002,202409,B6,System,2/14/2026 16:10
3229,8/11/2024,8/11/2024,DOC003229,Invoice,4,2,1,4,,2,4,1376,206.4,4,344,GL0002,202408,B9,System,2/14/2026 16:10
3239,9/28/2024,9/28/2024,DOC003239,Invoice,3,2,2,28,,2,3,854.5,128.175,1,854.5,GL0002,202409,B9,System,2/14/2026 16:10
3248,8/14/2024,8/14/2024,DOC003248,Invoice,2,2,3,12,,2,2,15404.5,2310.675,9,1711.611111,GL0002,202408,B8,System,2/14/2026 16:10
3261,8/6/2024,8/6/2024,DOC003261,Invoice,3,2,3,33,,2,3,859.5,128.925,1,859.5,GL0002,202408,B1,System,2/14/2026 16:10
3267,7/5/2024,7/5/2024,DOC003267,Invoice,2,2,2,7,,2,2,2608,391.2,5,521.6,GL0002,202407,B7,System,2/14/2026 16:10
3291,8/9/2024,8/9/2024,DOC003291,Invoice,3,2,3,3,,2,3,1971.5,295.725,1,1971.5,GL0002,202408,B1,System,2/14/2026 16:10
3301,9/23/2024,9/23/2024,DOC003301,Invoice,5,2,2,10,,2,5,5330.5,799.575,3,1776.833333,GL0002,202409,B1,System,2/14/2026 16:10
3306,7/12/2024,7/12/2024,DOC003306,Invoice,3,2,3,28,,2,3,8438.5,1265.775,9,937.6111111,GL0002,202407,B6,System,2/14/2026 16:10
3307,8/16/2024,8/16/2024,DOC003307,Invoice,1,2,3,1,,2,1,8536,1280.4,10,853.6,GL0002,202408,B7,System,2/14/2026 16:10
3308,8/11/2024,8/11/2024,DOC003308,Invoice,4,2,3,39,,2,4,562,84.3,1,562,GL0002,202408,B8,System,2/14/2026 16:10
3310,8/1/2024,8/1/2024,DOC003310,Invoice,5,2,1,15,,2,5,12748.5,1912.275,7,1821.214286,GL0002,202408,B0,System,2/14/2026 16:10
3317,9/8/2024,9/8/2024,DOC003317,Invoice,5,2,2,30,,2,5,3265,489.75,7,466.4285714,GL0002,202409,B7,System,2/14/2026 16:10
3319,7/21/2024,7/21/2024,DOC003319,Invoice,5,2,1,5,,2,5,6833,1024.95,9,759.2222222,GL0002,202407,B9,System,2/14/2026 16:10
3322,8/29/2024,8/29/2024,DOC003322,Invoice,4,2,1,29,,2,4,8102.5,1215.375,6,1350.416667,GL0002,202408,B2,System,2/14/2026 16:10
3326,7/14/2024,7/14/2024,DOC003326,Invoice,3,2,3,13,,2,3,2971.5,445.725,6,495.25,GL0002,202407,B6,System,2/14/2026 16:10
3333,7/3/2024,7/3/2024,DOC003333,Invoice,1,2,1,11,,2,1,2670.5,400.575,4,667.625,GL0002,202407,B3,System,2/14/2026 16:10
3338,8/28/2024,8/28/2024,DOC003338,Invoice,5,2,1,5,,2,5,2030.5,304.575,3,676.8333333,GL0002,202408,B8,System,2/14/2026 16:10
3348,8/19/2024,8/19/2024,DOC003348,Invoice,4,2,3,29,,2,4,395,59.25,1,395,GL0002,202408,B8,System,2/14/2026 16:10
3356,8/26/2024,8/26/2024,DOC003356,Invoice,5,2,2,15,,2,5,3220,483,7,460,GL0002,202408,B6,System,2/14/2026 16:10
3360,9/26/2024,9/26/2024,DOC003360,Invoice,1,2,2,11,,2,1,2040,306,6,340,GL0002,202409,B0,System,2/14/2026 16:10
3378,9/14/2024,9/14/2024,DOC003378,Invoice,2,2,3,7,,2,2,1282,192.3,6,213.6666667,GL0002,202409,B8,System,2/14/2026 16:10
3394,9/11/2024,9/11/2024,DOC003394,Invoice,5,2,1,20,,2,5,2738,410.7,4,684.5,GL0002,202409,B4,System,2/14/2026 16:10
3398,9/11/2024,9/11/2024,DOC003398,Invoice,4,2,1,14,,2,4,8676,1301.4,5,1735.2,GL0002,202409,B8,System,2/14/2026 16:10
3403,8/9/2024,8/9/2024,DOC003403,Invoice,3,2,1,38,,2,3,4512,676.8,3,1504,GL0002,202408,B3,System,2/14/2026 16:10
3409,9/22/2024,9/22/2024,DOC003409,Invoice,3,2,1,23,,2,3,11147,1672.05,7,1592.428571,GL0002,202409,B9,System,2/14/2026 16:10
3411,9/24/2024,9/24/2024,DOC003411,Invoice,5,2,2,30,,2,5,3234,485.1,4,808.5,GL0002,202409,B1,System,2/14/2026 16:10
3413,9/14/2024,9/14/2024,DOC003413,Invoice,2,2,3,17,,2,2,10544.5,1581.675,9,1171.611111,GL0002,202409,B3,System,2/14/2026 16:10
3414,9/20/2024,9/20/2024,DOC003414,Invoice,4,2,2,34,,2,4,4808,721.2,10,480.8,GL0002,202409,B4,System,2/14/2026 16:10
3417,8/21/2024,8/21/2024,DOC003417,Invoice,5,2,1,5,,2,5,13662,2049.3,9,1518,GL0002,202408,B7,System,2/14/2026 16:10
3418,9/25/2024,9/25/2024,DOC003418,Invoice,1,2,3,1,,2,1,17906.5,2685.975,9,1989.611111,GL0002,202409,B8,System,2/14/2026 16:10
3424,7/30/2024,7/30/2024,DOC003424,Invoice,1,2,3,36,,2,1,8877,1331.55,8,1109.625,GL0002,202407,B4,System,2/14/2026 16:10
3441,8/20/2024,8/20/2024,DOC003441,Invoice,4,2,2,19,,2,4,14048,2107.2,8,1756,GL0002,202408,B1,System,2/14/2026 16:10
3446,9/15/2024,9/15/2024,DOC003446,Invoice,2,2,1,17,,2,2,12216,1832.4,10,1221.6,GL0002,202409,B6,System,2/14/2026 16:10
3450,9/2/2024,9/2/2024,DOC003450,Invoice,1,2,3,11,,2,1,6304,945.6,10,630.4,GL0002,202409,B0,System,2/14/2026 16:10
3459,8/2/2024,8/2/2024,DOC003459,Invoice,5,2,1,35,,2,5,14454.5,2168.175,8,1806.8125,GL0002,202408,B9,System,2/14/2026 16:10
3462,8/24/2024,8/24/2024,DOC003462,Invoice,4,2,2,19,,2,4,2755.5,413.325,8,344.4375,GL0002,202408,B2,System,2/14/2026 16:10
3466,8/13/2024,8/13/2024,DOC003466,Invoice,2,2,2,37,,2,2,10582,1587.3,6,1763.666667,GL0002,202408,B6,System,2/14/2026 16:10
3467,7/23/2024,7/23/2024,DOC003467,Invoice,2,2,1,7,,2,2,2192,328.8,2,1096,GL0002,202407,B7,System,2/14/2026 16:10
3472,7/27/2024,7/27/2024,DOC003472,Invoice,4,2,1,9,,2,4,3598,539.7,7,514,GL0002,202407,B2,System,2/14/2026 16:10
3492,8/20/2024,8/20/2024,DOC003492,Invoice,5,2,1,20,,2,5,11966.5,1794.975,9,1329.611111,GL0002,202408,B2,System,2/14/2026 16:10
3499,9/17/2024,9/17/2024,DOC003499,Invoice,1,2,1,36,,2,1,2762.5,414.375,2,1381.25,GL0002,202409,B9,System,2/14/2026 16:10
3510,8/1/2024,8/1/2024,DOC003510,Invoice,3,2,1,28,,2,3,7399.5,1109.925,6,1233.25,GL0002,202408,B0,System,2/14/2026 16:10
3522,8/4/2024,8/4/2024,DOC003522,Invoice,1,2,3,16,,2,1,5675.5,851.325,4,1418.875,GL0002,202408,B2,System,2/14/2026 16:10
3525,8/30/2024,8/30/2024,DOC003525,Invoice,1,2,2,11,,2,1,1742.5,261.375,6,290.4166667,GL0002,202408,B5,System,2/14/2026 16:10
3526,8/18/2024,8/18/2024,DOC003526,Invoice,5,2,2,40,,2,5,5944,891.6,5,1188.8,GL0002,202408,B6,System,2/14/2026 16:10
3546,9/9/2024,9/9/2024,DOC003546,Invoice,1,2,1,36,,2,1,1310.5,196.575,6,218.4166667,GL0002,202409,B6,System,2/14/2026 16:10
3554,9/5/2024,9/5/2024,DOC003554,Invoice,2,2,3,27,,2,2,16372,2455.8,10,1637.2,GL0002,202409,B4,System,2/14/2026 16:10
3570,7/3/2024,7/3/2024,DOC003570,Invoice,5,2,1,40,,2,5,7988,1198.2,5,1597.6,GL0002,202407,B0,System,2/14/2026 16:10
3576,8/20/2024,8/20/2024,DOC003576,Invoice,2,2,3,22,,2,2,5384.5,807.675,3,1794.833333,GL0002,202408,B6,System,2/14/2026 16:10
3585,9/16/2024,9/16/2024,DOC003585,Invoice,4,2,1,34,,2,4,202,30.3,1,202,GL0002,202409,B5,System,2/14/2026 16:10
3591,8/20/2024,8/20/2024,DOC003591,Invoice,2,2,2,12,,2,2,851.5,127.725,2,425.75,GL0002,202408,B1,System,2/14/2026 16:10
3688,9/3/2024,9/3/2024,DOC003688,Invoice,4,2,3,9,,2,4,9702,1455.3,9,1078,GL0002,202409,B8,System,2/14/2026 16:10
3690,9/21/2024,9/21/2024,DOC003690,Invoice,5,2,3,25,,2,5,1134,170.1,1,1134,GL0002,202409,B0,System,2/14/2026 16:10
3694,7/17/2024,7/17/2024,DOC003694,Invoice,2,2,3,27,,2,2,10674,1601.1,9,1186,GL0002,202407,B4,System,2/14/2026 16:10
3702,8/19/2024,8/19/2024,DOC003702,Invoice,1,2,3,31,,2,1,12547.5,1882.125,8,1568.4375,GL0002,202408,B2,System,2/14/2026 16:10
3708,7/24/2024,7/24/2024,DOC003708,Invoice,5,2,3,30,,2,5,1736,260.4,5,347.2,GL0002,202407,B8,System,2/14/2026 16:10
3732,7/4/2024,7/4/2024,DOC003732,Invoice,1,2,1,11,,2,1,5748,862.2,6,958,GL0002,202407,B2,System,2/14/2026 16:10
3733,7/15/2024,7/15/2024,DOC003733,Invoice,2,2,2,27,,2,2,2330,349.5,8,291.25,GL0002,202407,B3,System,2/14/2026 16:10
3746,9/4/2024,9/4/2024,DOC003746,Invoice,3,2,2,33,,2,3,4810,721.5,6,801.6666667,GL0002,202409,B6,System,2/14/2026 16:10
3757,8/28/2024,8/28/2024,DOC003757,Invoice,2,2,2,37,,2,2,3996,599.4,9,444,GL0002,202408,B7,System,2/14/2026 16:10
3759,8/16/2024,8/16/2024,DOC003759,Invoice,4,2,3,9,,2,4,5870.5,880.575,3,1956.833333,GL0002,202408,B9,System,2/14/2026 16:10
3760,7/11/2024,7/11/2024,DOC003760,Invoice,1,2,2,1,,2,1,15900,2385,10,1590,GL0002,202407,B0,System,2/14/2026 16:10
3766,8/5/2024,8/5/2024,DOC003766,Invoice,1,2,3,16,,2,1,4889,733.35,9,543.2222222,GL0002,202408,B6,System,2/14/2026 16:10
3767,9/5/2024,9/5/2024,DOC003767,Invoice,3,2,1,28,,2,3,1490,223.5,1,1490,GL0002,202409,B7,System,2/14/2026 16:10
3774,7/28/2024,7/28/2024,DOC003774,Invoice,5,2,2,20,,2,5,5382,807.3,3,1794,GL0002,202407,B4,System,2/14/2026 16:10
3785,9/2/2024,9/2/2024,DOC003785,Invoice,4,2,1,14,,2,4,2444,366.6,2,1222,GL0002,202409,B5,System,2/14/2026 16:10
3789,9/20/2024,9/20/2024,DOC003789,Invoice,4,2,1,9,,2,4,2682,402.3,8,335.25,GL0002,202409,B9,System,2/14/2026 16:10
3790,9/26/2024,9/26/2024,DOC003790,Invoice,4,2,3,29,,2,4,3030,454.5,2,1515,GL0002,202409,B0,System,2/14/2026 16:10
3791,8/22/2024,8/22/2024,DOC003791,Invoice,4,2,2,4,,2,4,2573,385.95,4,643.25,GL0002,202408,B1,System,2/14/2026 16:10
3793,8/3/2024,8/3/2024,DOC003793,Invoice,2,2,2,2,,2,2,5418,812.7,8,677.25,GL0002,202408,B3,System,2/14/2026 16:10
3796,7/12/2024,7/12/2024,DOC003796,Invoice,5,2,2,15,,2,5,6824,1023.6,4,1706,GL0002,202407,B6,System,2/14/2026 16:10
3798,7/31/2024,7/31/2024,DOC003798,Invoice,3,2,2,18,,2,3,5838,875.7,3,1946,GL0002,202407,B8,System,2/14/2026 16:10
3799,7/12/2024,7/12/2024,DOC003799,Invoice,4,2,2,4,,2,4,15142,2271.3,9,1682.444444,GL0002,202407,B9,System,2/14/2026 16:10
3801,8/20/2024,8/20/2024,DOC003801,Invoice,5,2,1,30,,2,5,808,121.2,2,404,GL0002,202408,B1,System,2/14/2026 16:10
3808,8/21/2024,8/21/2024,DOC003808,Invoice,5,2,2,10,,2,5,9436,1415.4,5,1887.2,GL0002,202408,B8,System,2/14/2026 16:10
3819,9/11/2024,9/11/2024,DOC003819,Invoice,2,2,2,2,,2,2,1745,261.75,2,872.5,GL0002,202409,B9,System,2/14/2026 16:10
3824,7/24/2024,7/24/2024,DOC003824,Invoice,5,2,1,35,,2,5,4457,668.55,9,495.2222222,GL0002,202407,B4,System,2/14/2026 16:10
3830,8/29/2024,8/29/2024,DOC003830,Invoice,5,2,1,20,,2,5,6774,1016.1,5,1354.8,GL0002,202408,B0,System,2/14/2026 16:10
3833,9/27/2024,9/27/2024,DOC003833,Invoice,4,2,1,14,,2,4,8376,1256.4,6,1396,GL0002,202409,B3,System,2/14/2026 16:10
3841,7/8/2024,7/8/2024,DOC003841,Invoice,4,2,3,39,,2,4,2541,381.15,2,1270.5,GL0002,202407,B1,System,2/14/2026 16:10
3846,9/19/2024,9/19/2024,DOC003846,Invoice,3,2,2,8,,2,3,2876,431.4,10,287.6,GL0002,202409,B6,System,2/14/2026 16:10
3857,8/29/2024,8/29/2024,DOC003857,Invoice,3,2,1,3,,2,3,2288,343.2,4,572,GL0002,202408,B7,System,2/14/2026 16:10
3862,7/19/2024,7/19/2024,DOC003862,Invoice,1,2,1,6,,2,1,6451.5,967.725,9,716.8333333,GL0002,202407,B2,System,2/14/2026 16:10
3865,7/7/2024,7/7/2024,DOC003865,Invoice,5,2,1,15,,2,5,12160.5,1824.075,7,1737.214286,GL0002,202407,B5,System,2/14/2026 16:10
3870,8/2/2024,8/2/2024,DOC003870,Invoice,2,2,3,12,,2,2,3450,517.5,7,492.8571429,GL0002,202408,B0,System,2/14/2026 16:10
3872,9/22/2024,9/22/2024,DOC003872,Invoice,2,2,2,17,,2,2,1770,265.5,7,252.8571429,GL0002,202409,B2,System,2/14/2026 16:10
3883,9/5/2024,9/5/2024,DOC003883,Invoice,1,2,3,21,,2,1,11204,1680.6,10,1120.4,GL0002,202409,B3,System,2/14/2026 16:10
3890,9/18/2024,9/18/2024,DOC003890,Invoice,3,2,3,33,,2,3,1307.5,196.125,4,326.875,GL0002,202409,B0,System,2/14/2026 16:10
3895,8/6/2024,8/6/2024,DOC003895,Invoice,3,2,3,13,,2,3,6394,959.1,6,1065.666667,GL0002,202408,B5,System,2/14/2026 16:10
3896,9/14/2024,9/14/2024,DOC003896,Invoice,1,2,2,11,,2,1,4421,663.15,6,736.8333333,GL0002,202409,B6,System,2/14/2026 16:10
3923,8/15/2024,8/15/2024,DOC003923,Invoice,3,2,1,18,,2,3,13434.5,2015.175,7,1919.214286,GL0002,202408,B3,System,2/14/2026 16:10
3944,9/5/2024,9/5/2024,DOC003944,Invoice,2,2,1,27,,2,2,1274,191.1,2,637,GL0002,202409,B4,System,2/14/2026 16:10
3955,8/1/2024,8/1/2024,DOC003955,Invoice,3,2,1,13,,2,3,3622.5,543.375,2,1811.25,GL0002,202408,B5,System,2/14/2026 16:10
3958,7/9/2024,7/9/2024,DOC003958,Invoice,3,2,2,3,,2,3,7244,1086.6,10,724.4,GL0002,202407,B8,System,2/14/2026 16:10
3981,8/7/2024,8/7/2024,DOC003981,Invoice,3,2,2,33,,2,3,6434,965.1,4,1608.5,GL0002,202408,B1,System,2/14/2026 16:10
3983,8/17/2024,8/17/2024,DOC003983,Invoice,4,2,2,24,,2,4,1598,239.7,5,319.6,GL0002,202408,B3,System,2/14/2026 16:10
3985,8/12/2024,8/12/2024,DOC003985,Invoice,1,2,2,36,,2,1,1823,273.45,3,607.6666667,GL0002,202408,B5,System,2/14/2026 16:10
3990,9/6/2024,9/6/2024,DOC003990,Invoice,2,2,2,7,,2,2,1272.5,190.875,1,1272.5,GL0002,202409,B0,System,2/14/2026 16:10
4006,8/16/2024,8/16/2024,DOC004006,Invoice,1,2,1,26,,2,1,2106,315.9,2,1053,GL0002,202408,B6,System,2/14/2026 16:10
4019,7/3/2024,7/3/2024,DOC004019,Invoice,5,2,2,35,,2,5,4130.5,619.575,3,1376.833333,GL0002,202407,B9,System,2/14/2026 16:10
4025,7/18/2024,7/18/2024,DOC004025,Invoice,2,2,1,7,,2,2,4734,710.1,3,1578,GL0002,202407,B5,System,2/14/2026 16:10
4037,8/8/2024,8/8/2024,DOC004037,Invoice,3,2,3,13,,2,3,15718.5,2357.775,8,1964.8125,GL0002,202408,B7,System,2/14/2026 16:10
4042,7/17/2024,7/17/2024,DOC004042,Invoice,2,2,1,27,,2,2,2108.5,316.275,3,702.8333333,GL0002,202407,B2,System,2/14/2026 16:10
4047,8/5/2024,8/5/2024,DOC004047,Invoice,2,2,1,37,,2,2,5314,797.1,3,1771.333333,GL0002,202408,B7,System,2/14/2026 16:10
4048,9/4/2024,9/4/2024,DOC004048,Invoice,1,2,2,36,,2,1,4548,682.2,6,758,GL0002,202409,B8,System,2/14/2026 16:10
4054,9/4/2024,9/4/2024,DOC004054,Invoice,4,2,3,29,,2,4,6402,960.3,4,1600.5,GL0002,202409,B4,System,2/14/2026 16:10
4055,8/19/2024,8/19/2024,DOC004055,Invoice,2,2,2,2,,2,2,1766.5,264.975,3,588.8333333,GL0002,202408,B5,System,2/14/2026 16:10
4058,7/22/2024,7/22/2024,DOC004058,Invoice,4,2,2,14,,2,4,1270,190.5,3,423.3333333,GL0002,202407,B8,System,2/14/2026 16:10
4063,8/3/2024,8/3/2024,DOC004063,Invoice,4,2,1,4,,2,4,12582.5,1887.375,8,1572.8125,GL0002,202408,B3,System,2/14/2026 16:10
4067,7/16/2024,7/16/2024,DOC004067,Invoice,4,2,1,29,,2,4,4534.5,680.175,4,1133.625,GL0002,202407,B7,System,2/14/2026 16:10
4085,7/27/2024,7/27/2024,DOC004085,Invoice,2,2,1,37,,2,2,12332,1849.8,10,1233.2,GL0002,202407,B5,System,2/14/2026 16:10
4090,8/25/2024,8/25/2024,DOC004090,Invoice,5,2,1,40,,2,5,4827.5,724.125,7,689.6428571,GL0002,202408,B0,System,2/14/2026 16:10
4104,9/23/2024,9/23/2024,DOC004104,Invoice,4,2,2,4,,2,4,7128,1069.2,6,1188,GL0002,202409,B4,System,2/14/2026 16:10
4107,8/26/2024,8/26/2024,DOC004107,Invoice,4,2,2,14,,2,4,7424,1113.6,8,928,GL0002,202408,B7,System,2/14/2026 16:10
4125,8/20/2024,8/20/2024,DOC004125,Invoice,4,2,3,9,,2,4,5874,881.1,5,1174.8,GL0002,202408,B5,System,2/14/2026 16:10
4131,9/24/2024,9/24/2024,DOC004131,Invoice,5,2,2,35,,2,5,3693,553.95,8,461.625,GL0002,202409,B1,System,2/14/2026 16:10
4152,8/14/2024,8/14/2024,DOC004152,Invoice,4,2,1,39,,2,4,8690.5,1303.575,6,1448.416667,GL0002,202408,B2,System,2/14/2026 16:10
4153,9/20/2024,9/20/2024,DOC004153,Invoice,4,2,2,29,,2,4,2027,304.05,9,225.2222222,GL0002,202409,B3,System,2/14/2026 16:10
4159,9/14/2024,9/14/2024,DOC004159,Invoice,1,2,2,36,,2,1,9766,1464.9,6,1627.666667,GL0002,202409,B9,System,2/14/2026 16:10
4160,8/12/2024,8/12/2024,DOC004160,Invoice,1,2,3,26,,2,1,11242,1686.3,7,1606,GL0002,202408,B0,System,2/14/2026 16:10
4162,9/18/2024,9/18/2024,DOC004162,Invoice,3,2,1,28,,2,3,3402,510.3,4,850.5,GL0002,202409,B2,System,2/14/2026 16:10
4164,8/6/2024,8/6/2024,DOC004164,Invoice,2,2,1,37,,2,2,809,121.35,3,269.6666667,GL0002,202408,B4,System,2/14/2026 16:10
4175,7/12/2024,7/12/2024,DOC004175,Invoice,4,2,1,9,,2,4,12040,1806,10,1204,GL0002,202407,B5,System,2/14/2026 16:10
4179,8/9/2024,8/9/2024,DOC004179,Invoice,2,2,2,12,,2,2,11822.5,1773.375,9,1313.611111,GL0002,202408,B9,System,2/14/2026 16:10
4207,9/19/2024,9/19/2024,DOC004207,Invoice,5,2,2,5,,2,5,17440,2616,10,1744,GL0002,202409,B7,System,2/14/2026 16:10
4211,7/26/2024,7/26/2024,DOC004211,Invoice,1,2,1,16,,2,1,3288,493.2,2,1644,GL0002,202407,B1,System,2/14/2026 16:10
4231,9/5/2024,9/5/2024,DOC004231,Invoice,4,2,2,14,,2,4,17696,2654.4,10,1769.6,GL0002,202409,B1,System,2/14/2026 16:10
4235,9/27/2024,9/27/2024,DOC004235,Invoice,1,2,2,31,,2,1,11360,1704,10,1136,GL0002,202409,B5,System,2/14/2026 16:10
4238,9/10/2024,9/10/2024,DOC004238,Invoice,3,2,1,8,,2,3,1007,151.05,1,1007,GL0002,202409,B8,System,2/14/2026 16:10
4246,8/21/2024,8/21/2024,DOC004246,Invoice,4,2,2,24,,2,4,10332,1549.8,10,1033.2,GL0002,202408,B6,System,2/14/2026 16:10
4258,8/15/2024,8/15/2024,DOC004258,Invoice,3,2,1,8,,2,3,5224,783.6,5,1044.8,GL0002,202408,B8,System,2/14/2026 16:10
4260,7/25/2024,7/25/2024,DOC004260,Invoice,2,2,1,37,,2,2,7236,1085.4,9,804,GL0002,202407,B0,System,2/14/2026 16:10
4262,7/15/2024,7/15/2024,DOC004262,Invoice,3,2,3,13,,2,3,7115,1067.25,7,1016.428571,GL0002,202407,B2,System,2/14/2026 16:10
4273,8/27/2024,8/27/2024,DOC004273,Invoice,3,2,1,38,,2,3,13322,1998.3,8,1665.25,GL0002,202408,B3,System,2/14/2026 16:10
4276,9/12/2024,9/12/2024,DOC004276,Invoice,2,2,2,17,,2,2,2920.5,438.075,7,417.2142857,GL0002,202409,B6,System,2/14/2026 16:10
4278,9/10/2024,9/10/2024,DOC004278,Invoice,5,2,2,40,,2,5,5621,843.15,4,1405.25,GL0002,202409,B8,System,2/14/2026 16:10
4297,7/6/2024,7/6/2024,DOC004297,Invoice,4,2,1,19,,2,4,11162,1674.3,8,1395.25,GL0002,202407,B7,System,2/14/2026 16:10
4299,7/5/2024,7/5/2024,DOC004299,Invoice,2,2,2,12,,2,2,3192,478.8,3,1064,GL0002,202407,B9,System,2/14/2026 16:10
4309,9/17/2024,9/17/2024,DOC004309,Invoice,2,2,3,37,,2,2,5872,880.8,7,838.8571429,GL0002,202409,B9,System,2/14/2026 16:10
4311,9/13/2024,9/13/2024,DOC004311,Invoice,4,2,1,24,,2,4,11822,1773.3,7,1688.857143,GL0002,202409,B1,System,2/14/2026 16:10
4323,9/18/2024,9/18/2024,DOC004323,Invoice,5,2,3,15,,2,5,1472,220.8,1,1472,GL0002,202409,B3,System,2/14/2026 16:10
4332,9/2/2024,9/2/2024,DOC004332,Invoice,4,2,2,19,,2,4,4468,670.2,5,893.6,GL0002,202409,B2,System,2/14/2026 16:10
4351,7/1/2024,7/1/2024,DOC004351,Invoice,5,2,2,10,,2,5,1911.5,286.725,2,955.75,GL0002,202407,B1,System,2/14/2026 16:10
4358,8/2/2024,8/2/2024,DOC004358,Invoice,2,2,3,32,,2,2,1234,185.1,4,308.5,GL0002,202408,B8,System,2/14/2026 16:10
4364,8/26/2024,8/26/2024,DOC004364,Invoice,4,2,3,34,,2,4,1891.5,283.725,4,472.875,GL0002,202408,B4,System,2/14/2026 16:10
4368,7/30/2024,7/30/2024,DOC004368,Invoice,3,2,3,23,,2,3,9082,1362.3,8,1135.25,GL0002,202407,B8,System,2/14/2026 16:10
4374,8/26/2024,8/26/2024,DOC004374,Invoice,4,2,3,19,,2,4,12116,1817.4,10,1211.6,GL0002,202408,B4,System,2/14/2026 16:10
4376,9/8/2024,9/8/2024,DOC004376,Invoice,4,2,1,34,,2,4,2190,328.5,3,730,GL0002,202409,B6,System,2/14/2026 16:10
4414,8/5/2024,8/5/2024,DOC004414,Invoice,1,2,1,21,,2,1,6493,973.95,4,1623.25,GL0002,202408,B4,System,2/14/2026 16:10
4418,9/6/2024,9/6/2024,DOC004418,Invoice,3,2,1,3,,2,3,3514.5,527.175,2,1757.25,GL0002,202409,B8,System,2/14/2026 16:10
4425,9/3/2024,9/3/2024,DOC004425,Invoice,5,2,3,15,,2,5,7814.5,1172.175,6,1302.416667,GL0002,202409,B5,System,2/14/2026 16:10
4430,8/4/2024,8/4/2024,DOC004430,Invoice,1,2,1,16,,2,1,9472,1420.8,9,1052.444444,GL0002,202408,B0,System,2/14/2026 16:10
4438,8/11/2024,8/11/2024,DOC004438,Invoice,4,2,3,14,,2,4,13568,2035.2,8,1696,GL0002,202408,B8,System,2/14/2026 16:10
4448,9/26/2024,9/26/2024,DOC004448,Invoice,1,2,1,26,,2,1,1635.5,245.325,4,408.875,GL0002,202409,B8,System,2/14/2026 16:10
4451,7/14/2024,7/14/2024,DOC004451,Invoice,1,2,2,36,,2,1,6862,1029.3,6,1143.666667,GL0002,202407,B1,System,2/14/2026 16:10
4495,7/11/2024,7/11/2024,DOC004495,Invoice,2,2,1,2,,2,2,3795.5,569.325,8,474.4375,GL0002,202407,B5,System,2/14/2026 16:10
4505,9/25/2024,9/25/2024,DOC004505,Invoice,3,2,2,23,,2,3,1869,280.35,4,467.25,GL0002,202409,B5,System,2/14/2026 16:10
4527,8/3/2024,8/3/2024,DOC004527,Invoice,4,2,1,4,,2,4,3741,561.15,2,1870.5,GL0002,202408,B7,System,2/14/2026 16:10
4530,9/22/2024,9/22/2024,DOC004530,Invoice,2,2,2,22,,2,2,5523.5,828.525,8,690.4375,GL0002,202409,B0,System,2/14/2026 16:10
4535,9/2/2024,9/2/2024,DOC004535,Invoice,2,2,2,27,,2,2,9880,1482,5,1976,GL0002,202409,B5,System,2/14/2026 16:10
4553,9/26/2024,9/26/2024,DOC004553,Invoice,2,2,1,7,,2,2,1978.5,296.775,2,989.25,GL0002,202409,B3,System,2/14/2026 16:10
4554,8/21/2024,8/21/2024,DOC004554,Invoice,5,2,2,15,,2,5,11898,1784.7,8,1487.25,GL0002,202408,B4,System,2/14/2026 16:10
4555,7/20/2024,7/20/2024,DOC004555,Invoice,4,2,2,24,,2,4,9811.5,1471.725,7,1401.642857,GL0002,202407,B5,System,2/14/2026 16:10
4567,8/27/2024,8/27/2024,DOC004567,Invoice,3,2,3,8,,2,3,1805,270.75,1,1805,GL0002,202408,B7,System,2/14/2026 16:10
4568,7/29/2024,7/29/2024,DOC004568,Invoice,3,2,1,33,,2,3,1986,297.9,1,1986,GL0002,202407,B8,System,2/14/2026 16:10
4588,9/24/2024,9/24/2024,DOC004588,Invoice,1,2,3,26,,2,1,6289.5,943.425,9,698.8333333,GL0002,202409,B8,System,2/14/2026 16:10
4590,8/2/2024,8/2/2024,DOC004590,Invoice,3,2,3,38,,2,3,16538.5,2480.775,9,1837.611111,GL0002,202408,B0,System,2/14/2026 16:10
4604,8/31/2024,8/31/2024,DOC004604,Invoice,1,2,3,11,,2,1,2812,421.8,3,937.3333333,GL0002,202408,B4,System,2/14/2026 16:10
4605,9/22/2024,9/22/2024,DOC004605,Invoice,4,2,3,9,,2,4,13640,2046,10,1364,GL0002,202409,B5,System,2/14/2026 16:10
4609,7/17/2024,7/17/2024,DOC004609,Invoice,2,2,2,32,,2,2,7280,1092,8,910,GL0002,202407,B9,System,2/14/2026 16:10
4611,8/17/2024,8/17/2024,DOC004611,Invoice,3,2,2,3,,2,3,823.5,123.525,2,411.75,GL0002,202408,B1,System,2/14/2026 16:10
4612,7/28/2024,7/28/2024,DOC004612,Invoice,5,2,1,35,,2,5,2020,303,3,673.3333333,GL0002,202407,B2,System,2/14/2026 16:10
4620,7/10/2024,7/10/2024,DOC004620,Invoice,2,2,1,32,,2,2,5621,843.15,6,936.8333333,GL0002,202407,B0,System,2/14/2026 16:10
4635,7/2/2024,7/2/2024,DOC004635,Invoice,3,2,1,38,,2,3,9806,1470.9,7,1400.857143,GL0002,202407,B5,System,2/14/2026 16:10
4648,9/1/2024,9/1/2024,DOC004648,Invoice,2,2,1,37,,2,2,3925,588.75,2,1962.5,GL0002,202409,B8,System,2/14/2026 16:10
4649,8/25/2024,8/25/2024,DOC004649,Invoice,5,2,2,5,,2,5,10846,1626.9,6,1807.666667,GL0002,202408,B9,System,2/14/2026 16:10
4653,7/17/2024,7/17/2024,DOC004653,Invoice,2,2,3,2,,2,2,8575.5,1286.325,9,952.8333333,GL0002,202407,B3,System,2/14/2026 16:10
4654,7/10/2024,7/10/2024,DOC004654,Invoice,1,2,1,6,,2,1,7712,1156.8,8,964,GL0002,202407,B4,System,2/14/2026 16:10
4662,9/9/2024,9/9/2024,DOC004662,Invoice,3,2,2,8,,2,3,3808,571.2,7,544,GL0002,202409,B2,System,2/14/2026 16:10
4671,8/24/2024,8/24/2024,DOC004671,Invoice,3,2,1,38,,2,3,3497,524.55,2,1748.5,GL0002,202408,B1,System,2/14/2026 16:10
4675,9/3/2024,9/3/2024,DOC004675,Invoice,2,2,3,37,,2,2,3242.5,486.375,3,1080.833333,GL0002,202409,B5,System,2/14/2026 16:10
4676,8/5/2024,8/5/2024,DOC004676,Invoice,5,2,3,15,,2,5,3632,544.8,2,1816,GL0002,202408,B6,System,2/14/2026 16:10
4678,9/24/2024,9/24/2024,DOC004678,Invoice,3,2,2,8,,2,3,1714,257.1,2,857,GL0002,202409,B8,System,2/14/2026 16:10
4685,8/3/2024,8/3/2024,DOC004685,Invoice,1,2,2,6,,2,1,915.5,137.325,4,228.875,GL0002,202408,B5,System,2/14/2026 16:10
4687,9/10/2024,9/10/2024,DOC004687,Invoice,4,2,1,34,,2,4,7573,1135.95,4,1893.25,GL0002,202409,B7,System,2/14/2026 16:10
4694,8/24/2024,8/24/2024,DOC004694,Invoice,2,2,2,7,,2,2,2984,447.6,5,596.8,GL0002,202408,B4,System,2/14/2026 16:10
4700,9/18/2024,9/18/2024,DOC004700,Invoice,5,2,1,5,,2,5,12132.5,1819.875,7,1733.214286,GL0002,202409,B0,System,2/14/2026 16:10
4717,7/6/2024,7/6/2024,DOC004717,Invoice,3,2,3,13,,2,3,3895.5,584.325,3,1298.5,GL0002,202407,B7,System,2/14/2026 16:10
4720,7/6/2024,7/6/2024,DOC004720,Invoice,5,2,1,35,,2,5,2208,331.2,5,441.6,GL0002,202407,B0,System,2/14/2026 16:10
4722,8/16/2024,8/16/2024,DOC004722,Invoice,1,2,3,16,,2,1,9803,1470.45,7,1400.428571,GL0002,202408,B2,System,2/14/2026 16:10
4763,7/3/2024,7/3/2024,DOC004763,Invoice,5,2,1,25,,2,5,3698.5,554.775,3,1232.833333,GL0002,202407,B3,System,2/14/2026 16:10
4790,9/3/2024,9/3/2024,DOC004790,Invoice,5,2,1,25,,2,5,3068,460.2,5,613.6,GL0002,202409,B0,System,2/14/2026 16:10
4794,7/2/2024,7/2/2024,DOC004794,Invoice,2,2,3,17,,2,2,13452,2017.8,10,1345.2,GL0002,202407,B4,System,2/14/2026 16:10
4802,9/26/2024,9/26/2024,DOC004802,Invoice,1,2,2,1,,2,1,19216,2882.4,10,1921.6,GL0002,202409,B2,System,2/14/2026 16:10
4803,9/14/2024,9/14/2024,DOC004803,Invoice,3,2,3,8,,2,3,1306,195.9,2,653,GL0002,202409,B3,System,2/14/2026 16:10
4805,7/7/2024,7/7/2024,DOC004805,Invoice,5,2,3,20,,2,5,6077,911.55,8,759.625,GL0002,202407,B5,System,2/14/2026 16:10
4823,7/16/2024,7/16/2024,DOC004823,Invoice,5,2,1,35,,2,5,3419,512.85,3,1139.666667,GL0002,202407,B3,System,2/14/2026 16:10
4826,8/13/2024,8/13/2024,DOC004826,Invoice,5,2,1,15,,2,5,8531.5,1279.725,8,1066.4375,GL0002,202408,B6,System,2/14/2026 16:10
4834,9/11/2024,9/11/2024,DOC004834,Invoice,2,2,1,37,,2,2,13122,1968.3,9,1458,GL0002,202409,B4,System,2/14/2026 16:10
4844,9/11/2024,9/11/2024,DOC004844,Invoice,1,2,2,11,,2,1,1080,162,1,1080,GL0002,202409,B4,System,2/14/2026 16:10
4849,8/17/2024,8/17/2024,DOC004849,Invoice,2,2,1,7,,2,2,3655.5,548.325,2,1827.75,GL0002,202408,B9,System,2/14/2026 16:10
4853,8/22/2024,8/22/2024,DOC004853,Invoice,4,2,3,9,,2,4,14963.5,2244.525,8,1870.4375,GL0002,202408,B3,System,2/14/2026 16:10
4855,9/7/2024,9/7/2024,DOC004855,Invoice,1,2,2,26,,2,1,9282,1392.3,7,1326,GL0002,202409,B5,System,2/14/2026 16:10
4862,9/12/2024,9/12/2024,DOC004862,Invoice,5,2,3,30,,2,5,1284,192.6,3,428,GL0002,202409,B2,System,2/14/2026 16:10
4868,9/27/2024,9/27/2024,DOC004868,Invoice,3,2,3,3,,2,3,4692,703.8,6,782,GL0002,202409,B8,System,2/14/2026 16:10
4869,7/10/2024,7/10/2024,DOC004869,Invoice,2,2,3,27,,2,2,1525.5,228.825,1,1525.5,GL0002,202407,B9,System,2/14/2026 16:10
4870,8/30/2024,8/30/2024,DOC004870,Invoice,5,2,2,30,,2,5,14944,2241.6,8,1868,GL0002,202408,B0,System,2/14/2026 16:10
4896,9/9/2024,9/9/2024,DOC004896,Invoice,3,2,3,23,,2,3,1679,251.85,3,559.6666667,GL0002,202409,B6,System,2/14/2026 16:10
4909,7/31/2024,7/31/2024,DOC004909,Invoice,1,2,2,36,,2,1,6357,953.55,4,1589.25,GL0002,202407,B9,System,2/14/2026 16:10
4938,9/3/2024,9/3/2024,DOC004938,Invoice,1,2,1,36,,2,1,298,44.7,1,298,GL0002,202409,B8,System,2/14/2026 16:10
4957,9/13/2024,9/13/2024,DOC004957,Invoice,2,2,1,32,,2,2,880,132,2,440,GL0002,202409,B7,System,2/14/2026 16:10
4983,7/4/2024,7/4/2024,DOC004983,Invoice,3,2,2,38,,2,3,9202,1380.3,5,1840.4,GL0002,202407,B3,System,2/14/2026 16:10
2,8/6/2024,8/6/2024,DOC000002,Invoice,5,3,3,30,,3,5,1966,294.9,3,655.3333333,GL0003,202408,B2,System,2/14/2026 16:10
6,9/14/2024,9/14/2024,DOC000006,Invoice,5,3,2,35,,3,5,11048.5,1657.275,9,1227.611111,GL0003,202409,B6,System,2/14/2026 16:10
7,8/5/2024,8/5/2024,DOC000007,Invoice,2,3,3,37,,3,2,2394,359.1,8,299.25,GL0003,202408,B7,System,2/14/2026 16:10
13,9/5/2024,9/5/2024,DOC000013,Invoice,1,3,3,11,,3,1,3288,493.2,2,1644,GL0003,202409,B3,System,2/14/2026 16:10
49,7/18/2024,7/18/2024,DOC000049,Invoice,1,3,1,31,,3,1,8274,1241.1,5,1654.8,GL0003,202407,B9,System,2/14/2026 16:10
50,9/27/2024,9/27/2024,DOC000050,Invoice,2,3,3,37,,3,2,1579.5,236.925,7,225.6428571,GL0003,202409,B0,System,2/14/2026 16:10
55,7/20/2024,7/20/2024,DOC000055,Invoice,1,3,1,36,,3,1,13907,2086.05,9,1545.222222,GL0003,202407,B5,System,2/14/2026 16:10
70,8/29/2024,8/29/2024,DOC000070,Invoice,4,3,2,19,,3,4,5198.5,779.775,6,866.4166667,GL0003,202408,B0,System,2/14/2026 16:10
78,8/2/2024,8/2/2024,DOC000078,Invoice,5,3,1,40,,3,5,7828,1174.2,5,1565.6,GL0003,202408,B8,System,2/14/2026 16:10
124,7/16/2024,7/16/2024,DOC000124,Invoice,2,3,2,2,,3,2,518.5,77.775,1,518.5,GL0003,202407,B4,System,2/14/2026 16:10
130,9/9/2024,9/9/2024,DOC000130,Invoice,2,3,2,22,,3,2,2454.5,368.175,2,1227.25,GL0003,202409,B0,System,2/14/2026 16:10
135,7/5/2024,7/5/2024,DOC000135,Invoice,4,3,3,14,,3,4,17597,2639.55,9,1955.222222,GL0003,202407,B5,System,2/14/2026 16:10
149,9/25/2024,9/25/2024,DOC000149,Invoice,5,3,3,35,,3,5,2746,411.9,4,686.5,GL0003,202409,B9,System,2/14/2026 16:10
150,8/3/2024,8/3/2024,DOC000150,Invoice,2,3,2,32,,3,2,549.5,82.425,1,549.5,GL0003,202408,B0,System,2/14/2026 16:10
158,8/29/2024,8/29/2024,DOC000158,Invoice,5,3,3,10,,3,5,4508,676.2,5,901.6,GL0003,202408,B8,System,2/14/2026 16:10
171,9/11/2024,9/11/2024,DOC000171,Invoice,4,3,2,14,,3,4,1103,165.45,1,1103,GL0003,202409,B1,System,2/14/2026 16:10
181,7/18/2024,7/18/2024,DOC000181,Invoice,3,3,2,8,,3,3,7629,1144.35,8,953.625,GL0003,202407,B1,System,2/14/2026 16:10
213,7/7/2024,7/7/2024,DOC000213,Invoice,1,3,3,6,,3,1,11766,1764.9,7,1680.857143,GL0003,202407,B3,System,2/14/2026 16:10
215,7/17/2024,7/17/2024,DOC000215,Invoice,1,3,1,6,,3,1,9581,1437.15,6,1596.833333,GL0003,202407,B5,System,2/14/2026 16:10
216,8/4/2024,8/4/2024,DOC000216,Invoice,1,3,2,1,,3,1,7916.5,1187.475,9,879.6111111,GL0003,202408,B6,System,2/14/2026 16:10
228,8/6/2024,8/6/2024,DOC000228,Invoice,5,3,2,15,,3,5,2634.5,395.175,2,1317.25,GL0003,202408,B8,System,2/14/2026 16:10
236,8/14/2024,8/14/2024,DOC000236,Invoice,4,3,3,4,,3,4,19700,2955,10,1970,GL0003,202408,B6,System,2/14/2026 16:10
240,9/1/2024,9/1/2024,DOC000240,Invoice,5,3,3,20,,3,5,1094.5,164.175,1,1094.5,GL0003,202409,B0,System,2/14/2026 16:10
243,8/28/2024,8/28/2024,DOC000243,Invoice,2,3,3,12,,3,2,1422.5,213.375,2,711.25,GL0003,202408,B3,System,2/14/2026 16:10
256,7/22/2024,7/22/2024,DOC000256,Invoice,4,3,3,9,,3,4,1459.5,218.925,4,364.875,GL0003,202407,B6,System,2/14/2026 16:10
259,9/9/2024,9/9/2024,DOC000259,Invoice,2,3,1,7,,3,2,2621,393.15,7,374.4285714,GL0003,202409,B9,System,2/14/2026 16:10
274,9/5/2024,9/5/2024,DOC000274,Invoice,2,3,3,37,,3,2,1938,290.7,5,387.6,GL0003,202409,B4,System,2/14/2026 16:10
277,7/10/2024,7/10/2024,DOC000277,Invoice,5,3,1,15,,3,5,293,43.95,1,293,GL0003,202407,B7,System,2/14/2026 16:10
278,7/14/2024,7/14/2024,DOC000278,Invoice,5,3,2,15,,3,5,7675.5,1151.325,6,1279.25,GL0003,202407,B8,System,2/14/2026 16:10
284,8/11/2024,8/11/2024,DOC000284,Invoice,4,3,2,29,,3,4,3709.5,556.425,3,1236.5,GL0003,202408,B4,System,2/14/2026 16:10
286,7/23/2024,7/23/2024,DOC000286,Invoice,3,3,2,23,,3,3,1358.5,203.775,4,339.625,GL0003,202407,B6,System,2/14/2026 16:10
299,7/5/2024,7/5/2024,DOC000299,Invoice,4,3,1,34,,3,4,553.5,83.025,1,553.5,GL0003,202407,B9,System,2/14/2026 16:10
310,7/19/2024,7/19/2024,DOC000310,Invoice,3,3,1,28,,3,3,11311.5,1696.725,9,1256.833333,GL0003,202407,B0,System,2/14/2026 16:10
318,9/22/2024,9/22/2024,DOC000318,Invoice,2,3,2,27,,3,2,14652,2197.8,9,1628,GL0003,202409,B8,System,2/14/2026 16:10
325,8/4/2024,8/4/2024,DOC000325,Invoice,5,3,3,25,,3,5,11678.5,1751.775,9,1297.611111,GL0003,202408,B5,System,2/14/2026 16:10
326,7/29/2024,7/29/2024,DOC000326,Invoice,5,3,3,25,,3,5,3280,492,2,1640,GL0003,202407,B6,System,2/14/2026 16:10
329,8/10/2024,8/10/2024,DOC000329,Invoice,1,3,3,16,,3,1,4985,747.75,3,1661.666667,GL0003,202408,B9,System,2/14/2026 16:10
333,7/16/2024,7/16/2024,DOC000333,Invoice,1,3,2,36,,3,1,515,77.25,1,515,GL0003,202407,B3,System,2/14/2026 16:10
336,7/24/2024,7/24/2024,DOC000336,Invoice,3,3,3,23,,3,3,1081,162.15,2,540.5,GL0003,202407,B6,System,2/14/2026 16:10
337,9/7/2024,9/7/2024,DOC000337,Invoice,1,3,2,1,,3,1,13633.5,2045.025,7,1947.642857,GL0003,202409,B7,System,2/14/2026 16:10
359,9/25/2024,9/25/2024,DOC000359,Invoice,2,3,3,32,,3,2,3994,599.1,6,665.6666667,GL0003,202409,B9,System,2/14/2026 16:10
363,9/15/2024,9/15/2024,DOC000363,Invoice,3,3,1,8,,3,3,4826.5,723.975,6,804.4166667,GL0003,202409,B3,System,2/14/2026 16:10
371,7/23/2024,7/23/2024,DOC000371,Invoice,2,3,2,7,,3,2,3609.5,541.425,7,515.6428571,GL0003,202407,B1,System,2/14/2026 16:10
379,8/7/2024,8/7/2024,DOC000379,Invoice,5,3,2,30,,3,5,4470.5,670.575,4,1117.625,GL0003,202408,B9,System,2/14/2026 16:10
391,8/15/2024,8/15/2024,DOC000391,Invoice,3,3,1,33,,3,3,1270,190.5,1,1270,GL0003,202408,B1,System,2/14/2026 16:10
416,7/9/2024,7/9/2024,DOC000416,Invoice,5,3,2,25,,3,5,336,50.4,1,336,GL0003,202407,B6,System,2/14/2026 16:10
421,9/3/2024,9/3/2024,DOC000421,Invoice,3,3,1,33,,3,3,1593,238.95,1,1593,GL0003,202409,B1,System,2/14/2026 16:10
426,7/31/2024,7/31/2024,DOC000426,Invoice,1,3,3,16,,3,1,12958.5,1943.775,7,1851.214286,GL0003,202407,B6,System,2/14/2026 16:10
462,8/15/2024,8/15/2024,DOC000462,Invoice,5,3,2,20,,3,5,2702.5,405.375,3,900.8333333,GL0003,202408,B2,System,2/14/2026 16:10
473,8/25/2024,8/25/2024,DOC000473,Invoice,2,3,1,32,,3,2,4429,664.35,8,553.625,GL0003,202408,B3,System,2/14/2026 16:10
477,9/7/2024,9/7/2024,DOC000477,Invoice,4,3,2,14,,3,4,1340,201,1,1340,GL0003,202409,B7,System,2/14/2026 16:10
479,8/26/2024,8/26/2024,DOC000479,Invoice,2,3,1,2,,3,2,10817,1622.55,6,1802.833333,GL0003,202408,B9,System,2/14/2026 16:10
482,9/11/2024,9/11/2024,DOC000482,Invoice,3,3,1,23,,3,3,9542.5,1431.375,8,1192.8125,GL0003,202409,B2,System,2/14/2026 16:10
487,8/24/2024,8/24/2024,DOC000487,Invoice,1,3,2,16,,3,1,7480,1122,5,1496,GL0003,202408,B7,System,2/14/2026 16:10
500,7/22/2024,7/22/2024,DOC000500,Invoice,3,3,3,3,,3,3,5304,795.6,3,1768,GL0003,202407,B0,System,2/14/2026 16:10
501,7/4/2024,7/4/2024,DOC000501,Invoice,3,3,1,13,,3,3,8802,1320.3,5,1760.4,GL0003,202407,B1,System,2/14/2026 16:10
504,7/19/2024,7/19/2024,DOC000504,Invoice,1,3,2,26,,3,1,13014,1952.1,9,1446,GL0003,202407,B4,System,2/14/2026 16:10
514,9/20/2024,9/20/2024,DOC000514,Invoice,3,3,2,33,,3,3,3146,471.9,8,393.25,GL0003,202409,B4,System,2/14/2026 16:10
546,8/2/2024,8/2/2024,DOC000546,Invoice,2,3,3,22,,3,2,2662.5,399.375,8,332.8125,GL0003,202408,B6,System,2/14/2026 16:10
551,7/1/2024,7/1/2024,DOC000551,Invoice,2,3,1,2,,3,2,1932,289.8,3,644,GL0003,202407,B1,System,2/14/2026 16:10
555,9/13/2024,9/13/2024,DOC000555,Invoice,3,3,3,3,,3,3,469,70.35,2,234.5,GL0003,202409,B5,System,2/14/2026 16:10
569,7/29/2024,7/29/2024,DOC000569,Invoice,5,3,2,40,,3,5,2179.5,326.925,8,272.4375,GL0003,202407,B9,System,2/14/2026 16:10
582,8/12/2024,8/12/2024,DOC000582,Invoice,2,3,1,32,,3,2,7738,1160.7,5,1547.6,GL0003,202408,B2,System,2/14/2026 16:10
584,7/20/2024,7/20/2024,DOC000584,Invoice,5,3,3,35,,3,5,17399,2609.85,9,1933.222222,GL0003,202407,B4,System,2/14/2026 16:10
596,9/5/2024,9/5/2024,DOC000596,Invoice,2,3,3,7,,3,2,13694.5,2054.175,9,1521.611111,GL0003,202409,B6,System,2/14/2026 16:10
604,7/10/2024,7/10/2024,DOC000604,Invoice,4,3,2,29,,3,4,249,37.35,1,249,GL0003,202407,B4,System,2/14/2026 16:10
611,7/15/2024,7/15/2024,DOC000611,Invoice,2,3,2,32,,3,2,627.5,94.125,1,627.5,GL0003,202407,B1,System,2/14/2026 16:10
616,7/12/2024,7/12/2024,DOC000616,Invoice,3,3,3,28,,3,3,2333,349.95,3,777.6666667,GL0003,202407,B6,System,2/14/2026 16:10
625,7/23/2024,7/23/2024,DOC000625,Invoice,2,3,2,37,,3,2,5678.5,851.775,7,811.2142857,GL0003,202407,B5,System,2/14/2026 16:10
637,7/12/2024,7/12/2024,DOC000637,Invoice,5,3,1,5,,3,5,18332,2749.8,10,1833.2,GL0003,202407,B7,System,2/14/2026 16:10
646,9/1/2024,9/1/2024,DOC000646,Invoice,3,3,3,8,,3,3,6509,976.35,8,813.625,GL0003,202409,B6,System,2/14/2026 16:10
657,9/22/2024,9/22/2024,DOC000657,Invoice,2,3,2,12,,3,2,10505,1575.75,6,1750.833333,GL0003,202409,B7,System,2/14/2026 16:10
663,8/27/2024,8/27/2024,DOC000663,Invoice,3,3,3,13,,3,3,2568,385.2,5,513.6,GL0003,202408,B3,System,2/14/2026 16:10
669,8/10/2024,8/10/2024,DOC000669,Invoice,2,3,1,2,,3,2,1681,252.15,1,1681,GL0003,202408,B9,System,2/14/2026 16:10
678,7/15/2024,7/15/2024,DOC000678,Invoice,2,3,3,7,,3,2,9548,1432.2,10,954.8,GL0003,202407,B8,System,2/14/2026 16:10
698,8/7/2024,8/7/2024,DOC000698,Invoice,3,3,1,23,,3,3,4334.5,650.175,9,481.6111111,GL0003,202408,B8,System,2/14/2026 16:10
699,7/28/2024,7/28/2024,DOC000699,Invoice,3,3,1,8,,3,3,7216,1082.4,5,1443.2,GL0003,202407,B9,System,2/14/2026 16:10
709,9/9/2024,9/9/2024,DOC000709,Invoice,2,3,2,37,,3,2,17760,2664,10,1776,GL0003,202409,B9,System,2/14/2026 16:10
714,9/13/2024,9/13/2024,DOC000714,Invoice,1,3,3,1,,3,1,4942,741.3,3,1647.333333,GL0003,202409,B4,System,2/14/2026 16:10
719,8/23/2024,8/23/2024,DOC000719,Invoice,3,3,2,38,,3,3,1014,152.1,5,202.8,GL0003,202408,B9,System,2/14/2026 16:10
724,8/29/2024,8/29/2024,DOC000724,Invoice,4,3,2,29,,3,4,5249,787.35,6,874.8333333,GL0003,202408,B4,System,2/14/2026 16:10
729,7/23/2024,7/23/2024,DOC000729,Invoice,3,3,1,33,,3,3,19332,2899.8,10,1933.2,GL0003,202407,B9,System,2/14/2026 16:10
742,7/18/2024,7/18/2024,DOC000742,Invoice,1,3,1,21,,3,1,2042.5,306.375,3,680.8333333,GL0003,202407,B2,System,2/14/2026 16:10
769,9/28/2024,9/28/2024,DOC000769,Invoice,1,3,1,31,,3,1,1692,253.8,3,564,GL0003,202409,B9,System,2/14/2026 16:10
780,7/18/2024,7/18/2024,DOC000780,Invoice,5,3,1,35,,3,5,5885,882.75,6,980.8333333,GL0003,202407,B0,System,2/14/2026 16:10
783,9/20/2024,9/20/2024,DOC000783,Invoice,2,3,1,12,,3,2,1218.5,182.775,1,1218.5,GL0003,202409,B3,System,2/14/2026 16:10
788,9/13/2024,9/13/2024,DOC000788,Invoice,3,3,1,38,,3,3,5521.5,828.225,3,1840.5,GL0003,202409,B8,System,2/14/2026 16:10
797,9/20/2024,9/20/2024,DOC000797,Invoice,3,3,1,18,,3,3,4007,601.05,7,572.4285714,GL0003,202409,B7,System,2/14/2026 16:10
799,8/26/2024,8/26/2024,DOC000799,Invoice,3,3,3,18,,3,3,7650,1147.5,7,1092.857143,GL0003,202408,B9,System,2/14/2026 16:10
802,7/21/2024,7/21/2024,DOC000802,Invoice,1,3,3,6,,3,1,3522.5,528.375,7,503.2142857,GL0003,202407,B2,System,2/14/2026 16:10
804,9/5/2024,9/5/2024,DOC000804,Invoice,2,3,3,37,,3,2,5242,786.3,5,1048.4,GL0003,202409,B4,System,2/14/2026 16:10
811,8/16/2024,8/16/2024,DOC000811,Invoice,3,3,2,18,,3,3,712,106.8,3,237.3333333,GL0003,202408,B1,System,2/14/2026 16:10
812,8/26/2024,8/26/2024,DOC000812,Invoice,4,3,3,9,,3,4,5932,889.8,10,593.2,GL0003,202408,B2,System,2/14/2026 16:10
824,7/15/2024,7/15/2024,DOC000824,Invoice,5,3,1,30,,3,5,1521,228.15,2,760.5,GL0003,202407,B4,System,2/14/2026 16:10
827,7/29/2024,7/29/2024,DOC000827,Invoice,1,3,1,1,,3,1,15084,2262.6,10,1508.4,GL0003,202407,B7,System,2/14/2026 16:10
842,7/17/2024,7/17/2024,DOC000842,Invoice,1,3,3,31,,3,1,5317.5,797.625,9,590.8333333,GL0003,202407,B2,System,2/14/2026 16:10
844,9/24/2024,9/24/2024,DOC000844,Invoice,2,3,3,37,,3,2,5764,864.6,9,640.4444444,GL0003,202409,B4,System,2/14/2026 16:10
846,7/5/2024,7/5/2024,DOC000846,Invoice,2,3,2,2,,3,2,4056,608.4,3,1352,GL0003,202407,B6,System,2/14/2026 16:10
847,7/26/2024,7/26/2024,DOC000847,Invoice,3,3,1,23,,3,3,5667.5,850.125,4,1416.875,GL0003,202407,B7,System,2/14/2026 16:10
853,8/5/2024,8/5/2024,DOC000853,Invoice,2,3,3,2,,3,2,6229,934.35,4,1557.25,GL0003,202408,B3,System,2/14/2026 16:10
856,8/21/2024,8/21/2024,DOC000856,Invoice,3,3,1,3,,3,3,6366,954.9,5,1273.2,GL0003,202408,B6,System,2/14/2026 16:10
863,8/22/2024,8/22/2024,DOC000863,Invoice,1,3,2,16,,3,1,3842,576.3,2,1921,GL0003,202408,B3,System,2/14/2026 16:10
865,7/31/2024,7/31/2024,DOC000865,Invoice,5,3,2,35,,3,5,213,31.95,1,213,GL0003,202407,B5,System,2/14/2026 16:10
871,7/24/2024,7/24/2024,DOC000871,Invoice,1,3,2,26,,3,1,3249,487.35,2,1624.5,GL0003,202407,B1,System,2/14/2026 16:10
874,9/25/2024,9/25/2024,DOC000874,Invoice,2,3,3,22,,3,2,3253.5,488.025,3,1084.5,GL0003,202409,B4,System,2/14/2026 16:10
879,9/14/2024,9/14/2024,DOC000879,Invoice,4,3,1,9,,3,4,1565.5,234.825,7,223.6428571,GL0003,202409,B9,System,2/14/2026 16:10
884,9/7/2024,9/7/2024,DOC000884,Invoice,4,3,2,24,,3,4,4052,607.8,7,578.8571429,GL0003,202409,B4,System,2/14/2026 16:10
886,7/22/2024,7/22/2024,DOC000886,Invoice,3,3,1,18,,3,3,2069,310.35,3,689.6666667,GL0003,202407,B6,System,2/14/2026 16:10
887,8/9/2024,8/9/2024,DOC000887,Invoice,2,3,1,2,,3,2,3546,531.9,5,709.2,GL0003,202408,B7,System,2/14/2026 16:10
889,7/15/2024,7/15/2024,DOC000889,Invoice,1,3,2,26,,3,1,2288,343.2,2,1144,GL0003,202407,B9,System,2/14/2026 16:10
896,7/14/2024,7/14/2024,DOC000896,Invoice,5,3,3,20,,3,5,13784.5,2067.675,7,1969.214286,GL0003,202407,B6,System,2/14/2026 16:10
897,7/26/2024,7/26/2024,DOC000897,Invoice,2,3,3,2,,3,2,1040,156,5,208,GL0003,202407,B7,System,2/14/2026 16:10
898,7/11/2024,7/11/2024,DOC000898,Invoice,3,3,3,38,,3,3,15308,2296.2,10,1530.8,GL0003,202407,B8,System,2/14/2026 16:10
910,9/26/2024,9/26/2024,DOC000910,Invoice,5,3,2,35,,3,5,2798.5,419.775,3,932.8333333,GL0003,202409,B0,System,2/14/2026 16:10
917,7/25/2024,7/25/2024,DOC000917,Invoice,2,3,1,2,,3,2,5376,806.4,7,768,GL0003,202407,B7,System,2/14/2026 16:10
922,7/16/2024,7/16/2024,DOC000922,Invoice,1,3,2,21,,3,1,1591.5,238.725,6,265.25,GL0003,202407,B2,System,2/14/2026 16:10
927,8/18/2024,8/18/2024,DOC000927,Invoice,2,3,3,32,,3,2,4437,665.55,4,1109.25,GL0003,202408,B7,System,2/14/2026 16:10
929,8/12/2024,8/12/2024,DOC000929,Invoice,4,3,3,4,,3,4,5596,839.4,3,1865.333333,GL0003,202408,B9,System,2/14/2026 16:10
934,7/8/2024,7/8/2024,DOC000934,Invoice,5,3,3,30,,3,5,4595.5,689.325,4,1148.875,GL0003,202407,B4,System,2/14/2026 16:10
944,7/14/2024,7/14/2024,DOC000944,Invoice,5,3,3,40,,3,5,6091.5,913.725,4,1522.875,GL0003,202407,B4,System,2/14/2026 16:10
963,9/11/2024,9/11/2024,DOC000963,Invoice,5,3,1,25,,3,5,7840,1176,8,980,GL0003,202409,B3,System,2/14/2026 16:10
981,8/18/2024,8/18/2024,DOC000981,Invoice,2,3,2,37,,3,2,3690.5,553.575,7,527.2142857,GL0003,202408,B1,System,2/14/2026 16:10
989,9/4/2024,9/4/2024,DOC000989,Invoice,4,3,3,14,,3,4,6554,983.1,5,1310.8,GL0003,202409,B9,System,2/14/2026 16:10
1015,7/7/2024,7/7/2024,DOC001015,Invoice,3,3,3,13,,3,3,9079.5,1361.925,9,1008.833333,GL0003,202407,B5,System,2/14/2026 16:10
1018,9/1/2024,9/1/2024,DOC001018,Invoice,1,3,1,11,,3,1,6742.5,1011.375,7,963.2142857,GL0003,202409,B8,System,2/14/2026 16:10
1027,8/22/2024,8/22/2024,DOC001027,Invoice,5,3,3,25,,3,5,4157,623.55,4,1039.25,GL0003,202408,B7,System,2/14/2026 16:10
1036,9/26/2024,9/26/2024,DOC001036,Invoice,5,3,3,30,,3,5,15472,2320.8,8,1934,GL0003,202409,B6,System,2/14/2026 16:10
1037,8/16/2024,8/16/2024,DOC001037,Invoice,1,3,2,6,,3,1,1991.5,298.725,1,1991.5,GL0003,202408,B7,System,2/14/2026 16:10
1041,9/8/2024,9/8/2024,DOC001041,Invoice,3,3,1,8,,3,3,8653,1297.95,8,1081.625,GL0003,202409,B1,System,2/14/2026 16:10
1063,7/5/2024,7/5/2024,DOC001063,Invoice,3,3,3,38,,3,3,6667.5,1000.125,6,1111.25,GL0003,202407,B3,System,2/14/2026 16:10
1065,8/25/2024,8/25/2024,DOC001065,Invoice,4,3,1,14,,3,4,3224.5,483.675,3,1074.833333,GL0003,202408,B5,System,2/14/2026 16:10
1072,9/23/2024,9/23/2024,DOC001072,Invoice,4,3,1,9,,3,4,1390,208.5,3,463.3333333,GL0003,202409,B2,System,2/14/2026 16:10
1089,9/21/2024,9/21/2024,DOC001089,Invoice,1,3,2,11,,3,1,513.5,77.025,1,513.5,GL0003,202409,B9,System,2/14/2026 16:10
1109,7/6/2024,7/6/2024,DOC001109,Invoice,2,3,1,37,,3,2,642,96.3,3,214,GL0003,202407,B9,System,2/14/2026 16:10
1128,8/6/2024,8/6/2024,DOC001128,Invoice,2,3,2,37,,3,2,2801,420.15,9,311.2222222,GL0003,202408,B8,System,2/14/2026 16:10
1129,7/18/2024,7/18/2024,DOC001129,Invoice,3,3,2,3,,3,3,12510.5,1876.575,7,1787.214286,GL0003,202407,B9,System,2/14/2026 16:10
1131,8/20/2024,8/20/2024,DOC001131,Invoice,4,3,3,4,,3,4,7600,1140,9,844.4444444,GL0003,202408,B1,System,2/14/2026 16:10
1145,7/9/2024,7/9/2024,DOC001145,Invoice,3,3,2,3,,3,3,6968,1045.2,4,1742,GL0003,202407,B5,System,2/14/2026 16:10
1149,8/17/2024,8/17/2024,DOC001149,Invoice,5,3,2,40,,3,5,4300,645,3,1433.333333,GL0003,202408,B9,System,2/14/2026 16:10
1152,8/11/2024,8/11/2024,DOC001152,Invoice,3,3,1,8,,3,3,7980,1197,7,1140,GL0003,202408,B2,System,2/14/2026 16:10
1154,8/21/2024,8/21/2024,DOC001154,Invoice,1,3,2,26,,3,1,3374,506.1,7,482,GL0003,202408,B4,System,2/14/2026 16:10
1170,7/17/2024,7/17/2024,DOC001170,Invoice,3,3,3,23,,3,3,1003.5,150.525,4,250.875,GL0003,202407,B0,System,2/14/2026 16:10
1188,9/21/2024,9/21/2024,DOC001188,Invoice,3,3,3,8,,3,3,5613,841.95,4,1403.25,GL0003,202409,B8,System,2/14/2026 16:10
1211,9/6/2024,9/6/2024,DOC001211,Invoice,5,3,2,35,,3,5,5300,795,5,1060,GL0003,202409,B1,System,2/14/2026 16:10
1215,8/13/2024,8/13/2024,DOC001215,Invoice,5,3,2,30,,3,5,2598.5,389.775,7,371.2142857,GL0003,202408,B5,System,2/14/2026 16:10
1217,9/3/2024,9/3/2024,DOC001217,Invoice,4,3,3,14,,3,4,5004,750.6,5,1000.8,GL0003,202409,B7,System,2/14/2026 16:10
1221,8/24/2024,8/24/2024,DOC001221,Invoice,2,3,2,27,,3,2,2666.5,399.975,6,444.4166667,GL0003,202408,B1,System,2/14/2026 16:10
1229,9/21/2024,9/21/2024,DOC001229,Invoice,1,3,2,31,,3,1,1144,171.6,3,381.3333333,GL0003,202409,B9,System,2/14/2026 16:10
1250,8/19/2024,8/19/2024,DOC001250,Invoice,5,3,2,40,,3,5,11440,1716,8,1430,GL0003,202408,B0,System,2/14/2026 16:10
1255,9/5/2024,9/5/2024,DOC001255,Invoice,5,3,1,10,,3,5,5753,862.95,9,639.2222222,GL0003,202409,B5,System,2/14/2026 16:10
1290,9/10/2024,9/10/2024,DOC001290,Invoice,5,3,1,40,,3,5,5262,789.3,3,1754,GL0003,202409,B0,System,2/14/2026 16:10
1293,9/4/2024,9/4/2024,DOC001293,Invoice,2,3,3,7,,3,2,4240,636,5,848,GL0003,202409,B3,System,2/14/2026 16:10
1297,8/3/2024,8/3/2024,DOC001297,Invoice,5,3,2,25,,3,5,8792,1318.8,5,1758.4,GL0003,202408,B7,System,2/14/2026 16:10
1325,8/14/2024,8/14/2024,DOC001325,Invoice,5,3,3,15,,3,5,3223.5,483.525,2,1611.75,GL0003,202408,B5,System,2/14/2026 16:10
1327,9/7/2024,9/7/2024,DOC001327,Invoice,1,3,3,36,,3,1,2882,432.3,2,1441,GL0003,202409,B7,System,2/14/2026 16:10
1337,9/22/2024,9/22/2024,DOC001337,Invoice,2,3,3,27,,3,2,2525,378.75,8,315.625,GL0003,202409,B7,System,2/14/2026 16:10
1341,8/4/2024,8/4/2024,DOC001341,Invoice,5,3,1,35,,3,5,246,36.9,1,246,GL0003,202408,B1,System,2/14/2026 16:10
1346,7/9/2024,7/9/2024,DOC001346,Invoice,1,3,3,1,,3,1,3661,549.15,4,915.25,GL0003,202407,B6,System,2/14/2026 16:10
1362,8/19/2024,8/19/2024,DOC001362,Invoice,2,3,1,37,,3,2,2424,363.6,10,242.4,GL0003,202408,B2,System,2/14/2026 16:10
1364,9/4/2024,9/4/2024,DOC001364,Invoice,1,3,3,26,,3,1,17744.5,2661.675,9,1971.611111,GL0003,202409,B4,System,2/14/2026 16:10
1372,8/15/2024,8/15/2024,DOC001372,Invoice,4,3,2,4,,3,4,3770,565.5,2,1885,GL0003,202408,B2,System,2/14/2026 16:10
1405,8/10/2024,8/10/2024,DOC001405,Invoice,2,3,3,12,,3,2,1242,186.3,1,1242,GL0003,202408,B5,System,2/14/2026 16:10
1406,7/12/2024,7/12/2024,DOC001406,Invoice,1,3,2,6,,3,1,2578.5,386.775,2,1289.25,GL0003,202407,B6,System,2/14/2026 16:10
1409,7/26/2024,7/26/2024,DOC001409,Invoice,1,3,2,16,,3,1,9416,1412.4,5,1883.2,GL0003,202407,B9,System,2/14/2026 16:10
1437,9/14/2024,9/14/2024,DOC001437,Invoice,1,3,2,11,,3,1,19480,2922,10,1948,GL0003,202409,B7,System,2/14/2026 16:10
1442,9/18/2024,9/18/2024,DOC001442,Invoice,1,3,3,11,,3,1,7374,1106.1,5,1474.8,GL0003,202409,B2,System,2/14/2026 16:10
1451,8/24/2024,8/24/2024,DOC001451,Invoice,5,3,3,5,,3,5,6810,1021.5,4,1702.5,GL0003,202408,B1,System,2/14/2026 16:10
1463,9/26/2024,9/26/2024,DOC001463,Invoice,3,3,1,18,,3,3,5280,792,4,1320,GL0003,202409,B3,System,2/14/2026 16:10
1464,9/12/2024,9/12/2024,DOC001464,Invoice,2,3,2,12,,3,2,7266,1089.9,5,1453.2,GL0003,202409,B4,System,2/14/2026 16:10
1468,9/7/2024,9/7/2024,DOC001468,Invoice,4,3,3,39,,3,4,1798,269.7,1,1798,GL0003,202409,B8,System,2/14/2026 16:10
1469,8/29/2024,8/29/2024,DOC001469,Invoice,3,3,3,23,,3,3,7245,1086.75,8,905.625,GL0003,202408,B9,System,2/14/2026 16:10
1476,9/20/2024,9/20/2024,DOC001476,Invoice,2,3,1,2,,3,2,7266,1089.9,7,1038,GL0003,202409,B6,System,2/14/2026 16:10
1490,8/23/2024,8/23/2024,DOC001490,Invoice,4,3,1,4,,3,4,8890,1333.5,8,1111.25,GL0003,202408,B0,System,2/14/2026 16:10
1496,8/26/2024,8/26/2024,DOC001496,Invoice,5,3,2,5,,3,5,6798.5,1019.775,7,971.2142857,GL0003,202408,B6,System,2/14/2026 16:10
1499,7/20/2024,7/20/2024,DOC001499,Invoice,5,3,3,10,,3,5,1910,286.5,2,955,GL0003,202407,B9,System,2/14/2026 16:10
1501,7/17/2024,7/17/2024,DOC001501,Invoice,3,3,3,28,,3,3,8696,1304.4,5,1739.2,GL0003,202407,B1,System,2/14/2026 16:10
1511,7/16/2024,7/16/2024,DOC001511,Invoice,4,3,1,39,,3,4,3172.5,475.875,7,453.2142857,GL0003,202407,B1,System,2/14/2026 16:10
1513,9/4/2024,9/4/2024,DOC001513,Invoice,2,3,2,37,,3,2,3309,496.35,4,827.25,GL0003,202409,B3,System,2/14/2026 16:10
1527,8/16/2024,8/16/2024,DOC001527,Invoice,3,3,2,8,,3,3,9088,1363.2,5,1817.6,GL0003,202408,B7,System,2/14/2026 16:10
1528,9/11/2024,9/11/2024,DOC001528,Invoice,4,3,1,4,,3,4,1606,240.9,1,1606,GL0003,202409,B8,System,2/14/2026 16:10
1533,7/7/2024,7/7/2024,DOC001533,Invoice,2,3,1,27,,3,2,11992,1798.8,10,1199.2,GL0003,202407,B3,System,2/14/2026 16:10
1538,9/7/2024,9/7/2024,DOC001538,Invoice,3,3,1,8,,3,3,1278,191.7,3,426,GL0003,202409,B8,System,2/14/2026 16:10
1547,8/27/2024,8/27/2024,DOC001547,Invoice,2,3,2,12,,3,2,5754,863.1,5,1150.8,GL0003,202408,B7,System,2/14/2026 16:10
1560,9/28/2024,9/28/2024,DOC001560,Invoice,4,3,2,34,,3,4,17448,2617.2,10,1744.8,GL0003,202409,B0,System,2/14/2026 16:10
1566,9/11/2024,9/11/2024,DOC001566,Invoice,2,3,1,12,,3,2,1992.5,298.875,1,1992.5,GL0003,202409,B6,System,2/14/2026 16:10
1579,8/22/2024,8/22/2024,DOC001579,Invoice,4,3,2,29,,3,4,6346,951.9,8,793.25,GL0003,202408,B9,System,2/14/2026 16:10
1590,8/4/2024,8/4/2024,DOC001590,Invoice,4,3,1,9,,3,4,6466,969.9,9,718.4444444,GL0003,202408,B0,System,2/14/2026 16:10
1611,9/25/2024,9/25/2024,DOC001611,Invoice,5,3,3,40,,3,5,7210,1081.5,8,901.25,GL0003,202409,B1,System,2/14/2026 16:10
1612,7/11/2024,7/11/2024,DOC001612,Invoice,1,3,1,26,,3,1,10639.5,1595.925,6,1773.25,GL0003,202407,B2,System,2/14/2026 16:10
1614,8/20/2024,8/20/2024,DOC001614,Invoice,5,3,2,40,,3,5,11424,1713.6,6,1904,GL0003,202408,B4,System,2/14/2026 16:10
1617,7/16/2024,7/16/2024,DOC001617,Invoice,2,3,1,27,,3,2,13635.5,2045.325,8,1704.4375,GL0003,202407,B7,System,2/14/2026 16:10
1629,8/15/2024,8/15/2024,DOC001629,Invoice,4,3,1,9,,3,4,4147,622.05,7,592.4285714,GL0003,202408,B9,System,2/14/2026 16:10
1633,8/28/2024,8/28/2024,DOC001633,Invoice,4,3,2,9,,3,4,3938,590.7,4,984.5,GL0003,202408,B3,System,2/14/2026 16:10
1663,7/5/2024,7/5/2024,DOC001663,Invoice,4,3,3,34,,3,4,3702.5,555.375,4,925.625,GL0003,202407,B3,System,2/14/2026 16:10
1674,9/22/2024,9/22/2024,DOC001674,Invoice,1,3,2,6,,3,1,2622,393.3,2,1311,GL0003,202409,B4,System,2/14/2026 16:10
1679,9/11/2024,9/11/2024,DOC001679,Invoice,1,3,2,1,,3,1,15091.5,2263.725,8,1886.4375,GL0003,202409,B9,System,2/14/2026 16:10
1684,8/4/2024,8/4/2024,DOC001684,Invoice,3,3,1,3,,3,3,4676.5,701.475,9,519.6111111,GL0003,202408,B4,System,2/14/2026 16:10
1687,9/1/2024,9/1/2024,DOC001687,Invoice,1,3,3,31,,3,1,5449.5,817.425,3,1816.5,GL0003,202409,B7,System,2/14/2026 16:10
1690,9/27/2024,9/27/2024,DOC001690,Invoice,4,3,1,19,,3,4,5368,805.2,3,1789.333333,GL0003,202409,B0,System,2/14/2026 16:10
1700,7/31/2024,7/31/2024,DOC001700,Invoice,3,3,1,23,,3,3,2274,341.1,7,324.8571429,GL0003,202407,B0,System,2/14/2026 16:10
1701,9/5/2024,9/5/2024,DOC001701,Invoice,2,3,2,32,,3,2,3395,509.25,3,1131.666667,GL0003,202409,B1,System,2/14/2026 16:10
1742,8/6/2024,8/6/2024,DOC001742,Invoice,2,3,3,7,,3,2,4435.5,665.325,7,633.6428571,GL0003,202408,B2,System,2/14/2026 16:10
1744,7/13/2024,7/13/2024,DOC001744,Invoice,3,3,3,28,,3,3,3093,463.95,4,773.25,GL0003,202407,B4,System,2/14/2026 16:10
1753,9/25/2024,9/25/2024,DOC001753,Invoice,4,3,1,9,,3,4,2714.5,407.175,3,904.8333333,GL0003,202409,B3,System,2/14/2026 16:10
1762,8/5/2024,8/5/2024,DOC001762,Invoice,5,3,3,25,,3,5,1755.5,263.325,4,438.875,GL0003,202408,B2,System,2/14/2026 16:10
1775,7/14/2024,7/14/2024,DOC001775,Invoice,1,3,1,26,,3,1,3907.5,586.125,3,1302.5,GL0003,202407,B5,System,2/14/2026 16:10
1788,7/10/2024,7/10/2024,DOC001788,Invoice,2,3,1,37,,3,2,12522,1878.3,7,1788.857143,GL0003,202407,B8,System,2/14/2026 16:10
1814,9/6/2024,9/6/2024,DOC001814,Invoice,5,3,3,35,,3,5,15203,2280.45,9,1689.222222,GL0003,202409,B4,System,2/14/2026 16:10
1818,9/24/2024,9/24/2024,DOC001818,Invoice,2,3,2,32,,3,2,10528,1579.2,10,1052.8,GL0003,202409,B8,System,2/14/2026 16:10
1821,9/19/2024,9/19/2024,DOC001821,Invoice,5,3,1,10,,3,5,7286.5,1092.975,9,809.6111111,GL0003,202409,B1,System,2/14/2026 16:10
1833,8/27/2024,8/27/2024,DOC001833,Invoice,3,3,1,28,,3,3,4292.5,643.875,3,1430.833333,GL0003,202408,B3,System,2/14/2026 16:10
1839,9/23/2024,9/23/2024,DOC001839,Invoice,4,3,3,9,,3,4,1482.5,222.375,2,741.25,GL0003,202409,B9,System,2/14/2026 16:10
1849,7/27/2024,7/27/2024,DOC001849,Invoice,3,3,1,23,,3,3,14016,2102.4,8,1752,GL0003,202407,B9,System,2/14/2026 16:10
1865,8/31/2024,8/31/2024,DOC001865,Invoice,2,3,3,32,,3,2,4468,670.2,5,893.6,GL0003,202408,B5,System,2/14/2026 16:10
1870,8/26/2024,8/26/2024,DOC001870,Invoice,5,3,1,20,,3,5,5732,859.8,7,818.8571429,GL0003,202408,B0,System,2/14/2026 16:10
1871,8/23/2024,8/23/2024,DOC001871,Invoice,3,3,2,33,,3,3,3226,483.9,9,358.4444444,GL0003,202408,B1,System,2/14/2026 16:10
1881,8/3/2024,8/3/2024,DOC001881,Invoice,5,3,1,35,,3,5,5162.5,774.375,9,573.6111111,GL0003,202408,B1,System,2/14/2026 16:10
1887,8/13/2024,8/13/2024,DOC001887,Invoice,3,3,2,33,,3,3,4357,653.55,4,1089.25,GL0003,202408,B7,System,2/14/2026 16:10
1907,7/4/2024,7/4/2024,DOC001907,Invoice,1,3,2,1,,3,1,3209,481.35,7,458.4285714,GL0003,202407,B7,System,2/14/2026 16:10
1933,7/14/2024,7/14/2024,DOC001933,Invoice,3,3,1,8,,3,3,568.5,85.275,1,568.5,GL0003,202407,B3,System,2/14/2026 16:10
1940,9/17/2024,9/17/2024,DOC001940,Invoice,5,3,3,15,,3,5,13384,2007.6,7,1912,GL0003,202409,B0,System,2/14/2026 16:10
1955,9/5/2024,9/5/2024,DOC001955,Invoice,4,3,1,9,,3,4,10232,1534.8,10,1023.2,GL0003,202409,B5,System,2/14/2026 16:10
1959,7/13/2024,7/13/2024,DOC001959,Invoice,4,3,3,19,,3,4,5670,850.5,3,1890,GL0003,202407,B9,System,2/14/2026 16:10
1976,9/23/2024,9/23/2024,DOC001976,Invoice,5,3,3,10,,3,5,2132.5,319.875,3,710.8333333,GL0003,202409,B6,System,2/14/2026 16:10
1982,8/29/2024,8/29/2024,DOC001982,Invoice,4,3,2,4,,3,4,13046.5,1956.975,8,1630.8125,GL0003,202408,B2,System,2/14/2026 16:10
1985,7/9/2024,7/9/2024,DOC001985,Invoice,3,3,3,28,,3,3,5632,844.8,5,1126.4,GL0003,202407,B5,System,2/14/2026 16:10
1986,9/8/2024,9/8/2024,DOC001986,Invoice,4,3,3,34,,3,4,4632,694.8,3,1544,GL0003,202409,B6,System,2/14/2026 16:10
1990,9/10/2024,9/10/2024,DOC001990,Invoice,3,3,2,33,,3,3,5491.5,823.725,6,915.25,GL0003,202409,B0,System,2/14/2026 16:10
2000,8/4/2024,8/4/2024,DOC002000,Invoice,3,3,1,13,,3,3,5927,889.05,3,1975.666667,GL0003,202408,B0,System,2/14/2026 16:10
2013,7/16/2024,7/16/2024,DOC002013,Invoice,1,3,3,11,,3,1,823.5,123.525,1,823.5,GL0003,202407,B3,System,2/14/2026 16:10
2028,7/9/2024,7/9/2024,DOC002028,Invoice,2,3,1,2,,3,2,4722,708.3,5,944.4,GL0003,202407,B8,System,2/14/2026 16:10
2029,9/27/2024,9/27/2024,DOC002029,Invoice,5,3,2,35,,3,5,9132,1369.8,10,913.2,GL0003,202409,B9,System,2/14/2026 16:10
2040,9/13/2024,9/13/2024,DOC002040,Invoice,3,3,3,18,,3,3,13788,2068.2,9,1532,GL0003,202409,B0,System,2/14/2026 16:10
2044,7/16/2024,7/16/2024,DOC002044,Invoice,2,3,2,22,,3,2,3366,504.9,9,374,GL0003,202407,B4,System,2/14/2026 16:10
2048,7/20/2024,7/20/2024,DOC002048,Invoice,4,3,2,24,,3,4,1432,214.8,3,477.3333333,GL0003,202407,B8,System,2/14/2026 16:10
2051,7/7/2024,7/7/2024,DOC002051,Invoice,3,3,1,13,,3,3,8546,1281.9,5,1709.2,GL0003,202407,B1,System,2/14/2026 16:10
2055,7/2/2024,7/2/2024,DOC002055,Invoice,5,3,2,25,,3,5,16247,2437.05,9,1805.222222,GL0003,202407,B5,System,2/14/2026 16:10
2061,9/19/2024,9/19/2024,DOC002061,Invoice,4,3,2,24,,3,4,6536,980.4,10,653.6,GL0003,202409,B1,System,2/14/2026 16:10
2068,7/10/2024,7/10/2024,DOC002068,Invoice,4,3,3,4,,3,4,16772.5,2515.875,9,1863.611111,GL0003,202407,B8,System,2/14/2026 16:10
2070,9/16/2024,9/16/2024,DOC002070,Invoice,5,3,1,20,,3,5,12928,1939.2,10,1292.8,GL0003,202409,B0,System,2/14/2026 16:10
2072,8/12/2024,8/12/2024,DOC002072,Invoice,3,3,3,33,,3,3,702,105.3,1,702,GL0003,202408,B2,System,2/14/2026 16:10
2080,9/6/2024,9/6/2024,DOC002080,Invoice,5,3,2,25,,3,5,3806,570.9,5,761.2,GL0003,202409,B0,System,2/14/2026 16:10
2086,9/4/2024,9/4/2024,DOC002086,Invoice,1,3,2,26,,3,1,10836,1625.4,9,1204,GL0003,202409,B6,System,2/14/2026 16:10
2093,9/4/2024,9/4/2024,DOC002093,Invoice,5,3,1,15,,3,5,17240.5,2586.075,9,1915.611111,GL0003,202409,B3,System,2/14/2026 16:10
2097,7/12/2024,7/12/2024,DOC002097,Invoice,3,3,1,13,,3,3,1501,225.15,2,750.5,GL0003,202407,B7,System,2/14/2026 16:10
2101,9/10/2024,9/10/2024,DOC002101,Invoice,4,3,1,39,,3,4,2964,444.6,5,592.8,GL0003,202409,B1,System,2/14/2026 16:10
2104,9/17/2024,9/17/2024,DOC002104,Invoice,2,3,2,27,,3,2,533,79.95,1,533,GL0003,202409,B4,System,2/14/2026 16:10
2136,8/31/2024,8/31/2024,DOC002136,Invoice,4,3,1,9,,3,4,7760,1164,10,776,GL0003,202408,B6,System,2/14/2026 16:10
2141,8/15/2024,8/15/2024,DOC002141,Invoice,4,3,1,9,,3,4,4241,636.15,9,471.2222222,GL0003,202408,B1,System,2/14/2026 16:10
2158,7/6/2024,7/6/2024,DOC002158,Invoice,3,3,1,23,,3,3,1681.5,252.225,3,560.5,GL0003,202407,B8,System,2/14/2026 16:10
2171,7/18/2024,7/18/2024,DOC002171,Invoice,4,3,1,9,,3,4,3871.5,580.725,2,1935.75,GL0003,202407,B1,System,2/14/2026 16:10
2173,7/7/2024,7/7/2024,DOC002173,Invoice,5,3,3,25,,3,5,5450.5,817.575,9,605.6111111,GL0003,202407,B3,System,2/14/2026 16:10
2177,8/1/2024,8/1/2024,DOC002177,Invoice,1,3,3,31,,3,1,1269.5,190.425,1,1269.5,GL0003,202408,B7,System,2/14/2026 16:10
2187,7/24/2024,7/24/2024,DOC002187,Invoice,4,3,2,4,,3,4,1667,250.05,3,555.6666667,GL0003,202407,B7,System,2/14/2026 16:10
2191,7/13/2024,7/13/2024,DOC002191,Invoice,4,3,1,29,,3,4,14595.5,2189.325,8,1824.4375,GL0003,202407,B1,System,2/14/2026 16:10
2192,8/2/2024,8/2/2024,DOC002192,Invoice,1,3,2,21,,3,1,14547.5,2182.125,8,1818.4375,GL0003,202408,B2,System,2/14/2026 16:10
2195,9/3/2024,9/3/2024,DOC002195,Invoice,5,3,3,5,,3,5,8252,1237.8,7,1178.857143,GL0003,202409,B5,System,2/14/2026 16:10
2205,7/5/2024,7/5/2024,DOC002205,Invoice,3,3,1,23,,3,3,14051.5,2107.725,8,1756.4375,GL0003,202407,B5,System,2/14/2026 16:10
2216,8/27/2024,8/27/2024,DOC002216,Invoice,5,3,1,20,,3,5,1621,243.15,2,810.5,GL0003,202408,B6,System,2/14/2026 16:10
2217,7/14/2024,7/14/2024,DOC002217,Invoice,2,3,1,17,,3,2,2486,372.9,2,1243,GL0003,202407,B7,System,2/14/2026 16:10
2221,7/12/2024,7/12/2024,DOC002221,Invoice,4,3,2,29,,3,4,2098,314.7,5,419.6,GL0003,202407,B1,System,2/14/2026 16:10
2225,9/24/2024,9/24/2024,DOC002225,Invoice,3,3,3,33,,3,3,6058,908.7,4,1514.5,GL0003,202409,B5,System,2/14/2026 16:10
2229,9/1/2024,9/1/2024,DOC002229,Invoice,5,3,2,15,,3,5,4534,680.1,6,755.6666667,GL0003,202409,B9,System,2/14/2026 16:10
2251,8/26/2024,8/26/2024,DOC002251,Invoice,3,3,1,8,,3,3,2299,344.85,7,328.4285714,GL0003,202408,B1,System,2/14/2026 16:10
2258,8/27/2024,8/27/2024,DOC002258,Invoice,3,3,3,3,,3,3,3526.5,528.975,4,881.625,GL0003,202408,B8,System,2/14/2026 16:10
2268,9/12/2024,9/12/2024,DOC002268,Invoice,5,3,2,10,,3,5,696.5,104.475,1,696.5,GL0003,202409,B8,System,2/14/2026 16:10
2272,8/4/2024,8/4/2024,DOC002272,Invoice,4,3,2,4,,3,4,919.5,137.925,1,919.5,GL0003,202408,B2,System,2/14/2026 16:10
2294,7/15/2024,7/15/2024,DOC002294,Invoice,3,3,2,28,,3,3,2644,396.6,5,528.8,GL0003,202407,B4,System,2/14/2026 16:10
2295,7/21/2024,7/21/2024,DOC002295,Invoice,1,3,1,21,,3,1,6260.5,939.075,9,695.6111111,GL0003,202407,B5,System,2/14/2026 16:10
2312,7/20/2024,7/20/2024,DOC002312,Invoice,3,3,1,13,,3,3,1541,231.15,6,256.8333333,GL0003,202407,B2,System,2/14/2026 16:10
2322,8/9/2024,8/9/2024,DOC002322,Invoice,4,3,1,19,,3,4,3797,569.55,6,632.8333333,GL0003,202408,B2,System,2/14/2026 16:10
2324,7/20/2024,7/20/2024,DOC002324,Invoice,4,3,1,39,,3,4,1714,257.1,7,244.8571429,GL0003,202407,B4,System,2/14/2026 16:10
2342,9/1/2024,9/1/2024,DOC002342,Invoice,1,3,1,36,,3,1,8608,1291.2,5,1721.6,GL0003,202409,B2,System,2/14/2026 16:10
2356,8/12/2024,8/12/2024,DOC002356,Invoice,2,3,1,32,,3,2,2930.5,439.575,6,488.4166667,GL0003,202408,B6,System,2/14/2026 16:10
2357,8/21/2024,8/21/2024,DOC002357,Invoice,2,3,3,12,,3,2,7367,1105.05,7,1052.428571,GL0003,202408,B7,System,2/14/2026 16:10
2358,9/12/2024,9/12/2024,DOC002358,Invoice,2,3,1,32,,3,2,8224,1233.6,5,1644.8,GL0003,202409,B8,System,2/14/2026 16:10
2366,7/10/2024,7/10/2024,DOC002366,Invoice,5,3,1,40,,3,5,1542.5,231.375,4,385.625,GL0003,202407,B6,System,2/14/2026 16:10
2367,8/15/2024,8/15/2024,DOC002367,Invoice,2,3,3,7,,3,2,4613,691.95,4,1153.25,GL0003,202408,B7,System,2/14/2026 16:10
2368,8/18/2024,8/18/2024,DOC002368,Invoice,2,3,2,12,,3,2,5416,812.4,5,1083.2,GL0003,202408,B8,System,2/14/2026 16:10
2370,9/4/2024,9/4/2024,DOC002370,Invoice,2,3,1,12,,3,2,2664,399.6,9,296,GL0003,202409,B0,System,2/14/2026 16:10
2382,9/11/2024,9/11/2024,DOC002382,Invoice,3,3,3,18,,3,3,6090,913.5,8,761.25,GL0003,202409,B2,System,2/14/2026 16:10
2383,7/21/2024,7/21/2024,DOC002383,Invoice,3,3,3,33,,3,3,3137,470.55,3,1045.666667,GL0003,202407,B3,System,2/14/2026 16:10
2385,8/6/2024,8/6/2024,DOC002385,Invoice,4,3,2,4,,3,4,15277,2291.55,8,1909.625,GL0003,202408,B5,System,2/14/2026 16:10
2397,7/17/2024,7/17/2024,DOC002397,Invoice,4,3,1,9,,3,4,3924,588.6,10,392.4,GL0003,202407,B7,System,2/14/2026 16:10
2401,7/4/2024,7/4/2024,DOC002401,Invoice,1,3,1,6,,3,1,7790,1168.5,7,1112.857143,GL0003,202407,B1,System,2/14/2026 16:10
2409,9/10/2024,9/10/2024,DOC002409,Invoice,4,3,3,14,,3,4,6252,937.8,6,1042,GL0003,202409,B9,System,2/14/2026 16:10
2410,9/16/2024,9/16/2024,DOC002410,Invoice,2,3,1,32,,3,2,1888,283.2,5,377.6,GL0003,202409,B0,System,2/14/2026 16:10
2430,8/16/2024,8/16/2024,DOC002430,Invoice,4,3,1,34,,3,4,9234.5,1385.175,7,1319.214286,GL0003,202408,B0,System,2/14/2026 16:10
2434,9/21/2024,9/21/2024,DOC002434,Invoice,1,3,3,36,,3,1,7794,1169.1,4,1948.5,GL0003,202409,B4,System,2/14/2026 16:10
2440,8/25/2024,8/25/2024,DOC002440,Invoice,4,3,2,4,,3,4,6643.5,996.525,8,830.4375,GL0003,202408,B0,System,2/14/2026 16:10
2447,9/25/2024,9/25/2024,DOC002447,Invoice,3,3,2,8,,3,3,2720.5,408.075,3,906.8333333,GL0003,202409,B7,System,2/14/2026 16:10
2469,7/7/2024,7/7/2024,DOC002469,Invoice,3,3,3,38,,3,3,1771.5,265.725,4,442.875,GL0003,202407,B9,System,2/14/2026 16:10
2499,8/5/2024,8/5/2024,DOC002499,Invoice,4,3,3,29,,3,4,2838.5,425.775,2,1419.25,GL0003,202408,B9,System,2/14/2026 16:10
2506,8/22/2024,8/22/2024,DOC002506,Invoice,1,3,2,26,,3,1,3979.5,596.925,3,1326.5,GL0003,202408,B6,System,2/14/2026 16:10
2507,9/19/2024,9/19/2024,DOC002507,Invoice,5,3,1,40,,3,5,2213,331.95,3,737.6666667,GL0003,202409,B7,System,2/14/2026 16:10
2512,9/28/2024,9/28/2024,DOC002512,Invoice,4,3,2,29,,3,4,2200,330,2,1100,GL0003,202409,B2,System,2/14/2026 16:10
2513,7/13/2024,7/13/2024,DOC002513,Invoice,3,3,1,33,,3,3,460,69,1,460,GL0003,202407,B3,System,2/14/2026 16:10
2530,7/16/2024,7/16/2024,DOC002530,Invoice,3,3,3,18,,3,3,4328,649.2,4,1082,GL0003,202407,B0,System,2/14/2026 16:10
2533,7/11/2024,7/11/2024,DOC002533,Invoice,2,3,3,27,,3,2,5074,761.1,3,1691.333333,GL0003,202407,B3,System,2/14/2026 16:10
2535,8/22/2024,8/22/2024,DOC002535,Invoice,1,3,1,31,,3,1,818.5,122.775,2,409.25,GL0003,202408,B5,System,2/14/2026 16:10
2544,8/11/2024,8/11/2024,DOC002544,Invoice,5,3,1,30,,3,5,4460,669,10,446,GL0003,202408,B4,System,2/14/2026 16:10
2550,7/24/2024,7/24/2024,DOC002550,Invoice,5,3,3,15,,3,5,1718.5,257.775,6,286.4166667,GL0003,202407,B0,System,2/14/2026 16:10
2555,8/29/2024,8/29/2024,DOC002555,Invoice,4,3,2,14,,3,4,1120,168,5,224,GL0003,202408,B5,System,2/14/2026 16:10
2566,8/31/2024,8/31/2024,DOC002566,Invoice,5,3,1,20,,3,5,5071,760.65,7,724.4285714,GL0003,202408,B6,System,2/14/2026 16:10
2570,8/28/2024,8/28/2024,DOC002570,Invoice,5,3,3,25,,3,5,907,136.05,1,907,GL0003,202408,B0,System,2/14/2026 16:10
2583,7/13/2024,7/13/2024,DOC002583,Invoice,3,3,1,23,,3,3,643.5,96.525,1,643.5,GL0003,202407,B3,System,2/14/2026 16:10
2591,7/11/2024,7/11/2024,DOC002591,Invoice,5,3,1,5,,3,5,6757.5,1013.625,9,750.8333333,GL0003,202407,B1,System,2/14/2026 16:10
2592,7/25/2024,7/25/2024,DOC002592,Invoice,1,3,2,1,,3,1,14954.5,2243.175,9,1661.611111,GL0003,202407,B2,System,2/14/2026 16:10
2594,7/8/2024,7/8/2024,DOC002594,Invoice,3,3,2,13,,3,3,2765,414.75,4,691.25,GL0003,202407,B4,System,2/14/2026 16:10
2595,8/18/2024,8/18/2024,DOC002595,Invoice,4,3,1,4,,3,4,4309.5,646.425,7,615.6428571,GL0003,202408,B5,System,2/14/2026 16:10
2603,7/6/2024,7/6/2024,DOC002603,Invoice,2,3,2,12,,3,2,2339.5,350.925,2,1169.75,GL0003,202407,B3,System,2/14/2026 16:10
2610,7/20/2024,7/20/2024,DOC002610,Invoice,5,3,3,40,,3,5,13200,1980,8,1650,GL0003,202407,B0,System,2/14/2026 16:10
2629,8/25/2024,8/25/2024,DOC002629,Invoice,2,3,1,12,,3,2,3940,591,2,1970,GL0003,202408,B9,System,2/14/2026 16:10
2631,7/28/2024,7/28/2024,DOC002631,Invoice,1,3,3,31,,3,1,3288,493.2,10,328.8,GL0003,202407,B1,System,2/14/2026 16:10
2635,8/2/2024,8/2/2024,DOC002635,Invoice,3,3,2,28,,3,3,1046,156.9,5,209.2,GL0003,202408,B5,System,2/14/2026 16:10
2643,8/14/2024,8/14/2024,DOC002643,Invoice,1,3,2,1,,3,1,1288,193.2,1,1288,GL0003,202408,B3,System,2/14/2026 16:10
2653,7/29/2024,7/29/2024,DOC002653,Invoice,1,3,3,11,,3,1,323,48.45,1,323,GL0003,202407,B3,System,2/14/2026 16:10
2658,8/20/2024,8/20/2024,DOC002658,Invoice,3,3,3,13,,3,3,1310.5,196.575,4,327.625,GL0003,202408,B8,System,2/14/2026 16:10
2659,7/15/2024,7/15/2024,DOC002659,Invoice,3,3,2,33,,3,3,2122,318.3,4,530.5,GL0003,202407,B9,System,2/14/2026 16:10
2661,8/18/2024,8/18/2024,DOC002661,Invoice,5,3,2,20,,3,5,15299.5,2294.925,8,1912.4375,GL0003,202408,B1,System,2/14/2026 16:10
2662,9/1/2024,9/1/2024,DOC002662,Invoice,5,3,3,30,,3,5,3750,562.5,5,750,GL0003,202409,B2,System,2/14/2026 16:10
2666,7/2/2024,7/2/2024,DOC002666,Invoice,3,3,2,18,,3,3,2429,364.35,2,1214.5,GL0003,202407,B6,System,2/14/2026 16:10
2678,7/29/2024,7/29/2024,DOC002678,Invoice,1,3,1,11,,3,1,1362,204.3,1,1362,GL0003,202407,B8,System,2/14/2026 16:10
2679,7/2/2024,7/2/2024,DOC002679,Invoice,5,3,1,10,,3,5,16508,2476.2,10,1650.8,GL0003,202407,B9,System,2/14/2026 16:10
2684,7/3/2024,7/3/2024,DOC002684,Invoice,3,3,3,38,,3,3,3389,508.35,3,1129.666667,GL0003,202407,B4,System,2/14/2026 16:10
2689,9/5/2024,9/5/2024,DOC002689,Invoice,1,3,1,11,,3,1,1375.5,206.325,3,458.5,GL0003,202409,B9,System,2/14/2026 16:10
2702,8/21/2024,8/21/2024,DOC002702,Invoice,3,3,1,23,,3,3,15484,2322.6,9,1720.444444,GL0003,202408,B2,System,2/14/2026 16:10
2709,8/21/2024,8/21/2024,DOC002709,Invoice,2,3,2,17,,3,2,5297,794.55,6,882.8333333,GL0003,202408,B9,System,2/14/2026 16:10
2717,8/31/2024,8/31/2024,DOC002717,Invoice,3,3,3,18,,3,3,1801,270.15,1,1801,GL0003,202408,B7,System,2/14/2026 16:10
2733,7/24/2024,7/24/2024,DOC002733,Invoice,4,3,2,34,,3,4,1618,242.7,5,323.6,GL0003,202407,B3,System,2/14/2026 16:10
2765,9/21/2024,9/21/2024,DOC002765,Invoice,4,3,2,4,,3,4,16852,2527.8,9,1872.444444,GL0003,202409,B5,System,2/14/2026 16:10
2802,9/10/2024,9/10/2024,DOC002802,Invoice,5,3,2,10,,3,5,2426,363.9,5,485.2,GL0003,202409,B2,System,2/14/2026 16:10
2809,7/26/2024,7/26/2024,DOC002809,Invoice,5,3,3,40,,3,5,3086,462.9,2,1543,GL0003,202407,B9,System,2/14/2026 16:10
2822,8/15/2024,8/15/2024,DOC002822,Invoice,2,3,3,37,,3,2,19696,2954.4,10,1969.6,GL0003,202408,B2,System,2/14/2026 16:10
2835,8/29/2024,8/29/2024,DOC002835,Invoice,1,3,2,36,,3,1,3367.5,505.125,6,561.25,GL0003,202408,B5,System,2/14/2026 16:10
2840,8/11/2024,8/11/2024,DOC002840,Invoice,3,3,1,33,,3,3,6084,912.6,6,1014,GL0003,202408,B0,System,2/14/2026 16:10
2842,7/6/2024,7/6/2024,DOC002842,Invoice,2,3,3,12,,3,2,11544.5,1731.675,7,1649.214286,GL0003,202407,B2,System,2/14/2026 16:10
2851,8/20/2024,8/20/2024,DOC002851,Invoice,2,3,3,27,,3,2,3172,475.8,5,634.4,GL0003,202408,B1,System,2/14/2026 16:10
2861,8/7/2024,8/7/2024,DOC002861,Invoice,2,3,3,2,,3,2,8220,1233,6,1370,GL0003,202408,B1,System,2/14/2026 16:10
2877,9/27/2024,9/27/2024,DOC002877,Invoice,4,3,1,39,,3,4,9542.5,1431.375,6,1590.416667,GL0003,202409,B7,System,2/14/2026 16:10
2893,9/23/2024,9/23/2024,DOC002893,Invoice,1,3,1,16,,3,1,2803.5,420.525,6,467.25,GL0003,202409,B3,System,2/14/2026 16:10
2895,7/8/2024,7/8/2024,DOC002895,Invoice,4,3,2,9,,3,4,8594,1289.1,5,1718.8,GL0003,202407,B5,System,2/14/2026 16:10
2898,7/24/2024,7/24/2024,DOC002898,Invoice,1,3,1,21,,3,1,2348,352.2,2,1174,GL0003,202407,B8,System,2/14/2026 16:10
2912,7/2/2024,7/2/2024,DOC002912,Invoice,1,3,2,21,,3,1,15808,2371.2,9,1756.444444,GL0003,202407,B2,System,2/14/2026 16:10
2927,7/11/2024,7/11/2024,DOC002927,Invoice,1,3,2,1,,3,1,15898,2384.7,9,1766.444444,GL0003,202407,B7,System,2/14/2026 16:10
2955,9/3/2024,9/3/2024,DOC002955,Invoice,5,3,1,10,,3,5,16952,2542.8,10,1695.2,GL0003,202409,B5,System,2/14/2026 16:10
2971,8/2/2024,8/2/2024,DOC002971,Invoice,2,3,3,12,,3,2,7682,1152.3,4,1920.5,GL0003,202408,B1,System,2/14/2026 16:10
2986,8/15/2024,8/15/2024,DOC002986,Invoice,5,3,1,35,,3,5,7358.5,1103.775,6,1226.416667,GL0003,202408,B6,System,2/14/2026 16:10
2992,8/31/2024,8/31/2024,DOC002992,Invoice,3,3,3,8,,3,3,16156,2423.4,10,1615.6,GL0003,202408,B2,System,2/14/2026 16:10
2994,7/22/2024,7/22/2024,DOC002994,Invoice,2,3,1,12,,3,2,8624,1293.6,7,1232,GL0003,202407,B4,System,2/14/2026 16:10
2995,9/22/2024,9/22/2024,DOC002995,Invoice,5,3,3,5,,3,5,8948,1342.2,5,1789.6,GL0003,202409,B5,System,2/14/2026 16:10
2996,7/18/2024,7/18/2024,DOC002996,Invoice,1,3,2,21,,3,1,6466,969.9,6,1077.666667,GL0003,202407,B6,System,2/14/2026 16:10
3005,8/31/2024,8/31/2024,DOC003005,Invoice,2,3,2,37,,3,2,3002,450.3,8,375.25,GL0003,202408,B5,System,2/14/2026 16:10
3007,7/24/2024,7/24/2024,DOC003007,Invoice,3,3,1,18,,3,3,11963,1794.45,9,1329.222222,GL0003,202407,B7,System,2/14/2026 16:10
3009,7/26/2024,7/26/2024,DOC003009,Invoice,2,3,3,22,,3,2,3748,562.2,3,1249.333333,GL0003,202407,B9,System,2/14/2026 16:10
3034,8/2/2024,8/2/2024,DOC003034,Invoice,4,3,1,39,,3,4,5315.5,797.325,8,664.4375,GL0003,202408,B4,System,2/14/2026 16:10
3039,9/14/2024,9/14/2024,DOC003039,Invoice,2,3,2,17,,3,2,2982,447.3,2,1491,GL0003,202409,B9,System,2/14/2026 16:10
3040,7/19/2024,7/19/2024,DOC003040,Invoice,1,3,1,31,,3,1,6053,907.95,6,1008.833333,GL0003,202407,B0,System,2/14/2026 16:10
3041,8/17/2024,8/17/2024,DOC003041,Invoice,4,3,2,14,,3,4,1831.5,274.725,6,305.25,GL0003,202408,B1,System,2/14/2026 16:10
3060,8/20/2024,8/20/2024,DOC003060,Invoice,4,3,2,29,,3,4,2376,356.4,6,396,GL0003,202408,B0,System,2/14/2026 16:10
3080,8/8/2024,8/8/2024,DOC003080,Invoice,5,3,2,25,,3,5,6586,987.9,7,940.8571429,GL0003,202408,B0,System,2/14/2026 16:10
3102,7/31/2024,7/31/2024,DOC003102,Invoice,4,3,1,24,,3,4,4466,669.9,4,1116.5,GL0003,202407,B2,System,2/14/2026 16:10
3126,8/8/2024,8/8/2024,DOC003126,Invoice,2,3,3,2,,3,2,11642.5,1746.375,6,1940.416667,GL0003,202408,B6,System,2/14/2026 16:10
3131,7/22/2024,7/22/2024,DOC003131,Invoice,1,3,2,21,,3,1,1690,253.5,4,422.5,GL0003,202407,B1,System,2/14/2026 16:10
3133,8/10/2024,8/10/2024,DOC003133,Invoice,1,3,3,21,,3,1,10030,1504.5,6,1671.666667,GL0003,202408,B3,System,2/14/2026 16:10
3136,8/22/2024,8/22/2024,DOC003136,Invoice,4,3,2,9,,3,4,4440,666,4,1110,GL0003,202408,B6,System,2/14/2026 16:10
3142,9/3/2024,9/3/2024,DOC003142,Invoice,2,3,2,37,,3,2,1576,236.4,1,1576,GL0003,202409,B2,System,2/14/2026 16:10
3150,7/11/2024,7/11/2024,DOC003150,Invoice,3,3,3,8,,3,3,7610.5,1141.575,9,845.6111111,GL0003,202407,B0,System,2/14/2026 16:10
3155,8/2/2024,8/2/2024,DOC003155,Invoice,2,3,2,37,,3,2,4243.5,636.525,8,530.4375,GL0003,202408,B5,System,2/14/2026 16:10
3158,8/2/2024,8/2/2024,DOC003158,Invoice,3,3,2,13,,3,3,4464,669.6,8,558,GL0003,202408,B8,System,2/14/2026 16:10
3163,8/6/2024,8/6/2024,DOC003163,Invoice,3,3,3,23,,3,3,5897,884.55,6,982.8333333,GL0003,202408,B3,System,2/14/2026 16:10
3176,9/15/2024,9/15/2024,DOC003176,Invoice,4,3,3,29,,3,4,6138,920.7,4,1534.5,GL0003,202409,B6,System,2/14/2026 16:10
3183,9/3/2024,9/3/2024,DOC003183,Invoice,1,3,2,31,,3,1,2303.5,345.525,2,1151.75,GL0003,202409,B3,System,2/14/2026 16:10
3202,8/5/2024,8/5/2024,DOC003202,Invoice,5,3,1,10,,3,5,8904,1335.6,6,1484,GL0003,202408,B2,System,2/14/2026 16:10
3213,9/8/2024,9/8/2024,DOC003213,Invoice,1,3,1,21,,3,1,4344,651.6,10,434.4,GL0003,202409,B3,System,2/14/2026 16:10
3242,8/5/2024,8/5/2024,DOC003242,Invoice,5,3,2,10,,3,5,3545,531.75,6,590.8333333,GL0003,202408,B2,System,2/14/2026 16:10
3246,7/14/2024,7/14/2024,DOC003246,Invoice,5,3,2,20,,3,5,802.5,120.375,1,802.5,GL0003,202407,B6,System,2/14/2026 16:10
3256,9/18/2024,9/18/2024,DOC003256,Invoice,5,3,3,40,,3,5,1933.5,290.025,9,214.8333333,GL0003,202409,B6,System,2/14/2026 16:10
3269,7/13/2024,7/13/2024,DOC003269,Invoice,2,3,1,17,,3,2,1460,219,1,1460,GL0003,202407,B9,System,2/14/2026 16:10
3273,7/14/2024,7/14/2024,DOC003273,Invoice,5,3,2,30,,3,5,2860,429,2,1430,GL0003,202407,B3,System,2/14/2026 16:10
3287,7/7/2024,7/7/2024,DOC003287,Invoice,3,3,2,38,,3,3,9979.5,1496.925,9,1108.833333,GL0003,202407,B7,System,2/14/2026 16:10
3288,7/10/2024,7/10/2024,DOC003288,Invoice,4,3,2,39,,3,4,2758,413.7,5,551.6,GL0003,202407,B8,System,2/14/2026 16:10
3293,8/25/2024,8/25/2024,DOC003293,Invoice,5,3,1,40,,3,5,1216,182.4,4,304,GL0003,202408,B3,System,2/14/2026 16:10
3295,8/12/2024,8/12/2024,DOC003295,Invoice,3,3,1,18,,3,3,9266.5,1389.975,6,1544.416667,GL0003,202408,B5,System,2/14/2026 16:10
3297,8/3/2024,8/3/2024,DOC003297,Invoice,4,3,3,24,,3,4,1080,162,5,216,GL0003,202408,B7,System,2/14/2026 16:10
3302,7/6/2024,7/6/2024,DOC003302,Invoice,1,3,2,36,,3,1,3486,522.9,2,1743,GL0003,202407,B2,System,2/14/2026 16:10
3304,9/22/2024,9/22/2024,DOC003304,Invoice,3,3,1,28,,3,3,2849,427.35,3,949.6666667,GL0003,202409,B4,System,2/14/2026 16:10
3316,8/3/2024,8/3/2024,DOC003316,Invoice,2,3,1,37,,3,2,12643.5,1896.525,8,1580.4375,GL0003,202408,B6,System,2/14/2026 16:10
3318,8/24/2024,8/24/2024,DOC003318,Invoice,3,3,3,38,,3,3,8042,1206.3,7,1148.857143,GL0003,202408,B8,System,2/14/2026 16:10
3327,7/25/2024,7/25/2024,DOC003327,Invoice,5,3,1,20,,3,5,10416,1562.4,6,1736,GL0003,202407,B7,System,2/14/2026 16:10
3329,9/9/2024,9/9/2024,DOC003329,Invoice,2,3,1,17,,3,2,5110,766.5,6,851.6666667,GL0003,202409,B9,System,2/14/2026 16:10
3341,9/10/2024,9/10/2024,DOC003341,Invoice,4,3,3,14,,3,4,234,35.1,1,234,GL0003,202409,B1,System,2/14/2026 16:10
3354,8/14/2024,8/14/2024,DOC003354,Invoice,5,3,3,20,,3,5,15952,2392.8,10,1595.2,GL0003,202408,B4,System,2/14/2026 16:10
3357,9/25/2024,9/25/2024,DOC003357,Invoice,4,3,2,29,,3,4,8026,1203.9,6,1337.666667,GL0003,202409,B7,System,2/14/2026 16:10
3358,7/7/2024,7/7/2024,DOC003358,Invoice,3,3,2,8,,3,3,2207,331.05,9,245.2222222,GL0003,202407,B8,System,2/14/2026 16:10
3361,7/29/2024,7/29/2024,DOC003361,Invoice,3,3,3,33,,3,3,6238,935.7,5,1247.6,GL0003,202407,B1,System,2/14/2026 16:10
3366,7/16/2024,7/16/2024,DOC003366,Invoice,5,3,1,10,,3,5,1926,288.9,2,963,GL0003,202407,B6,System,2/14/2026 16:10
3381,8/11/2024,8/11/2024,DOC003381,Invoice,4,3,1,29,,3,4,4570,685.5,5,914,GL0003,202408,B1,System,2/14/2026 16:10
3390,8/30/2024,8/30/2024,DOC003390,Invoice,3,3,1,28,,3,3,9990,1498.5,5,1998,GL0003,202408,B0,System,2/14/2026 16:10
3393,9/8/2024,9/8/2024,DOC003393,Invoice,4,3,3,24,,3,4,1289,193.35,1,1289,GL0003,202409,B3,System,2/14/2026 16:10
3396,7/4/2024,7/4/2024,DOC003396,Invoice,5,3,3,40,,3,5,5543,831.45,3,1847.666667,GL0003,202407,B6,System,2/14/2026 16:10
3399,7/17/2024,7/17/2024,DOC003399,Invoice,2,3,2,2,,3,2,1790.5,268.575,6,298.4166667,GL0003,202407,B9,System,2/14/2026 16:10
3400,9/18/2024,9/18/2024,DOC003400,Invoice,5,3,1,35,,3,5,4496,674.4,8,562,GL0003,202409,B0,System,2/14/2026 16:10
3406,9/22/2024,9/22/2024,DOC003406,Invoice,3,3,3,28,,3,3,13669.5,2050.425,9,1518.833333,GL0003,202409,B6,System,2/14/2026 16:10
3421,9/8/2024,9/8/2024,DOC003421,Invoice,5,3,2,10,,3,5,3320,498,10,332,GL0003,202409,B1,System,2/14/2026 16:10
3423,9/26/2024,9/26/2024,DOC003423,Invoice,3,3,1,28,,3,3,10074.5,1511.175,7,1439.214286,GL0003,202409,B3,System,2/14/2026 16:10
3428,7/31/2024,7/31/2024,DOC003428,Invoice,5,3,3,20,,3,5,6289.5,943.425,9,698.8333333,GL0003,202407,B8,System,2/14/2026 16:10
3429,7/2/2024,7/2/2024,DOC003429,Invoice,2,3,1,17,,3,2,6644,996.6,5,1328.8,GL0003,202407,B9,System,2/14/2026 16:10
3432,8/13/2024,8/13/2024,DOC003432,Invoice,1,3,3,31,,3,1,1741.5,261.225,1,1741.5,GL0003,202408,B2,System,2/14/2026 16:10
3447,8/9/2024,8/9/2024,DOC003447,Invoice,3,3,1,33,,3,3,7220,1083,10,722,GL0003,202408,B7,System,2/14/2026 16:10
3453,9/22/2024,9/22/2024,DOC003453,Invoice,4,3,1,19,,3,4,9824.5,1473.675,9,1091.611111,GL0003,202409,B3,System,2/14/2026 16:10
3465,9/17/2024,9/17/2024,DOC003465,Invoice,1,3,2,1,,3,1,568,85.2,1,568,GL0003,202409,B5,System,2/14/2026 16:10
3469,8/8/2024,8/8/2024,DOC003469,Invoice,2,3,3,27,,3,2,14925,2238.75,8,1865.625,GL0003,202408,B9,System,2/14/2026 16:10
3491,9/25/2024,9/25/2024,DOC003491,Invoice,1,3,3,1,,3,1,1748,262.2,2,874,GL0003,202409,B1,System,2/14/2026 16:10
3493,7/24/2024,7/24/2024,DOC003493,Invoice,5,3,3,25,,3,5,908,136.2,2,454,GL0003,202407,B3,System,2/14/2026 16:10
3498,8/11/2024,8/11/2024,DOC003498,Invoice,1,3,2,36,,3,1,1886.5,282.975,1,1886.5,GL0003,202408,B8,System,2/14/2026 16:10
3508,7/13/2024,7/13/2024,DOC003508,Invoice,1,3,1,36,,3,1,493,73.95,1,493,GL0003,202407,B8,System,2/14/2026 16:10
3509,7/2/2024,7/2/2024,DOC003509,Invoice,3,3,1,33,,3,3,7522,1128.3,6,1253.666667,GL0003,202407,B9,System,2/14/2026 16:10
3514,7/12/2024,7/12/2024,DOC003514,Invoice,4,3,2,34,,3,4,704,105.6,1,704,GL0003,202407,B4,System,2/14/2026 16:10
3533,7/13/2024,7/13/2024,DOC003533,Invoice,3,3,1,38,,3,3,7596.5,1139.475,7,1085.214286,GL0003,202407,B3,System,2/14/2026 16:10
3537,8/21/2024,8/21/2024,DOC003537,Invoice,5,3,3,35,,3,5,10775,1616.25,9,1197.222222,GL0003,202408,B7,System,2/14/2026 16:10
3545,8/15/2024,8/15/2024,DOC003545,Invoice,3,3,2,18,,3,3,1286.5,192.975,1,1286.5,GL0003,202408,B5,System,2/14/2026 16:10
3548,7/9/2024,7/9/2024,DOC003548,Invoice,3,3,3,3,,3,3,2352,352.8,5,470.4,GL0003,202407,B8,System,2/14/2026 16:10
3559,9/28/2024,9/28/2024,DOC003559,Invoice,3,3,3,3,,3,3,3713,556.95,2,1856.5,GL0003,202409,B9,System,2/14/2026 16:10
3560,7/10/2024,7/10/2024,DOC003560,Invoice,1,3,3,31,,3,1,3508,526.2,2,1754,GL0003,202407,B0,System,2/14/2026 16:10
3574,7/8/2024,7/8/2024,DOC003574,Invoice,2,3,3,27,,3,2,7734,1160.1,5,1546.8,GL0003,202407,B4,System,2/14/2026 16:10
3575,7/2/2024,7/2/2024,DOC003575,Invoice,5,3,1,20,,3,5,7348,1102.2,5,1469.6,GL0003,202407,B5,System,2/14/2026 16:10
3577,7/26/2024,7/26/2024,DOC003577,Invoice,3,3,1,23,,3,3,1874.5,281.175,2,937.25,GL0003,202407,B7,System,2/14/2026 16:10
3579,9/19/2024,9/19/2024,DOC003579,Invoice,1,3,1,1,,3,1,7902,1185.3,5,1580.4,GL0003,202409,B9,System,2/14/2026 16:10
3596,9/7/2024,9/7/2024,DOC003596,Invoice,1,3,3,11,,3,1,4358.5,653.775,3,1452.833333,GL0003,202409,B6,System,2/14/2026 16:10
3606,8/29/2024,8/29/2024,DOC003606,Invoice,4,3,1,34,,3,4,6558.5,983.775,4,1639.625,GL0003,202408,B6,System,2/14/2026 16:10
3608,8/16/2024,8/16/2024,DOC003608,Invoice,1,3,2,36,,3,1,11887.5,1783.125,6,1981.25,GL0003,202408,B8,System,2/14/2026 16:10
3632,9/9/2024,9/9/2024,DOC003632,Invoice,1,3,2,16,,3,1,9602.5,1440.375,6,1600.416667,GL0003,202409,B2,System,2/14/2026 16:10
3633,8/25/2024,8/25/2024,DOC003633,Invoice,5,3,2,40,,3,5,8462.5,1269.375,6,1410.416667,GL0003,202408,B3,System,2/14/2026 16:10
3636,8/15/2024,8/15/2024,DOC003636,Invoice,2,3,2,17,,3,2,2156,323.4,10,215.6,GL0003,202408,B6,System,2/14/2026 16:10
3642,7/9/2024,7/9/2024,DOC003642,Invoice,4,3,1,14,,3,4,9653,1447.95,6,1608.833333,GL0003,202407,B2,System,2/14/2026 16:10
3645,8/14/2024,8/14/2024,DOC003645,Invoice,2,3,3,2,,3,2,3955.5,593.325,3,1318.5,GL0003,202408,B5,System,2/14/2026 16:10
3654,9/14/2024,9/14/2024,DOC003654,Invoice,5,3,2,30,,3,5,14440,2166,10,1444,GL0003,202409,B4,System,2/14/2026 16:10
3657,8/23/2024,8/23/2024,DOC003657,Invoice,3,3,1,28,,3,3,1632,244.8,8,204,GL0003,202408,B7,System,2/14/2026 16:10
3660,8/3/2024,8/3/2024,DOC003660,Invoice,5,3,2,35,,3,5,3470.5,520.575,6,578.4166667,GL0003,202408,B0,System,2/14/2026 16:10
3662,7/9/2024,7/9/2024,DOC003662,Invoice,2,3,2,22,,3,2,3644,546.6,10,364.4,GL0003,202407,B2,System,2/14/2026 16:10
3673,8/7/2024,8/7/2024,DOC003673,Invoice,1,3,2,26,,3,1,5324.5,798.675,3,1774.833333,GL0003,202408,B3,System,2/14/2026 16:10
3692,8/4/2024,8/4/2024,DOC003692,Invoice,1,3,1,1,,3,1,12863.5,1929.525,7,1837.642857,GL0003,202408,B2,System,2/14/2026 16:10
3693,8/2/2024,8/2/2024,DOC003693,Invoice,2,3,1,27,,3,2,1314,197.1,4,328.5,GL0003,202408,B3,System,2/14/2026 16:10
3698,7/8/2024,7/8/2024,DOC003698,Invoice,4,3,2,24,,3,4,9857,1478.55,9,1095.222222,GL0003,202407,B8,System,2/14/2026 16:10
3701,8/7/2024,8/7/2024,DOC003701,Invoice,1,3,1,26,,3,1,980.5,147.075,1,980.5,GL0003,202408,B1,System,2/14/2026 16:10
3706,7/3/2024,7/3/2024,DOC003706,Invoice,1,3,1,1,,3,1,5206,780.9,6,867.6666667,GL0003,202407,B6,System,2/14/2026 16:10
3713,7/19/2024,7/19/2024,DOC003713,Invoice,4,3,3,14,,3,4,11704,1755.6,9,1300.444444,GL0003,202407,B3,System,2/14/2026 16:10
3714,8/8/2024,8/8/2024,DOC003714,Invoice,3,3,1,3,,3,3,9072,1360.8,6,1512,GL0003,202408,B4,System,2/14/2026 16:10
3715,7/30/2024,7/30/2024,DOC003715,Invoice,2,3,2,7,,3,2,8302,1245.3,5,1660.4,GL0003,202407,B5,System,2/14/2026 16:10
3724,8/11/2024,8/11/2024,DOC003724,Invoice,5,3,1,5,,3,5,5595.5,839.325,4,1398.875,GL0003,202408,B4,System,2/14/2026 16:10
3739,9/25/2024,9/25/2024,DOC003739,Invoice,3,3,2,28,,3,3,5375,806.25,3,1791.666667,GL0003,202409,B9,System,2/14/2026 16:10
3769,8/11/2024,8/11/2024,DOC003769,Invoice,3,3,3,28,,3,3,5842,876.3,3,1947.333333,GL0003,202408,B9,System,2/14/2026 16:10
3775,8/20/2024,8/20/2024,DOC003775,Invoice,3,3,1,33,,3,3,4691,703.65,3,1563.666667,GL0003,202408,B5,System,2/14/2026 16:10
3781,7/12/2024,7/12/2024,DOC003781,Invoice,4,3,2,29,,3,4,2618,392.7,4,654.5,GL0003,202407,B1,System,2/14/2026 16:10
3795,8/18/2024,8/18/2024,DOC003795,Invoice,4,3,3,14,,3,4,1427,214.05,1,1427,GL0003,202408,B5,System,2/14/2026 16:10
3803,7/28/2024,7/28/2024,DOC003803,Invoice,1,3,1,26,,3,1,7016,1052.4,10,701.6,GL0003,202407,B3,System,2/14/2026 16:10
3805,9/20/2024,9/20/2024,DOC003805,Invoice,2,3,1,37,,3,2,7680,1152,6,1280,GL0003,202409,B5,System,2/14/2026 16:10
3815,9/14/2024,9/14/2024,DOC003815,Invoice,4,3,1,39,,3,4,17972,2695.8,10,1797.2,GL0003,202409,B5,System,2/14/2026 16:10
3834,7/12/2024,7/12/2024,DOC003834,Invoice,4,3,2,19,,3,4,11006.5,1650.975,6,1834.416667,GL0003,202407,B4,System,2/14/2026 16:10
3839,7/23/2024,7/23/2024,DOC003839,Invoice,4,3,1,9,,3,4,1750,262.5,6,291.6666667,GL0003,202407,B9,System,2/14/2026 16:10
3856,9/23/2024,9/23/2024,DOC003856,Invoice,1,3,1,31,,3,1,4357,653.55,7,622.4285714,GL0003,202409,B6,System,2/14/2026 16:10
3860,7/3/2024,7/3/2024,DOC003860,Invoice,3,3,3,23,,3,3,3074.5,461.175,3,1024.833333,GL0003,202407,B0,System,2/14/2026 16:10
3886,7/14/2024,7/14/2024,DOC003886,Invoice,3,3,2,18,,3,3,1471,220.65,1,1471,GL0003,202407,B6,System,2/14/2026 16:10
3891,9/19/2024,9/19/2024,DOC003891,Invoice,1,3,2,6,,3,1,1132.5,169.875,1,1132.5,GL0003,202409,B1,System,2/14/2026 16:10
3897,7/3/2024,7/3/2024,DOC003897,Invoice,5,3,3,20,,3,5,5994,899.1,4,1498.5,GL0003,202407,B7,System,2/14/2026 16:10
3899,9/27/2024,9/27/2024,DOC003899,Invoice,4,3,3,19,,3,4,2878,431.7,5,575.6,GL0003,202409,B9,System,2/14/2026 16:10
3906,8/31/2024,8/31/2024,DOC003906,Invoice,1,3,3,11,,3,1,11676,1751.4,10,1167.6,GL0003,202408,B6,System,2/14/2026 16:10
3910,8/29/2024,8/29/2024,DOC003910,Invoice,5,3,3,40,,3,5,2414.5,362.175,6,402.4166667,GL0003,202408,B0,System,2/14/2026 16:10
3918,9/17/2024,9/17/2024,DOC003918,Invoice,1,3,2,31,,3,1,3018,452.7,2,1509,GL0003,202409,B8,System,2/14/2026 16:10
3928,9/24/2024,9/24/2024,DOC003928,Invoice,4,3,3,34,,3,4,4934,740.1,5,986.8,GL0003,202409,B8,System,2/14/2026 16:10
3946,7/23/2024,7/23/2024,DOC003946,Invoice,3,3,2,33,,3,3,11513,1726.95,6,1918.833333,GL0003,202407,B6,System,2/14/2026 16:10
3947,7/26/2024,7/26/2024,DOC003947,Invoice,2,3,2,32,,3,2,1434,215.1,4,358.5,GL0003,202407,B7,System,2/14/2026 16:10
3954,9/18/2024,9/18/2024,DOC003954,Invoice,1,3,3,6,,3,1,18636,2795.4,10,1863.6,GL0003,202409,B4,System,2/14/2026 16:10
3964,8/31/2024,8/31/2024,DOC003964,Invoice,5,3,2,20,,3,5,7657.5,1148.625,9,850.8333333,GL0003,202408,B4,System,2/14/2026 16:10
3972,8/3/2024,8/3/2024,DOC003972,Invoice,5,3,2,35,,3,5,6224.5,933.675,7,889.2142857,GL0003,202408,B2,System,2/14/2026 16:10
3976,7/1/2024,7/1/2024,DOC003976,Invoice,2,3,1,32,,3,2,4774.5,716.175,4,1193.625,GL0003,202407,B6,System,2/14/2026 16:10
3979,7/14/2024,7/14/2024,DOC003979,Invoice,2,3,1,32,,3,2,13592,2038.8,10,1359.2,GL0003,202407,B9,System,2/14/2026 16:10
3991,7/4/2024,7/4/2024,DOC003991,Invoice,3,3,1,33,,3,3,4993.5,749.025,3,1664.5,GL0003,202407,B1,System,2/14/2026 16:10
3995,7/17/2024,7/17/2024,DOC003995,Invoice,4,3,1,4,,3,4,1426,213.9,1,1426,GL0003,202407,B5,System,2/14/2026 16:10
4014,8/8/2024,8/8/2024,DOC004014,Invoice,2,3,3,27,,3,2,3678,551.7,2,1839,GL0003,202408,B4,System,2/14/2026 16:10
4016,9/13/2024,9/13/2024,DOC004016,Invoice,3,3,3,33,,3,3,1049,157.35,2,524.5,GL0003,202409,B6,System,2/14/2026 16:10
4017,7/6/2024,7/6/2024,DOC004017,Invoice,3,3,3,13,,3,3,2445,366.75,2,1222.5,GL0003,202407,B7,System,2/14/2026 16:10
4031,9/28/2024,9/28/2024,DOC004031,Invoice,4,3,3,29,,3,4,11710,1756.5,6,1951.666667,GL0003,202409,B1,System,2/14/2026 16:10
4034,8/8/2024,8/8/2024,DOC004034,Invoice,5,3,3,5,,3,5,6482.5,972.375,6,1080.416667,GL0003,202408,B4,System,2/14/2026 16:10
4035,8/14/2024,8/14/2024,DOC004035,Invoice,3,3,1,38,,3,3,698.5,104.775,1,698.5,GL0003,202408,B5,System,2/14/2026 16:10
4057,8/21/2024,8/21/2024,DOC004057,Invoice,4,3,1,24,,3,4,4346.5,651.975,6,724.4166667,GL0003,202408,B7,System,2/14/2026 16:10
4060,9/6/2024,9/6/2024,DOC004060,Invoice,1,3,2,31,,3,1,785,117.75,1,785,GL0003,202409,B0,System,2/14/2026 16:10
4061,7/2/2024,7/2/2024,DOC004061,Invoice,3,3,1,33,,3,3,1630,244.5,5,326,GL0003,202407,B1,System,2/14/2026 16:10
4064,9/21/2024,9/21/2024,DOC004064,Invoice,3,3,2,38,,3,3,264,39.6,1,264,GL0003,202409,B4,System,2/14/2026 16:10
4068,9/9/2024,9/9/2024,DOC004068,Invoice,3,3,1,33,,3,3,8548.5,1282.275,7,1221.214286,GL0003,202409,B8,System,2/14/2026 16:10
4071,8/22/2024,8/22/2024,DOC004071,Invoice,2,3,2,2,,3,2,1752,262.8,3,584,GL0003,202408,B1,System,2/14/2026 16:10
4075,8/27/2024,8/27/2024,DOC004075,Invoice,4,3,1,39,,3,4,1905,285.75,1,1905,GL0003,202408,B5,System,2/14/2026 16:10
4076,8/19/2024,8/19/2024,DOC004076,Invoice,3,3,1,3,,3,3,3626.5,543.975,3,1208.833333,GL0003,202408,B6,System,2/14/2026 16:10
4092,7/28/2024,7/28/2024,DOC004092,Invoice,3,3,2,33,,3,3,10480,1572,10,1048,GL0003,202407,B2,System,2/14/2026 16:10
4098,9/27/2024,9/27/2024,DOC004098,Invoice,5,3,2,20,,3,5,5644,846.6,10,564.4,GL0003,202409,B8,System,2/14/2026 16:10
4100,9/11/2024,9/11/2024,DOC004100,Invoice,3,3,1,33,,3,3,1177.5,176.625,3,392.5,GL0003,202409,B0,System,2/14/2026 16:10
4110,7/26/2024,7/26/2024,DOC004110,Invoice,3,3,1,28,,3,3,11935.5,1790.325,6,1989.25,GL0003,202407,B0,System,2/14/2026 16:10
4114,9/3/2024,9/3/2024,DOC004114,Invoice,5,3,1,15,,3,5,18884,2832.6,10,1888.4,GL0003,202409,B4,System,2/14/2026 16:10
4119,8/12/2024,8/12/2024,DOC004119,Invoice,2,3,3,17,,3,2,15520,2328,10,1552,GL0003,202408,B9,System,2/14/2026 16:10
4127,8/8/2024,8/8/2024,DOC004127,Invoice,4,3,3,19,,3,4,4869,730.35,4,1217.25,GL0003,202408,B7,System,2/14/2026 16:10
4138,7/5/2024,7/5/2024,DOC004138,Invoice,4,3,1,29,,3,4,3645,546.75,4,911.25,GL0003,202407,B8,System,2/14/2026 16:10
4139,8/5/2024,8/5/2024,DOC004139,Invoice,1,3,1,6,,3,1,4432,664.8,9,492.4444444,GL0003,202408,B9,System,2/14/2026 16:10
4144,9/13/2024,9/13/2024,DOC004144,Invoice,1,3,2,6,,3,1,1574.5,236.175,4,393.625,GL0003,202409,B4,System,2/14/2026 16:10
4146,8/9/2024,8/9/2024,DOC004146,Invoice,2,3,3,7,,3,2,5702.5,855.375,3,1900.833333,GL0003,202408,B6,System,2/14/2026 16:10
4147,8/28/2024,8/28/2024,DOC004147,Invoice,2,3,3,2,,3,2,2704,405.6,8,338,GL0003,202408,B7,System,2/14/2026 16:10
4151,9/23/2024,9/23/2024,DOC004151,Invoice,3,3,2,23,,3,3,8504,1275.6,10,850.4,GL0003,202409,B1,System,2/14/2026 16:10
4158,9/17/2024,9/17/2024,DOC004158,Invoice,4,3,1,34,,3,4,4355,653.25,3,1451.666667,GL0003,202409,B8,System,2/14/2026 16:10
4176,9/1/2024,9/1/2024,DOC004176,Invoice,4,3,3,34,,3,4,14592,2188.8,8,1824,GL0003,202409,B6,System,2/14/2026 16:10
4182,9/25/2024,9/25/2024,DOC004182,Invoice,1,3,1,1,,3,1,19540,2931,10,1954,GL0003,202409,B2,System,2/14/2026 16:10
4202,9/17/2024,9/17/2024,DOC004202,Invoice,4,3,3,4,,3,4,11430,1714.5,9,1270,GL0003,202409,B2,System,2/14/2026 16:10
4224,7/4/2024,7/4/2024,DOC004224,Invoice,5,3,2,10,,3,5,1961,294.15,6,326.8333333,GL0003,202407,B4,System,2/14/2026 16:10
4243,7/12/2024,7/12/2024,DOC004243,Invoice,4,3,3,4,,3,4,1034,155.1,5,206.8,GL0003,202407,B3,System,2/14/2026 16:10
4252,7/19/2024,7/19/2024,DOC004252,Invoice,3,3,3,33,,3,3,6944.5,1041.675,9,771.6111111,GL0003,202407,B2,System,2/14/2026 16:10
4256,8/2/2024,8/2/2024,DOC004256,Invoice,5,3,1,30,,3,5,3444,516.6,10,344.4,GL0003,202408,B6,System,2/14/2026 16:10
4266,8/30/2024,8/30/2024,DOC004266,Invoice,5,3,1,20,,3,5,2484,372.6,5,496.8,GL0003,202408,B6,System,2/14/2026 16:10
4270,8/4/2024,8/4/2024,DOC004270,Invoice,1,3,1,1,,3,1,7058,1058.7,4,1764.5,GL0003,202408,B0,System,2/14/2026 16:10
4282,7/27/2024,7/27/2024,DOC004282,Invoice,5,3,1,30,,3,5,14876,2231.4,10,1487.6,GL0003,202407,B2,System,2/14/2026 16:10
4292,9/2/2024,9/2/2024,DOC004292,Invoice,1,3,1,11,,3,1,3096,464.4,9,344,GL0003,202409,B2,System,2/14/2026 16:10
4293,7/16/2024,7/16/2024,DOC004293,Invoice,5,3,1,25,,3,5,11261,1689.15,8,1407.625,GL0003,202407,B3,System,2/14/2026 16:10
4298,7/19/2024,7/19/2024,DOC004298,Invoice,2,3,2,32,,3,2,6880,1032,7,982.8571429,GL0003,202407,B8,System,2/14/2026 16:10
4301,7/16/2024,7/16/2024,DOC004301,Invoice,4,3,2,9,,3,4,3598,539.7,2,1799,GL0003,202407,B1,System,2/14/2026 16:10
4304,8/7/2024,8/7/2024,DOC004304,Invoice,4,3,2,4,,3,4,2025,303.75,2,1012.5,GL0003,202408,B4,System,2/14/2026 16:10
4307,8/9/2024,8/9/2024,DOC004307,Invoice,3,3,3,8,,3,3,12188.5,1828.275,7,1741.214286,GL0003,202408,B7,System,2/14/2026 16:10
4314,8/27/2024,8/27/2024,DOC004314,Invoice,5,3,1,20,,3,5,17752,2662.8,10,1775.2,GL0003,202408,B4,System,2/14/2026 16:10
4329,9/22/2024,9/22/2024,DOC004329,Invoice,4,3,2,19,,3,4,6074,911.1,5,1214.8,GL0003,202409,B9,System,2/14/2026 16:10
4331,8/25/2024,8/25/2024,DOC004331,Invoice,3,3,3,28,,3,3,9176,1376.4,5,1835.2,GL0003,202408,B1,System,2/14/2026 16:10
4340,8/12/2024,8/12/2024,DOC004340,Invoice,2,3,2,22,,3,2,14000,2100,10,1400,GL0003,202408,B0,System,2/14/2026 16:10
4343,9/14/2024,9/14/2024,DOC004343,Invoice,1,3,1,16,,3,1,3488,523.2,4,872,GL0003,202409,B3,System,2/14/2026 16:10
4344,9/5/2024,9/5/2024,DOC004344,Invoice,2,3,2,7,,3,2,5416,812.4,3,1805.333333,GL0003,202409,B4,System,2/14/2026 16:10
4354,7/16/2024,7/16/2024,DOC004354,Invoice,4,3,1,34,,3,4,3760.5,564.075,7,537.2142857,GL0003,202407,B4,System,2/14/2026 16:10
4428,7/14/2024,7/14/2024,DOC004428,Invoice,5,3,2,15,,3,5,13880,2082,7,1982.857143,GL0003,202407,B8,System,2/14/2026 16:10
4434,8/17/2024,8/17/2024,DOC004434,Invoice,3,3,3,8,,3,3,10179.5,1526.925,8,1272.4375,GL0003,202408,B4,System,2/14/2026 16:10
4439,7/23/2024,7/23/2024,DOC004439,Invoice,3,3,2,13,,3,3,1980,297,6,330,GL0003,202407,B9,System,2/14/2026 16:10
4440,9/15/2024,9/15/2024,DOC004440,Invoice,5,3,2,20,,3,5,9197,1379.55,8,1149.625,GL0003,202409,B0,System,2/14/2026 16:10
4457,9/4/2024,9/4/2024,DOC004457,Invoice,1,3,3,26,,3,1,1579,236.85,1,1579,GL0003,202409,B7,System,2/14/2026 16:10
4461,7/8/2024,7/8/2024,DOC004461,Invoice,1,3,2,26,,3,1,2476,371.4,2,1238,GL0003,202407,B1,System,2/14/2026 16:10
4465,7/2/2024,7/2/2024,DOC004465,Invoice,1,3,1,21,,3,1,1188,178.2,2,594,GL0003,202407,B5,System,2/14/2026 16:10
4469,8/28/2024,8/28/2024,DOC004469,Invoice,3,3,2,13,,3,3,13563.5,2034.525,7,1937.642857,GL0003,202408,B9,System,2/14/2026 16:10
4470,9/25/2024,9/25/2024,DOC004470,Invoice,5,3,3,20,,3,5,10291.5,1543.725,6,1715.25,GL0003,202409,B0,System,2/14/2026 16:10
4471,9/13/2024,9/13/2024,DOC004471,Invoice,5,3,2,30,,3,5,3010,451.5,4,752.5,GL0003,202409,B1,System,2/14/2026 16:10
4481,9/5/2024,9/5/2024,DOC004481,Invoice,4,3,2,9,,3,4,5467.5,820.125,4,1366.875,GL0003,202409,B1,System,2/14/2026 16:10
4492,9/17/2024,9/17/2024,DOC004492,Invoice,5,3,3,20,,3,5,13120,1968,8,1640,GL0003,202409,B2,System,2/14/2026 16:10
4494,9/20/2024,9/20/2024,DOC004494,Invoice,2,3,1,2,,3,2,1811.5,271.725,4,452.875,GL0003,202409,B4,System,2/14/2026 16:10
4498,7/18/2024,7/18/2024,DOC004498,Invoice,4,3,2,9,,3,4,6664,999.6,5,1332.8,GL0003,202407,B8,System,2/14/2026 16:10
4502,9/16/2024,9/16/2024,DOC004502,Invoice,4,3,1,19,,3,4,4711.5,706.725,6,785.25,GL0003,202409,B2,System,2/14/2026 16:10
4508,7/18/2024,7/18/2024,DOC004508,Invoice,4,3,3,29,,3,4,5518,827.7,6,919.6666667,GL0003,202407,B8,System,2/14/2026 16:10
4516,8/28/2024,8/28/2024,DOC004516,Invoice,4,3,2,19,,3,4,8277,1241.55,7,1182.428571,GL0003,202408,B6,System,2/14/2026 16:10
4538,8/1/2024,8/1/2024,DOC004538,Invoice,1,3,1,26,,3,1,6480,972,4,1620,GL0003,202408,B8,System,2/14/2026 16:10
4540,8/13/2024,8/13/2024,DOC004540,Invoice,5,3,3,30,,3,5,4429,664.35,8,553.625,GL0003,202408,B0,System,2/14/2026 16:10
4543,8/19/2024,8/19/2024,DOC004543,Invoice,2,3,1,2,,3,2,6127.5,919.125,9,680.8333333,GL0003,202408,B3,System,2/14/2026 16:10
4546,8/13/2024,8/13/2024,DOC004546,Invoice,1,3,1,11,,3,1,1355.5,203.325,4,338.875,GL0003,202408,B6,System,2/14/2026 16:10
4559,7/20/2024,7/20/2024,DOC004559,Invoice,5,3,3,20,,3,5,5737.5,860.625,7,819.6428571,GL0003,202407,B9,System,2/14/2026 16:10
4564,8/18/2024,8/18/2024,DOC004564,Invoice,3,3,2,28,,3,3,5418,812.7,9,602,GL0003,202408,B4,System,2/14/2026 16:10
4565,9/17/2024,9/17/2024,DOC004565,Invoice,1,3,1,16,,3,1,9331.5,1399.725,9,1036.833333,GL0003,202409,B5,System,2/14/2026 16:10
4574,7/5/2024,7/5/2024,DOC004574,Invoice,5,3,2,10,,3,5,8143.5,1221.525,6,1357.25,GL0003,202407,B4,System,2/14/2026 16:10
4583,8/15/2024,8/15/2024,DOC004583,Invoice,2,3,2,37,,3,2,10229,1534.35,6,1704.833333,GL0003,202408,B3,System,2/14/2026 16:10
4587,7/6/2024,7/6/2024,DOC004587,Invoice,5,3,3,30,,3,5,14526,2178.9,9,1614,GL0003,202407,B7,System,2/14/2026 16:10
4598,8/18/2024,8/18/2024,DOC004598,Invoice,2,3,3,2,,3,2,11438.5,1715.775,6,1906.416667,GL0003,202408,B8,System,2/14/2026 16:10
4613,8/11/2024,8/11/2024,DOC004613,Invoice,2,3,1,27,,3,2,1411.5,211.725,1,1411.5,GL0003,202408,B3,System,2/14/2026 16:10
4614,7/27/2024,7/27/2024,DOC004614,Invoice,4,3,2,4,,3,4,18980,2847,10,1898,GL0003,202407,B4,System,2/14/2026 16:10
4641,7/12/2024,7/12/2024,DOC004641,Invoice,4,3,1,9,,3,4,5574,836.1,3,1858,GL0003,202407,B1,System,2/14/2026 16:10
4658,8/30/2024,8/30/2024,DOC004658,Invoice,5,3,1,10,,3,5,5597,839.55,4,1399.25,GL0003,202408,B8,System,2/14/2026 16:10
4663,9/19/2024,9/19/2024,DOC004663,Invoice,1,3,2,11,,3,1,4472,670.8,4,1118,GL0003,202409,B3,System,2/14/2026 16:10
4672,7/20/2024,7/20/2024,DOC004672,Invoice,3,3,3,33,,3,3,12718,1907.7,7,1816.857143,GL0003,202407,B2,System,2/14/2026 16:10
4692,9/5/2024,9/5/2024,DOC004692,Invoice,5,3,1,35,,3,5,920,138,4,230,GL0003,202409,B2,System,2/14/2026 16:10
4698,7/4/2024,7/4/2024,DOC004698,Invoice,1,3,3,11,,3,1,2244,336.6,2,1122,GL0003,202407,B8,System,2/14/2026 16:10
4704,9/3/2024,9/3/2024,DOC004704,Invoice,2,3,3,2,,3,2,6941.5,1041.225,7,991.6428571,GL0003,202409,B4,System,2/14/2026 16:10
4707,8/31/2024,8/31/2024,DOC004707,Invoice,3,3,3,28,,3,3,948,142.2,2,474,GL0003,202408,B7,System,2/14/2026 16:10
4712,8/20/2024,8/20/2024,DOC004712,Invoice,2,3,2,12,,3,2,924.5,138.675,1,924.5,GL0003,202408,B2,System,2/14/2026 16:10
4713,7/1/2024,7/1/2024,DOC004713,Invoice,4,3,3,14,,3,4,7289,1093.35,6,1214.833333,GL0003,202407,B3,System,2/14/2026 16:10
4735,8/18/2024,8/18/2024,DOC004735,Invoice,2,3,3,22,,3,2,8496,1274.4,10,849.6,GL0003,202408,B5,System,2/14/2026 16:10
4740,8/21/2024,8/21/2024,DOC004740,Invoice,4,3,3,39,,3,4,12628,1894.2,7,1804,GL0003,202408,B0,System,2/14/2026 16:10
4751,8/4/2024,8/4/2024,DOC004751,Invoice,2,3,2,12,,3,2,3037.5,455.625,3,1012.5,GL0003,202408,B1,System,2/14/2026 16:10
4754,7/29/2024,7/29/2024,DOC004754,Invoice,5,3,3,30,,3,5,15496,2324.4,10,1549.6,GL0003,202407,B4,System,2/14/2026 16:10
4755,7/8/2024,7/8/2024,DOC004755,Invoice,5,3,2,15,,3,5,1604,240.6,1,1604,GL0003,202407,B5,System,2/14/2026 16:10
4776,7/17/2024,7/17/2024,DOC004776,Invoice,2,3,1,37,,3,2,4662.5,699.375,4,1165.625,GL0003,202407,B6,System,2/14/2026 16:10
4781,8/27/2024,8/27/2024,DOC004781,Invoice,5,3,1,35,,3,5,1407.5,211.125,2,703.75,GL0003,202408,B1,System,2/14/2026 16:10
4791,9/4/2024,9/4/2024,DOC004791,Invoice,2,3,1,17,,3,2,4842,726.3,3,1614,GL0003,202409,B1,System,2/14/2026 16:10
4795,7/20/2024,7/20/2024,DOC004795,Invoice,3,3,1,33,,3,3,8348,1252.2,10,834.8,GL0003,202407,B5,System,2/14/2026 16:10
4797,7/30/2024,7/30/2024,DOC004797,Invoice,5,3,1,15,,3,5,3712,556.8,2,1856,GL0003,202407,B7,System,2/14/2026 16:10
4807,7/14/2024,7/14/2024,DOC004807,Invoice,5,3,3,25,,3,5,852,127.8,1,852,GL0003,202407,B7,System,2/14/2026 16:10
4812,7/17/2024,7/17/2024,DOC004812,Invoice,1,3,3,6,,3,1,19576,2936.4,10,1957.6,GL0003,202407,B2,System,2/14/2026 16:10
4817,8/5/2024,8/5/2024,DOC004817,Invoice,1,3,2,21,,3,1,1813.5,272.025,3,604.5,GL0003,202408,B7,System,2/14/2026 16:10
4828,9/6/2024,9/6/2024,DOC004828,Invoice,1,3,2,16,,3,1,1786,267.9,8,223.25,GL0003,202409,B8,System,2/14/2026 16:10
4833,9/19/2024,9/19/2024,DOC004833,Invoice,3,3,3,3,,3,3,16336,2450.4,10,1633.6,GL0003,202409,B3,System,2/14/2026 16:10
4838,7/4/2024,7/4/2024,DOC004838,Invoice,1,3,3,1,,3,1,6722.5,1008.375,6,1120.416667,GL0003,202407,B8,System,2/14/2026 16:10
4842,7/7/2024,7/7/2024,DOC004842,Invoice,5,3,1,20,,3,5,1801,270.15,1,1801,GL0003,202407,B2,System,2/14/2026 16:10
4852,8/21/2024,8/21/2024,DOC004852,Invoice,3,3,3,3,,3,3,8578,1286.7,5,1715.6,GL0003,202408,B2,System,2/14/2026 16:10
4861,9/1/2024,9/1/2024,DOC004861,Invoice,1,3,1,21,,3,1,12765,1914.75,8,1595.625,GL0003,202409,B1,System,2/14/2026 16:10
4866,8/20/2024,8/20/2024,DOC004866,Invoice,2,3,1,32,,3,2,6572,985.8,7,938.8571429,GL0003,202408,B6,System,2/14/2026 16:10
4873,7/21/2024,7/21/2024,DOC004873,Invoice,4,3,3,29,,3,4,5242,786.3,5,1048.4,GL0003,202407,B3,System,2/14/2026 16:10
4875,7/1/2024,7/1/2024,DOC004875,Invoice,1,3,3,11,,3,1,1530,229.5,1,1530,GL0003,202407,B5,System,2/14/2026 16:10
4889,9/21/2024,9/21/2024,DOC004889,Invoice,2,3,3,27,,3,2,7788,1168.2,6,1298,GL0003,202409,B9,System,2/14/2026 16:10
4895,8/20/2024,8/20/2024,DOC004895,Invoice,5,3,1,40,,3,5,2730,409.5,7,390,GL0003,202408,B5,System,2/14/2026 16:10
4897,8/7/2024,8/7/2024,DOC004897,Invoice,4,3,2,14,,3,4,16632,2494.8,10,1663.2,GL0003,202408,B7,System,2/14/2026 16:10
4901,8/31/2024,8/31/2024,DOC004901,Invoice,5,3,2,10,,3,5,3778,566.7,3,1259.333333,GL0003,202408,B1,System,2/14/2026 16:10
4903,7/24/2024,7/24/2024,DOC004903,Invoice,2,3,1,32,,3,2,2100,315,6,350,GL0003,202407,B3,System,2/14/2026 16:10
4910,9/23/2024,9/23/2024,DOC004910,Invoice,5,3,2,25,,3,5,1391.5,208.725,1,1391.5,GL0003,202409,B0,System,2/14/2026 16:10
4916,9/1/2024,9/1/2024,DOC004916,Invoice,5,3,2,25,,3,5,2358,353.7,2,1179,GL0003,202409,B6,System,2/14/2026 16:10
4918,7/17/2024,7/17/2024,DOC004918,Invoice,1,3,2,26,,3,1,2725,408.75,2,1362.5,GL0003,202407,B8,System,2/14/2026 16:10
4920,9/2/2024,9/2/2024,DOC004920,Invoice,3,3,2,23,,3,3,8446,1266.9,9,938.4444444,GL0003,202409,B0,System,2/14/2026 16:10
4927,9/12/2024,9/12/2024,DOC004927,Invoice,1,3,1,6,,3,1,970,145.5,4,242.5,GL0003,202409,B7,System,2/14/2026 16:10
4947,9/18/2024,9/18/2024,DOC004947,Invoice,2,3,1,7,,3,2,6318,947.7,9,702,GL0003,202409,B7,System,2/14/2026 16:10
4967,7/20/2024,7/20/2024,DOC004967,Invoice,5,3,1,40,,3,5,628,94.2,1,628,GL0003,202407,B7,System,2/14/2026 16:10
4971,8/5/2024,8/5/2024,DOC004971,Invoice,3,3,1,3,,3,3,796.5,119.475,1,796.5,GL0003,202408,B1,System,2/14/2026 16:10
4975,7/15/2024,7/15/2024,DOC004975,Invoice,4,3,2,39,,3,4,12778,1916.7,8,1597.25,GL0003,202407,B5,System,2/14/2026 16:10
4986,8/7/2024,8/7/2024,DOC004986,Invoice,3,3,2,23,,3,3,3183.5,477.525,2,1591.75,GL0003,202408,B6,System,2/14/2026 16:10
4989,8/9/2024,8/9/2024,DOC004989,Invoice,5,3,3,20,,3,5,13348,2002.2,10,1334.8,GL0003,202408,B9,System,2/14/2026 16:10
22,7/3/2024,7/3/2024,DOC000022,Invoice,1,4,3,36,,4,1,3928,589.2,2,1964,GL0004,202407,B2,System,2/14/2026 16:10
23,9/15/2024,9/15/2024,DOC000023,Invoice,5,4,2,25,,4,5,5288,793.2,5,1057.6,GL0004,202409,B3,System,2/14/2026 16:10
24,7/17/2024,7/17/2024,DOC000024,Invoice,2,4,1,17,,4,2,7805,1170.75,4,1951.25,GL0004,202407,B4,System,2/14/2026 16:10
25,9/20/2024,9/20/2024,DOC000025,Invoice,1,4,1,1,,4,1,14224,2133.6,9,1580.444444,GL0004,202409,B5,System,2/14/2026 16:10
34,8/26/2024,8/26/2024,DOC000034,Invoice,4,4,2,34,,4,4,9767,1465.05,9,1085.222222,GL0004,202408,B4,System,2/14/2026 16:10
36,8/5/2024,8/5/2024,DOC000036,Invoice,3,4,3,3,,4,3,1472,220.8,4,368,GL0004,202408,B6,System,2/14/2026 16:10
40,7/5/2024,7/5/2024,DOC000040,Invoice,3,4,1,8,,4,3,2419.5,362.925,3,806.5,GL0004,202407,B0,System,2/14/2026 16:10
46,7/13/2024,7/13/2024,DOC000046,Invoice,3,4,2,13,,4,3,1715.5,257.325,1,1715.5,GL0004,202407,B6,System,2/14/2026 16:10
53,7/29/2024,7/29/2024,DOC000053,Invoice,2,4,1,22,,4,2,8019.5,1202.925,8,1002.4375,GL0004,202407,B3,System,2/14/2026 16:10
59,7/31/2024,7/31/2024,DOC000059,Invoice,4,4,3,24,,4,4,5806.5,870.975,4,1451.625,GL0004,202407,B9,System,2/14/2026 16:10
61,8/2/2024,8/2/2024,DOC000061,Invoice,5,4,1,15,,4,5,2538,380.7,5,507.6,GL0004,202408,B1,System,2/14/2026 16:10
67,9/25/2024,9/25/2024,DOC000067,Invoice,5,4,3,20,,4,5,7908,1186.2,6,1318,GL0004,202409,B7,System,2/14/2026 16:10
68,9/21/2024,9/21/2024,DOC000068,Invoice,2,4,3,32,,4,2,1970,295.5,2,985,GL0004,202409,B8,System,2/14/2026 16:10
69,9/27/2024,9/27/2024,DOC000069,Invoice,4,4,2,24,,4,4,13426,2013.9,7,1918,GL0004,202409,B9,System,2/14/2026 16:10
90,9/9/2024,9/9/2024,DOC000090,Invoice,2,4,2,7,,4,2,1462.5,219.375,1,1462.5,GL0004,202409,B0,System,2/14/2026 16:10
101,7/31/2024,7/31/2024,DOC000101,Invoice,3,4,2,23,,4,3,14964,2244.6,10,1496.4,GL0004,202407,B1,System,2/14/2026 16:10
103,7/31/2024,7/31/2024,DOC000103,Invoice,1,4,1,21,,4,1,1884.5,282.675,1,1884.5,GL0004,202407,B3,System,2/14/2026 16:10
106,9/16/2024,9/16/2024,DOC000106,Invoice,1,4,3,21,,4,1,13286,1992.9,7,1898,GL0004,202409,B6,System,2/14/2026 16:10
110,7/24/2024,7/24/2024,DOC000110,Invoice,1,4,2,11,,4,1,13312,1996.8,10,1331.2,GL0004,202407,B0,System,2/14/2026 16:10
111,9/20/2024,9/20/2024,DOC000111,Invoice,5,4,1,25,,4,5,407.5,61.125,1,407.5,GL0004,202409,B1,System,2/14/2026 16:10
114,7/6/2024,7/6/2024,DOC000114,Invoice,1,4,2,26,,4,1,3816,572.4,5,763.2,GL0004,202407,B4,System,2/14/2026 16:10
115,9/28/2024,9/28/2024,DOC000115,Invoice,1,4,1,26,,4,1,10957,1643.55,8,1369.625,GL0004,202409,B5,System,2/14/2026 16:10
117,8/28/2024,8/28/2024,DOC000117,Invoice,3,4,1,13,,4,3,10048,1507.2,10,1004.8,GL0004,202408,B7,System,2/14/2026 16:10
118,8/3/2024,8/3/2024,DOC000118,Invoice,5,4,2,20,,4,5,5224,783.6,10,522.4,GL0004,202408,B8,System,2/14/2026 16:10
120,8/27/2024,8/27/2024,DOC000120,Invoice,1,4,2,1,,4,1,3794,569.1,2,1897,GL0004,202408,B0,System,2/14/2026 16:10
123,8/16/2024,8/16/2024,DOC000123,Invoice,1,4,2,11,,4,1,6288,943.2,10,628.8,GL0004,202408,B3,System,2/14/2026 16:10
128,7/28/2024,7/28/2024,DOC000128,Invoice,3,4,3,23,,4,3,3449,517.35,2,1724.5,GL0004,202407,B8,System,2/14/2026 16:10
145,8/21/2024,8/21/2024,DOC000145,Invoice,5,4,3,30,,4,5,7781.5,1167.225,7,1111.642857,GL0004,202408,B5,System,2/14/2026 16:10
192,7/25/2024,7/25/2024,DOC000192,Invoice,3,4,2,28,,4,3,11399,1709.85,7,1628.428571,GL0004,202407,B2,System,2/14/2026 16:10
199,9/8/2024,9/8/2024,DOC000199,Invoice,3,4,1,18,,4,3,7130,1069.5,5,1426,GL0004,202409,B9,System,2/14/2026 16:10
207,7/19/2024,7/19/2024,DOC000207,Invoice,1,4,2,6,,4,1,12737,1910.55,9,1415.222222,GL0004,202407,B7,System,2/14/2026 16:10
217,7/5/2024,7/5/2024,DOC000217,Invoice,2,4,2,7,,4,2,3826,573.9,2,1913,GL0004,202407,B7,System,2/14/2026 16:10
223,9/27/2024,9/27/2024,DOC000223,Invoice,4,4,2,14,,4,4,5378.5,806.775,3,1792.833333,GL0004,202409,B3,System,2/14/2026 16:10
224,9/11/2024,9/11/2024,DOC000224,Invoice,2,4,3,12,,4,2,17039,2555.85,9,1893.222222,GL0004,202409,B4,System,2/14/2026 16:10
231,8/5/2024,8/5/2024,DOC000231,Invoice,5,4,2,30,,4,5,16232,2434.8,10,1623.2,GL0004,202408,B1,System,2/14/2026 16:10
235,7/27/2024,7/27/2024,DOC000235,Invoice,5,4,1,25,,4,5,2350,352.5,2,1175,GL0004,202407,B5,System,2/14/2026 16:10
246,8/22/2024,8/22/2024,DOC000246,Invoice,3,4,3,38,,4,3,2534.5,380.175,9,281.6111111,GL0004,202408,B6,System,2/14/2026 16:10
251,8/28/2024,8/28/2024,DOC000251,Invoice,1,4,3,16,,4,1,12974.5,1946.175,9,1441.611111,GL0004,202408,B1,System,2/14/2026 16:10
254,8/14/2024,8/14/2024,DOC000254,Invoice,1,4,2,21,,4,1,381,57.15,1,381,GL0004,202408,B4,System,2/14/2026 16:10
261,9/14/2024,9/14/2024,DOC000261,Invoice,1,4,2,21,,4,1,12211,1831.65,7,1744.428571,GL0004,202409,B1,System,2/14/2026 16:10
265,8/7/2024,8/7/2024,DOC000265,Invoice,1,4,3,16,,4,1,3930,589.5,2,1965,GL0004,202408,B5,System,2/14/2026 16:10
269,8/14/2024,8/14/2024,DOC000269,Invoice,1,4,3,1,,4,1,829,124.35,4,207.25,GL0004,202408,B9,System,2/14/2026 16:10
275,8/21/2024,8/21/2024,DOC000275,Invoice,1,4,3,11,,4,1,16624,2493.6,10,1662.4,GL0004,202408,B5,System,2/14/2026 16:10
295,9/9/2024,9/9/2024,DOC000295,Invoice,1,4,3,36,,4,1,7462,1119.3,6,1243.666667,GL0004,202409,B5,System,2/14/2026 16:10
307,7/27/2024,7/27/2024,DOC000307,Invoice,5,4,3,5,,4,5,5947.5,892.125,3,1982.5,GL0004,202407,B7,System,2/14/2026 16:10
308,9/27/2024,9/27/2024,DOC000308,Invoice,5,4,1,5,,4,5,10076.5,1511.475,9,1119.611111,GL0004,202409,B8,System,2/14/2026 16:10
312,7/16/2024,7/16/2024,DOC000312,Invoice,5,4,3,40,,4,5,10246.5,1536.975,8,1280.8125,GL0004,202407,B2,System,2/14/2026 16:10
340,8/13/2024,8/13/2024,DOC000340,Invoice,5,4,3,30,,4,5,5008,751.2,4,1252,GL0004,202408,B0,System,2/14/2026 16:10
341,7/21/2024,7/21/2024,DOC000341,Invoice,3,4,2,18,,4,3,9840,1476,8,1230,GL0004,202407,B1,System,2/14/2026 16:10
352,9/26/2024,9/26/2024,DOC000352,Invoice,4,4,3,14,,4,4,3182,477.3,2,1591,GL0004,202409,B2,System,2/14/2026 16:10
362,8/24/2024,8/24/2024,DOC000362,Invoice,2,4,2,22,,4,2,1398.5,209.775,4,349.625,GL0004,202408,B2,System,2/14/2026 16:10
374,7/12/2024,7/12/2024,DOC000374,Invoice,2,4,2,32,,4,2,16972,2545.8,10,1697.2,GL0004,202407,B4,System,2/14/2026 16:10
378,7/30/2024,7/30/2024,DOC000378,Invoice,4,4,1,14,,4,4,2301,345.15,8,287.625,GL0004,202407,B8,System,2/14/2026 16:10
384,8/31/2024,8/31/2024,DOC000384,Invoice,1,4,2,21,,4,1,2306,345.9,2,1153,GL0004,202408,B4,System,2/14/2026 16:10
394,8/19/2024,8/19/2024,DOC000394,Invoice,5,4,1,30,,4,5,829,124.35,4,207.25,GL0004,202408,B4,System,2/14/2026 16:10
396,8/5/2024,8/5/2024,DOC000396,Invoice,1,4,2,16,,4,1,6480,972,5,1296,GL0004,202408,B6,System,2/14/2026 16:10
412,7/31/2024,7/31/2024,DOC000412,Invoice,2,4,1,7,,4,2,6404.5,960.675,9,711.6111111,GL0004,202407,B2,System,2/14/2026 16:10
420,7/1/2024,7/1/2024,DOC000420,Invoice,5,4,2,20,,4,5,9496,1424.4,5,1899.2,GL0004,202407,B0,System,2/14/2026 16:10
428,7/22/2024,7/22/2024,DOC000428,Invoice,4,4,3,39,,4,4,10562.5,1584.375,6,1760.416667,GL0004,202407,B8,System,2/14/2026 16:10
436,9/20/2024,9/20/2024,DOC000436,Invoice,3,4,3,8,,4,3,3772,565.8,2,1886,GL0004,202409,B6,System,2/14/2026 16:10
444,7/18/2024,7/18/2024,DOC000444,Invoice,4,4,2,29,,4,4,2524,378.6,3,841.3333333,GL0004,202407,B4,System,2/14/2026 16:10
448,7/18/2024,7/18/2024,DOC000448,Invoice,4,4,2,14,,4,4,3310,496.5,7,472.8571429,GL0004,202407,B8,System,2/14/2026 16:10
457,9/22/2024,9/22/2024,DOC000457,Invoice,1,4,1,11,,4,1,1938,290.7,3,646,GL0004,202409,B7,System,2/14/2026 16:10
459,8/18/2024,8/18/2024,DOC000459,Invoice,1,4,2,21,,4,1,2561,384.15,3,853.6666667,GL0004,202408,B9,System,2/14/2026 16:10
484,8/8/2024,8/8/2024,DOC000484,Invoice,3,4,3,8,,4,3,13068,1960.2,7,1866.857143,GL0004,202408,B4,System,2/14/2026 16:10
493,8/23/2024,8/23/2024,DOC000493,Invoice,4,4,3,4,,4,4,10714,1607.1,8,1339.25,GL0004,202408,B3,System,2/14/2026 16:10
494,9/12/2024,9/12/2024,DOC000494,Invoice,1,4,2,11,,4,1,8960.5,1344.075,9,995.6111111,GL0004,202409,B4,System,2/14/2026 16:10
498,8/7/2024,8/7/2024,DOC000498,Invoice,2,4,3,37,,4,2,5179.5,776.925,3,1726.5,GL0004,202408,B8,System,2/14/2026 16:10
506,9/13/2024,9/13/2024,DOC000506,Invoice,2,4,2,22,,4,2,2200,330,5,440,GL0004,202409,B6,System,2/14/2026 16:10
513,9/8/2024,9/8/2024,DOC000513,Invoice,3,4,2,3,,4,3,5606,840.9,5,1121.2,GL0004,202409,B3,System,2/14/2026 16:10
516,9/23/2024,9/23/2024,DOC000516,Invoice,1,4,2,11,,4,1,2428,364.2,3,809.3333333,GL0004,202409,B6,System,2/14/2026 16:10
517,7/25/2024,7/25/2024,DOC000517,Invoice,3,4,1,33,,4,3,2946.5,441.975,2,1473.25,GL0004,202407,B7,System,2/14/2026 16:10
519,8/24/2024,8/24/2024,DOC000519,Invoice,5,4,3,15,,4,5,7965,1194.75,4,1991.25,GL0004,202408,B9,System,2/14/2026 16:10
528,8/25/2024,8/25/2024,DOC000528,Invoice,5,4,3,15,,4,5,13327.5,1999.125,9,1480.833333,GL0004,202408,B8,System,2/14/2026 16:10
534,8/1/2024,8/1/2024,DOC000534,Invoice,3,4,3,8,,4,3,2638,395.7,5,527.6,GL0004,202408,B4,System,2/14/2026 16:10
536,9/10/2024,9/10/2024,DOC000536,Invoice,1,4,2,11,,4,1,901,135.15,1,901,GL0004,202409,B6,System,2/14/2026 16:10
545,8/16/2024,8/16/2024,DOC000545,Invoice,5,4,3,10,,4,5,3338,500.7,7,476.8571429,GL0004,202408,B5,System,2/14/2026 16:10
552,8/22/2024,8/22/2024,DOC000552,Invoice,3,4,3,23,,4,3,4661,699.15,4,1165.25,GL0004,202408,B2,System,2/14/2026 16:10
554,8/18/2024,8/18/2024,DOC000554,Invoice,1,4,2,26,,4,1,3422.5,513.375,3,1140.833333,GL0004,202408,B4,System,2/14/2026 16:10
558,8/20/2024,8/20/2024,DOC000558,Invoice,3,4,2,33,,4,3,526,78.9,2,263,GL0004,202408,B8,System,2/14/2026 16:10
559,7/17/2024,7/17/2024,DOC000559,Invoice,1,4,1,26,,4,1,5158,773.7,6,859.6666667,GL0004,202407,B9,System,2/14/2026 16:10
562,9/11/2024,9/11/2024,DOC000562,Invoice,5,4,1,25,,4,5,6998.5,1049.775,8,874.8125,GL0004,202409,B2,System,2/14/2026 16:10
577,9/8/2024,9/8/2024,DOC000577,Invoice,3,4,2,33,,4,3,19432,2914.8,10,1943.2,GL0004,202409,B7,System,2/14/2026 16:10
579,8/9/2024,8/9/2024,DOC000579,Invoice,4,4,1,4,,4,4,2473.5,371.025,3,824.5,GL0004,202408,B9,System,2/14/2026 16:10
581,7/11/2024,7/11/2024,DOC000581,Invoice,3,4,3,33,,4,3,11174.5,1676.175,9,1241.611111,GL0004,202407,B1,System,2/14/2026 16:10
585,9/19/2024,9/19/2024,DOC000585,Invoice,1,4,2,26,,4,1,18744,2811.6,10,1874.4,GL0004,202409,B5,System,2/14/2026 16:10
606,8/23/2024,8/23/2024,DOC000606,Invoice,2,4,3,32,,4,2,3931.5,589.725,3,1310.5,GL0004,202408,B6,System,2/14/2026 16:10
617,7/30/2024,7/30/2024,DOC000617,Invoice,1,4,1,1,,4,1,9414.5,1412.175,8,1176.8125,GL0004,202407,B7,System,2/14/2026 16:10
620,9/2/2024,9/2/2024,DOC000620,Invoice,1,4,3,11,,4,1,4349,652.35,9,483.2222222,GL0004,202409,B0,System,2/14/2026 16:10
633,7/2/2024,7/2/2024,DOC000633,Invoice,4,4,1,29,,4,4,1021,153.15,1,1021,GL0004,202407,B3,System,2/14/2026 16:10
640,9/25/2024,9/25/2024,DOC000640,Invoice,4,4,3,19,,4,4,1195.5,179.325,4,298.875,GL0004,202409,B0,System,2/14/2026 16:10
642,9/18/2024,9/18/2024,DOC000642,Invoice,1,4,3,26,,4,1,12275.5,1841.325,8,1534.4375,GL0004,202409,B2,System,2/14/2026 16:10
643,9/3/2024,9/3/2024,DOC000643,Invoice,4,4,2,39,,4,4,4836,725.4,10,483.6,GL0004,202409,B3,System,2/14/2026 16:10
647,7/22/2024,7/22/2024,DOC000647,Invoice,3,4,3,13,,4,3,7148,1072.2,5,1429.6,GL0004,202407,B7,System,2/14/2026 16:10
648,7/16/2024,7/16/2024,DOC000648,Invoice,5,4,1,35,,4,5,1070.5,160.575,3,356.8333333,GL0004,202407,B8,System,2/14/2026 16:10
656,9/3/2024,9/3/2024,DOC000656,Invoice,4,4,1,29,,4,4,4779.5,716.925,4,1194.875,GL0004,202409,B6,System,2/14/2026 16:10
658,7/8/2024,7/8/2024,DOC000658,Invoice,3,4,1,38,,4,3,3326.5,498.975,7,475.2142857,GL0004,202407,B8,System,2/14/2026 16:10
665,7/27/2024,7/27/2024,DOC000665,Invoice,2,4,3,22,,4,2,1420,213,7,202.8571429,GL0004,202407,B5,System,2/14/2026 16:10
666,7/9/2024,7/9/2024,DOC000666,Invoice,3,4,3,38,,4,3,4912,736.8,8,614,GL0004,202407,B6,System,2/14/2026 16:10
667,7/12/2024,7/12/2024,DOC000667,Invoice,1,4,1,36,,4,1,2883.5,432.525,8,360.4375,GL0004,202407,B7,System,2/14/2026 16:10
675,7/6/2024,7/6/2024,DOC000675,Invoice,3,4,1,8,,4,3,1540.5,231.075,1,1540.5,GL0004,202407,B5,System,2/14/2026 16:10
677,9/7/2024,9/7/2024,DOC000677,Invoice,3,4,3,3,,4,3,1574,236.1,5,314.8,GL0004,202409,B7,System,2/14/2026 16:10
686,9/6/2024,9/6/2024,DOC000686,Invoice,2,4,2,12,,4,2,5659.5,848.925,9,628.8333333,GL0004,202409,B6,System,2/14/2026 16:10
692,8/20/2024,8/20/2024,DOC000692,Invoice,5,4,2,35,,4,5,5870.5,880.575,4,1467.625,GL0004,202408,B2,System,2/14/2026 16:10
701,8/24/2024,8/24/2024,DOC000701,Invoice,1,4,3,21,,4,1,1730.5,259.575,2,865.25,GL0004,202408,B1,System,2/14/2026 16:10
706,7/18/2024,7/18/2024,DOC000706,Invoice,3,4,3,13,,4,3,13226,1983.9,8,1653.25,GL0004,202407,B6,System,2/14/2026 16:10
721,7/11/2024,7/11/2024,DOC000721,Invoice,3,4,1,38,,4,3,5270.5,790.575,6,878.4166667,GL0004,202407,B1,System,2/14/2026 16:10
723,8/27/2024,8/27/2024,DOC000723,Invoice,2,4,2,2,,4,2,5434,815.1,6,905.6666667,GL0004,202408,B3,System,2/14/2026 16:10
725,9/26/2024,9/26/2024,DOC000725,Invoice,3,4,3,38,,4,3,4237,635.55,8,529.625,GL0004,202409,B5,System,2/14/2026 16:10
728,9/8/2024,9/8/2024,DOC000728,Invoice,1,4,2,26,,4,1,13076,1961.4,7,1868,GL0004,202409,B8,System,2/14/2026 16:10
739,7/6/2024,7/6/2024,DOC000739,Invoice,1,4,3,31,,4,1,624,93.6,2,312,GL0004,202407,B9,System,2/14/2026 16:10
750,9/8/2024,9/8/2024,DOC000750,Invoice,4,4,2,14,,4,4,9243,1386.45,7,1320.428571,GL0004,202409,B0,System,2/14/2026 16:10
753,7/1/2024,7/1/2024,DOC000753,Invoice,2,4,3,12,,4,2,1353.5,203.025,1,1353.5,GL0004,202407,B3,System,2/14/2026 16:10
758,8/21/2024,8/21/2024,DOC000758,Invoice,2,4,2,32,,4,2,1922,288.3,5,384.4,GL0004,202408,B8,System,2/14/2026 16:10
774,9/5/2024,9/5/2024,DOC000774,Invoice,3,4,1,8,,4,3,2881.5,432.225,3,960.5,GL0004,202409,B4,System,2/14/2026 16:10
793,8/17/2024,8/17/2024,DOC000793,Invoice,1,4,2,31,,4,1,5642.5,846.375,3,1880.833333,GL0004,202408,B3,System,2/14/2026 16:10
798,9/4/2024,9/4/2024,DOC000798,Invoice,3,4,3,13,,4,3,5948,892.2,10,594.8,GL0004,202409,B8,System,2/14/2026 16:10
809,9/13/2024,9/13/2024,DOC000809,Invoice,1,4,2,11,,4,1,5832,874.8,5,1166.4,GL0004,202409,B9,System,2/14/2026 16:10
828,7/30/2024,7/30/2024,DOC000828,Invoice,2,4,2,37,,4,2,3978,596.7,5,795.6,GL0004,202407,B8,System,2/14/2026 16:10
830,8/24/2024,8/24/2024,DOC000830,Invoice,1,4,2,26,,4,1,16409,2461.35,9,1823.222222,GL0004,202408,B0,System,2/14/2026 16:10
832,7/13/2024,7/13/2024,DOC000832,Invoice,3,4,2,28,,4,3,6765,1014.75,8,845.625,GL0004,202407,B2,System,2/14/2026 16:10
837,7/7/2024,7/7/2024,DOC000837,Invoice,2,4,2,17,,4,2,9014.5,1352.175,9,1001.611111,GL0004,202407,B7,System,2/14/2026 16:10
840,7/12/2024,7/12/2024,DOC000840,Invoice,4,4,1,9,,4,4,5835.5,875.325,4,1458.875,GL0004,202407,B0,System,2/14/2026 16:10
843,8/30/2024,8/30/2024,DOC000843,Invoice,5,4,1,20,,4,5,2578,386.7,6,429.6666667,GL0004,202408,B3,System,2/14/2026 16:10
845,9/7/2024,9/7/2024,DOC000845,Invoice,3,4,2,23,,4,3,911.5,136.725,2,455.75,GL0004,202409,B5,System,2/14/2026 16:10
849,9/1/2024,9/1/2024,DOC000849,Invoice,3,4,2,23,,4,3,3441.5,516.225,7,491.6428571,GL0004,202409,B9,System,2/14/2026 16:10
864,8/1/2024,8/1/2024,DOC000864,Invoice,5,4,1,40,,4,5,4687.5,703.125,7,669.6428571,GL0004,202408,B4,System,2/14/2026 16:10
869,9/3/2024,9/3/2024,DOC000869,Invoice,2,4,3,2,,4,2,2589,388.35,8,323.625,GL0004,202409,B9,System,2/14/2026 16:10
877,7/9/2024,7/9/2024,DOC000877,Invoice,1,4,3,31,,4,1,16636,2495.4,9,1848.444444,GL0004,202407,B7,System,2/14/2026 16:10
880,8/8/2024,8/8/2024,DOC000880,Invoice,4,4,2,24,,4,4,9524,1428.6,10,952.4,GL0004,202408,B0,System,2/14/2026 16:10
881,8/29/2024,8/29/2024,DOC000881,Invoice,5,4,1,15,,4,5,1075.5,161.325,2,537.75,GL0004,202408,B1,System,2/14/2026 16:10
891,9/19/2024,9/19/2024,DOC000891,Invoice,2,4,2,7,,4,2,2660,399,7,380,GL0004,202409,B1,System,2/14/2026 16:10
892,8/16/2024,8/16/2024,DOC000892,Invoice,3,4,1,38,,4,3,14547.5,2182.125,8,1818.4375,GL0004,202408,B2,System,2/14/2026 16:10
902,9/27/2024,9/27/2024,DOC000902,Invoice,2,4,1,7,,4,2,968,145.2,1,968,GL0004,202409,B2,System,2/14/2026 16:10
908,8/12/2024,8/12/2024,DOC000908,Invoice,4,4,3,39,,4,4,5441,816.15,3,1813.666667,GL0004,202408,B8,System,2/14/2026 16:10
918,8/4/2024,8/4/2024,DOC000918,Invoice,4,4,2,14,,4,4,5202,780.3,5,1040.4,GL0004,202408,B8,System,2/14/2026 16:10
921,8/30/2024,8/30/2024,DOC000921,Invoice,5,4,2,30,,4,5,1735.5,260.325,1,1735.5,GL0004,202408,B1,System,2/14/2026 16:10
932,8/16/2024,8/16/2024,DOC000932,Invoice,5,4,1,20,,4,5,4250,637.5,4,1062.5,GL0004,202408,B2,System,2/14/2026 16:10
941,9/7/2024,9/7/2024,DOC000941,Invoice,1,4,3,1,,4,1,8827.5,1324.125,9,980.8333333,GL0004,202409,B1,System,2/14/2026 16:10
947,9/22/2024,9/22/2024,DOC000947,Invoice,5,4,1,25,,4,5,7221.5,1083.225,7,1031.642857,GL0004,202409,B7,System,2/14/2026 16:10
951,9/27/2024,9/27/2024,DOC000951,Invoice,4,4,3,34,,4,4,3410.5,511.575,7,487.2142857,GL0004,202409,B1,System,2/14/2026 16:10
954,9/27/2024,9/27/2024,DOC000954,Invoice,4,4,2,19,,4,4,9014,1352.1,5,1802.8,GL0004,202409,B4,System,2/14/2026 16:10
958,8/23/2024,8/23/2024,DOC000958,Invoice,3,4,1,3,,4,3,3529.5,529.425,3,1176.5,GL0004,202408,B8,System,2/14/2026 16:10
966,7/4/2024,7/4/2024,DOC000966,Invoice,1,4,3,1,,4,1,3283.5,492.525,2,1641.75,GL0004,202407,B6,System,2/14/2026 16:10
968,8/21/2024,8/21/2024,DOC000968,Invoice,3,4,3,3,,4,3,9842.5,1476.375,9,1093.611111,GL0004,202408,B8,System,2/14/2026 16:10
974,8/26/2024,8/26/2024,DOC000974,Invoice,3,4,1,38,,4,3,8907,1336.05,7,1272.428571,GL0004,202408,B4,System,2/14/2026 16:10
988,9/4/2024,9/4/2024,DOC000988,Invoice,5,4,1,15,,4,5,6384,957.6,5,1276.8,GL0004,202409,B8,System,2/14/2026 16:10
993,8/15/2024,8/15/2024,DOC000993,Invoice,5,4,2,20,,4,5,6130,919.5,4,1532.5,GL0004,202408,B3,System,2/14/2026 16:10
1005,7/21/2024,7/21/2024,DOC001005,Invoice,4,4,3,4,,4,4,8140,1221,10,814,GL0004,202407,B5,System,2/14/2026 16:10
1013,7/15/2024,7/15/2024,DOC001013,Invoice,2,4,1,32,,4,2,3394,509.1,7,484.8571429,GL0004,202407,B3,System,2/14/2026 16:10
1030,8/26/2024,8/26/2024,DOC001030,Invoice,1,4,1,36,,4,1,9893,1483.95,6,1648.833333,GL0004,202408,B0,System,2/14/2026 16:10
1031,8/4/2024,8/4/2024,DOC001031,Invoice,3,4,3,23,,4,3,2582.5,387.375,2,1291.25,GL0004,202408,B1,System,2/14/2026 16:10
1032,8/11/2024,8/11/2024,DOC001032,Invoice,1,4,3,11,,4,1,1449,217.35,2,724.5,GL0004,202408,B2,System,2/14/2026 16:10
1034,7/3/2024,7/3/2024,DOC001034,Invoice,5,4,2,20,,4,5,6426,963.9,4,1606.5,GL0004,202407,B4,System,2/14/2026 16:10
1038,8/12/2024,8/12/2024,DOC001038,Invoice,2,4,2,37,,4,2,4138,620.7,3,1379.333333,GL0004,202408,B8,System,2/14/2026 16:10
1053,9/6/2024,9/6/2024,DOC001053,Invoice,1,4,2,16,,4,1,6536,980.4,5,1307.2,GL0004,202409,B3,System,2/14/2026 16:10
1070,9/21/2024,9/21/2024,DOC001070,Invoice,2,4,1,12,,4,2,11443.5,1716.525,8,1430.4375,GL0004,202409,B0,System,2/14/2026 16:10
1076,8/18/2024,8/18/2024,DOC001076,Invoice,2,4,3,2,,4,2,11376.5,1706.475,7,1625.214286,GL0004,202408,B6,System,2/14/2026 16:10
1085,7/15/2024,7/15/2024,DOC001085,Invoice,4,4,3,19,,4,4,15763.5,2364.525,8,1970.4375,GL0004,202407,B5,System,2/14/2026 16:10
1086,7/22/2024,7/22/2024,DOC001086,Invoice,4,4,3,14,,4,4,9212,1381.8,5,1842.4,GL0004,202407,B6,System,2/14/2026 16:10
1096,8/4/2024,8/4/2024,DOC001096,Invoice,2,4,3,7,,4,2,1755.5,263.325,1,1755.5,GL0004,202408,B6,System,2/14/2026 16:10
1100,8/10/2024,8/10/2024,DOC001100,Invoice,3,4,2,38,,4,3,6290.5,943.575,6,1048.416667,GL0004,202408,B0,System,2/14/2026 16:10
1106,7/9/2024,7/9/2024,DOC001106,Invoice,1,4,3,1,,4,1,3627.5,544.125,4,906.875,GL0004,202407,B6,System,2/14/2026 16:10
1133,9/16/2024,9/16/2024,DOC001133,Invoice,2,4,3,37,,4,2,15930,2389.5,9,1770,GL0004,202409,B3,System,2/14/2026 16:10
1136,8/27/2024,8/27/2024,DOC001136,Invoice,1,4,2,21,,4,1,4568,685.2,10,456.8,GL0004,202408,B6,System,2/14/2026 16:10
1140,7/12/2024,7/12/2024,DOC001140,Invoice,4,4,3,34,,4,4,2288,343.2,2,1144,GL0004,202407,B0,System,2/14/2026 16:10
1150,7/8/2024,7/8/2024,DOC001150,Invoice,3,4,1,28,,4,3,1013,151.95,3,337.6666667,GL0004,202407,B0,System,2/14/2026 16:10
1151,9/6/2024,9/6/2024,DOC001151,Invoice,2,4,1,17,,4,2,636,95.4,3,212,GL0004,202409,B1,System,2/14/2026 16:10
1161,7/19/2024,7/19/2024,DOC001161,Invoice,5,4,3,15,,4,5,13313,1996.95,9,1479.222222,GL0004,202407,B1,System,2/14/2026 16:10
1165,9/3/2024,9/3/2024,DOC001165,Invoice,3,4,3,38,,4,3,2597,389.55,4,649.25,GL0004,202409,B5,System,2/14/2026 16:10
1189,8/10/2024,8/10/2024,DOC001189,Invoice,1,4,2,6,,4,1,10954,1643.1,8,1369.25,GL0004,202408,B9,System,2/14/2026 16:10
1191,9/8/2024,9/8/2024,DOC001191,Invoice,2,4,2,32,,4,2,8344,1251.6,10,834.4,GL0004,202409,B1,System,2/14/2026 16:10
1198,8/14/2024,8/14/2024,DOC001198,Invoice,4,4,1,4,,4,4,8131.5,1219.725,6,1355.25,GL0004,202408,B8,System,2/14/2026 16:10
1207,8/21/2024,8/21/2024,DOC001207,Invoice,2,4,3,17,,4,2,6578.5,986.775,6,1096.416667,GL0004,202408,B7,System,2/14/2026 16:10
1223,9/11/2024,9/11/2024,DOC001223,Invoice,5,4,1,5,,4,5,1905,285.75,2,952.5,GL0004,202409,B3,System,2/14/2026 16:10
1234,8/28/2024,8/28/2024,DOC001234,Invoice,4,4,2,9,,4,4,5988,898.2,6,998,GL0004,202408,B4,System,2/14/2026 16:10
1238,9/14/2024,9/14/2024,DOC001238,Invoice,4,4,1,24,,4,4,14032,2104.8,10,1403.2,GL0004,202409,B8,System,2/14/2026 16:10
1242,9/9/2024,9/9/2024,DOC001242,Invoice,1,4,2,21,,4,1,4852,727.8,5,970.4,GL0004,202409,B2,System,2/14/2026 16:10
1251,8/6/2024,8/6/2024,DOC001251,Invoice,1,4,3,26,,4,1,13128,1969.2,10,1312.8,GL0004,202408,B1,System,2/14/2026 16:10
1259,9/10/2024,9/10/2024,DOC001259,Invoice,3,4,1,38,,4,3,6390,958.5,7,912.8571429,GL0004,202409,B9,System,2/14/2026 16:10
1272,9/28/2024,9/28/2024,DOC001272,Invoice,3,4,1,38,,4,3,5519,827.85,7,788.4285714,GL0004,202409,B2,System,2/14/2026 16:10
1283,8/1/2024,8/1/2024,DOC001283,Invoice,4,4,2,4,,4,4,2266,339.9,4,566.5,GL0004,202408,B3,System,2/14/2026 16:10
1289,7/10/2024,7/10/2024,DOC001289,Invoice,4,4,1,4,,4,4,3382.5,507.375,7,483.2142857,GL0004,202407,B9,System,2/14/2026 16:10
1295,7/21/2024,7/21/2024,DOC001295,Invoice,4,4,3,9,,4,4,223.5,33.525,1,223.5,GL0004,202407,B5,System,2/14/2026 16:10
1305,8/27/2024,8/27/2024,DOC001305,Invoice,3,4,1,8,,4,3,12925,1938.75,8,1615.625,GL0004,202408,B5,System,2/14/2026 16:10
1308,9/9/2024,9/9/2024,DOC001308,Invoice,1,4,3,36,,4,1,480,72,1,480,GL0004,202409,B8,System,2/14/2026 16:10
1314,9/6/2024,9/6/2024,DOC001314,Invoice,1,4,3,1,,4,1,5503.5,825.525,6,917.25,GL0004,202409,B4,System,2/14/2026 16:10
1324,8/5/2024,8/5/2024,DOC001324,Invoice,4,4,3,9,,4,4,4749,712.35,7,678.4285714,GL0004,202408,B4,System,2/14/2026 16:10
1326,7/4/2024,7/4/2024,DOC001326,Invoice,2,4,3,37,,4,2,12442,1866.3,9,1382.444444,GL0004,202407,B6,System,2/14/2026 16:10
1331,7/28/2024,7/28/2024,DOC001331,Invoice,2,4,3,2,,4,2,5482.5,822.375,7,783.2142857,GL0004,202407,B1,System,2/14/2026 16:10
1339,8/7/2024,8/7/2024,DOC001339,Invoice,4,4,3,19,,4,4,10524,1578.6,6,1754,GL0004,202408,B9,System,2/14/2026 16:10
1352,7/13/2024,7/13/2024,DOC001352,Invoice,4,4,1,19,,4,4,4256.5,638.475,3,1418.833333,GL0004,202407,B2,System,2/14/2026 16:10
1365,9/22/2024,9/22/2024,DOC001365,Invoice,2,4,2,22,,4,2,5709,856.35,4,1427.25,GL0004,202409,B5,System,2/14/2026 16:10
1366,8/26/2024,8/26/2024,DOC001366,Invoice,5,4,3,15,,4,5,1874.5,281.175,3,624.8333333,GL0004,202408,B6,System,2/14/2026 16:10
1375,8/2/2024,8/2/2024,DOC001375,Invoice,2,4,3,12,,4,2,1500,225,2,750,GL0004,202408,B5,System,2/14/2026 16:10
1376,9/5/2024,9/5/2024,DOC001376,Invoice,5,4,3,15,,4,5,9168,1375.2,8,1146,GL0004,202409,B6,System,2/14/2026 16:10
1399,8/28/2024,8/28/2024,DOC001399,Invoice,2,4,2,37,,4,2,9792,1468.8,9,1088,GL0004,202408,B9,System,2/14/2026 16:10
1408,7/24/2024,7/24/2024,DOC001408,Invoice,1,4,1,21,,4,1,9280,1392,5,1856,GL0004,202407,B8,System,2/14/2026 16:10
1413,7/30/2024,7/30/2024,DOC001413,Invoice,3,4,3,3,,4,3,5952,892.8,3,1984,GL0004,202407,B3,System,2/14/2026 16:10
1416,8/11/2024,8/11/2024,DOC001416,Invoice,5,4,2,5,,4,5,2206,330.9,3,735.3333333,GL0004,202408,B6,System,2/14/2026 16:10
1422,8/16/2024,8/16/2024,DOC001422,Invoice,5,4,3,25,,4,5,6850,1027.5,4,1712.5,GL0004,202408,B2,System,2/14/2026 16:10
1431,8/11/2024,8/11/2024,DOC001431,Invoice,2,4,1,32,,4,2,1575.5,236.325,1,1575.5,GL0004,202408,B1,System,2/14/2026 16:10
1432,7/6/2024,7/6/2024,DOC001432,Invoice,3,4,3,13,,4,3,8490,1273.5,5,1698,GL0004,202407,B2,System,2/14/2026 16:10
1441,8/9/2024,8/9/2024,DOC001441,Invoice,1,4,3,1,,4,1,12986,1947.9,8,1623.25,GL0004,202408,B1,System,2/14/2026 16:10
1443,8/17/2024,8/17/2024,DOC001443,Invoice,5,4,3,5,,4,5,5143.5,771.525,3,1714.5,GL0004,202408,B3,System,2/14/2026 16:10
1446,7/10/2024,7/10/2024,DOC001446,Invoice,3,4,3,8,,4,3,3198.5,479.775,2,1599.25,GL0004,202407,B6,System,2/14/2026 16:10
1450,9/3/2024,9/3/2024,DOC001450,Invoice,3,4,1,33,,4,3,1820,273,5,364,GL0004,202409,B0,System,2/14/2026 16:10
1458,9/1/2024,9/1/2024,DOC001458,Invoice,5,4,1,35,,4,5,3743.5,561.525,2,1871.75,GL0004,202409,B8,System,2/14/2026 16:10
1470,8/13/2024,8/13/2024,DOC001470,Invoice,5,4,1,30,,4,5,9962,1494.3,5,1992.4,GL0004,202408,B0,System,2/14/2026 16:10
1473,7/26/2024,7/26/2024,DOC001473,Invoice,3,4,1,8,,4,3,2297,344.55,9,255.2222222,GL0004,202407,B3,System,2/14/2026 16:10
1480,8/11/2024,8/11/2024,DOC001480,Invoice,2,4,2,22,,4,2,2632,394.8,4,658,GL0004,202408,B0,System,2/14/2026 16:10
1488,7/12/2024,7/12/2024,DOC001488,Invoice,4,4,1,19,,4,4,2892,433.8,3,964,GL0004,202407,B8,System,2/14/2026 16:10
1492,7/21/2024,7/21/2024,DOC001492,Invoice,1,4,3,1,,4,1,1461,219.15,2,730.5,GL0004,202407,B2,System,2/14/2026 16:10
1497,8/7/2024,8/7/2024,DOC001497,Invoice,2,4,1,17,,4,2,2462.5,369.375,6,410.4166667,GL0004,202408,B7,System,2/14/2026 16:10
1498,7/30/2024,7/30/2024,DOC001498,Invoice,4,4,1,4,,4,4,4301,645.15,7,614.4285714,GL0004,202407,B8,System,2/14/2026 16:10
1508,8/27/2024,8/27/2024,DOC001508,Invoice,2,4,3,37,,4,2,13779,2066.85,7,1968.428571,GL0004,202408,B8,System,2/14/2026 16:10
1520,8/14/2024,8/14/2024,DOC001520,Invoice,3,4,3,28,,4,3,1250.5,187.575,2,625.25,GL0004,202408,B0,System,2/14/2026 16:10
1534,8/19/2024,8/19/2024,DOC001534,Invoice,4,4,2,34,,4,4,1965.5,294.825,1,1965.5,GL0004,202408,B4,System,2/14/2026 16:10
1536,9/8/2024,9/8/2024,DOC001536,Invoice,5,4,3,5,,4,5,3054.5,458.175,4,763.625,GL0004,202409,B6,System,2/14/2026 16:10
1539,7/21/2024,7/21/2024,DOC001539,Invoice,1,4,1,1,,4,1,3882,582.3,2,1941,GL0004,202407,B9,System,2/14/2026 16:10
1545,7/29/2024,7/29/2024,DOC001545,Invoice,1,4,2,21,,4,1,3105,465.75,2,1552.5,GL0004,202407,B5,System,2/14/2026 16:10
1549,9/24/2024,9/24/2024,DOC001549,Invoice,1,4,1,6,,4,1,1562,234.3,2,781,GL0004,202409,B9,System,2/14/2026 16:10
1553,7/10/2024,7/10/2024,DOC001553,Invoice,1,4,2,26,,4,1,7620,1143,5,1524,GL0004,202407,B3,System,2/14/2026 16:10
1563,7/3/2024,7/3/2024,DOC001563,Invoice,5,4,1,5,,4,5,9424,1413.6,8,1178,GL0004,202407,B3,System,2/14/2026 16:10
1572,8/9/2024,8/9/2024,DOC001572,Invoice,4,4,2,34,,4,4,3674,551.1,2,1837,GL0004,202408,B2,System,2/14/2026 16:10
1592,8/25/2024,8/25/2024,DOC001592,Invoice,2,4,3,17,,4,2,2124,318.6,3,708,GL0004,202408,B2,System,2/14/2026 16:10
1595,8/22/2024,8/22/2024,DOC001595,Invoice,3,4,2,38,,4,3,5112,766.8,4,1278,GL0004,202408,B5,System,2/14/2026 16:10
1601,7/12/2024,7/12/2024,DOC001601,Invoice,4,4,2,14,,4,4,7283.5,1092.525,8,910.4375,GL0004,202407,B1,System,2/14/2026 16:10
1619,8/6/2024,8/6/2024,DOC001619,Invoice,5,4,3,10,,4,5,1798.5,269.775,8,224.8125,GL0004,202408,B9,System,2/14/2026 16:10
1624,8/31/2024,8/31/2024,DOC001624,Invoice,2,4,2,37,,4,2,1442,216.3,1,1442,GL0004,202408,B4,System,2/14/2026 16:10
1628,7/25/2024,7/25/2024,DOC001628,Invoice,5,4,3,40,,4,5,6210,931.5,5,1242,GL0004,202407,B8,System,2/14/2026 16:10
1653,9/7/2024,9/7/2024,DOC001653,Invoice,1,4,1,1,,4,1,2988,448.2,5,597.6,GL0004,202409,B3,System,2/14/2026 16:10
1657,7/23/2024,7/23/2024,DOC001657,Invoice,2,4,2,7,,4,2,2197,329.55,2,1098.5,GL0004,202407,B7,System,2/14/2026 16:10
1660,9/21/2024,9/21/2024,DOC001660,Invoice,4,4,3,34,,4,4,546.5,81.975,2,273.25,GL0004,202409,B0,System,2/14/2026 16:10
1668,9/23/2024,9/23/2024,DOC001668,Invoice,4,4,3,24,,4,4,2582,387.3,5,516.4,GL0004,202409,B8,System,2/14/2026 16:10
1694,8/1/2024,8/1/2024,DOC001694,Invoice,3,4,1,13,,4,3,2282,342.3,4,570.5,GL0004,202408,B4,System,2/14/2026 16:10
1703,7/19/2024,7/19/2024,DOC001703,Invoice,1,4,3,26,,4,1,786,117.9,2,393,GL0004,202407,B3,System,2/14/2026 16:10
1709,8/7/2024,8/7/2024,DOC001709,Invoice,2,4,1,22,,4,2,1368,205.2,1,1368,GL0004,202408,B9,System,2/14/2026 16:10
1720,7/15/2024,7/15/2024,DOC001720,Invoice,4,4,1,39,,4,4,5494,824.1,9,610.4444444,GL0004,202407,B0,System,2/14/2026 16:10
1729,9/3/2024,9/3/2024,DOC001729,Invoice,5,4,2,20,,4,5,3773,565.95,2,1886.5,GL0004,202409,B9,System,2/14/2026 16:10
1740,8/16/2024,8/16/2024,DOC001740,Invoice,4,4,2,14,,4,4,1313,196.95,6,218.8333333,GL0004,202408,B0,System,2/14/2026 16:10
1773,8/12/2024,8/12/2024,DOC001773,Invoice,4,4,3,19,,4,4,6912,1036.8,8,864,GL0004,202408,B3,System,2/14/2026 16:10
1784,9/17/2024,9/17/2024,DOC001784,Invoice,4,4,2,39,,4,4,2426.5,363.975,9,269.6111111,GL0004,202409,B4,System,2/14/2026 16:10
1786,7/26/2024,7/26/2024,DOC001786,Invoice,5,4,2,10,,4,5,7850.5,1177.575,6,1308.416667,GL0004,202407,B6,System,2/14/2026 16:10
1789,8/22/2024,8/22/2024,DOC001789,Invoice,5,4,2,15,,4,5,10487,1573.05,9,1165.222222,GL0004,202408,B9,System,2/14/2026 16:10
1796,8/24/2024,8/24/2024,DOC001796,Invoice,3,4,1,38,,4,3,13972,2095.8,9,1552.444444,GL0004,202408,B6,System,2/14/2026 16:10
1800,9/20/2024,9/20/2024,DOC001800,Invoice,1,4,3,11,,4,1,1692,253.8,6,282,GL0004,202409,B0,System,2/14/2026 16:10
1826,7/11/2024,7/11/2024,DOC001826,Invoice,2,4,3,17,,4,2,6768,1015.2,9,752,GL0004,202407,B6,System,2/14/2026 16:10
1829,9/26/2024,9/26/2024,DOC001829,Invoice,5,4,3,35,,4,5,1760,264,5,352,GL0004,202409,B9,System,2/14/2026 16:10
1841,7/1/2024,7/1/2024,DOC001841,Invoice,1,4,1,26,,4,1,8506,1275.9,8,1063.25,GL0004,202407,B1,System,2/14/2026 16:10
1842,9/5/2024,9/5/2024,DOC001842,Invoice,3,4,1,18,,4,3,1254,188.1,1,1254,GL0004,202409,B2,System,2/14/2026 16:10
1848,8/13/2024,8/13/2024,DOC001848,Invoice,4,4,3,29,,4,4,6617,992.55,6,1102.833333,GL0004,202408,B8,System,2/14/2026 16:10
1850,9/22/2024,9/22/2024,DOC001850,Invoice,3,4,1,33,,4,3,1623,243.45,1,1623,GL0004,202409,B0,System,2/14/2026 16:10
1853,9/4/2024,9/4/2024,DOC001853,Invoice,2,4,3,32,,4,2,3250,487.5,4,812.5,GL0004,202409,B3,System,2/14/2026 16:10
1861,7/11/2024,7/11/2024,DOC001861,Invoice,1,4,2,1,,4,1,1412.5,211.875,1,1412.5,GL0004,202407,B1,System,2/14/2026 16:10
1874,7/16/2024,7/16/2024,DOC001874,Invoice,4,4,3,19,,4,4,9100,1365,7,1300,GL0004,202407,B4,System,2/14/2026 16:10
1882,9/16/2024,9/16/2024,DOC001882,Invoice,4,4,2,9,,4,4,1962,294.3,4,490.5,GL0004,202409,B2,System,2/14/2026 16:10
1898,9/12/2024,9/12/2024,DOC001898,Invoice,4,4,2,14,,4,4,1911,286.65,1,1911,GL0004,202409,B8,System,2/14/2026 16:10
1918,7/24/2024,7/24/2024,DOC001918,Invoice,2,4,3,22,,4,2,3453,517.95,2,1726.5,GL0004,202407,B8,System,2/14/2026 16:10
1919,7/8/2024,7/8/2024,DOC001919,Invoice,1,4,2,6,,4,1,4943,741.45,3,1647.666667,GL0004,202407,B9,System,2/14/2026 16:10
1928,8/29/2024,8/29/2024,DOC001928,Invoice,5,4,3,20,,4,5,11960,1794,10,1196,GL0004,202408,B8,System,2/14/2026 16:10
1932,7/22/2024,7/22/2024,DOC001932,Invoice,4,4,2,9,,4,4,1549.5,232.425,1,1549.5,GL0004,202407,B2,System,2/14/2026 16:10
1937,8/21/2024,8/21/2024,DOC001937,Invoice,2,4,1,37,,4,2,16024,2403.6,10,1602.4,GL0004,202408,B7,System,2/14/2026 16:10
1947,8/11/2024,8/11/2024,DOC001947,Invoice,2,4,1,27,,4,2,2631.5,394.725,2,1315.75,GL0004,202408,B7,System,2/14/2026 16:10
1954,7/3/2024,7/3/2024,DOC001954,Invoice,5,4,1,15,,4,5,4620,693,6,770,GL0004,202407,B4,System,2/14/2026 16:10
1961,7/17/2024,7/17/2024,DOC001961,Invoice,5,4,2,35,,4,5,247.5,37.125,1,247.5,GL0004,202407,B1,System,2/14/2026 16:10
1972,9/24/2024,9/24/2024,DOC001972,Invoice,1,4,1,1,,4,1,10022.5,1503.375,8,1252.8125,GL0004,202409,B2,System,2/14/2026 16:10
1975,9/27/2024,9/27/2024,DOC001975,Invoice,1,4,2,21,,4,1,18984,2847.6,10,1898.4,GL0004,202409,B5,System,2/14/2026 16:10
1984,9/14/2024,9/14/2024,DOC001984,Invoice,4,4,3,29,,4,4,1196,179.4,5,239.2,GL0004,202409,B4,System,2/14/2026 16:10
1995,8/19/2024,8/19/2024,DOC001995,Invoice,1,4,1,6,,4,1,3017,452.55,6,502.8333333,GL0004,202408,B5,System,2/14/2026 16:10
1998,8/13/2024,8/13/2024,DOC001998,Invoice,3,4,1,3,,4,3,12440,1866,10,1244,GL0004,202408,B8,System,2/14/2026 16:10
2035,9/5/2024,9/5/2024,DOC002035,Invoice,3,4,1,28,,4,3,3736,560.4,10,373.6,GL0004,202409,B5,System,2/14/2026 16:10
2036,7/17/2024,7/17/2024,DOC002036,Invoice,1,4,1,11,,4,1,13140.5,1971.075,7,1877.214286,GL0004,202407,B6,System,2/14/2026 16:10
2037,9/19/2024,9/19/2024,DOC002037,Invoice,1,4,1,11,,4,1,6098.5,914.775,9,677.6111111,GL0004,202409,B7,System,2/14/2026 16:10
2041,7/1/2024,7/1/2024,DOC002041,Invoice,3,4,3,18,,4,3,7081.5,1062.225,7,1011.642857,GL0004,202407,B1,System,2/14/2026 16:10
2054,9/1/2024,9/1/2024,DOC002054,Invoice,4,4,1,24,,4,4,2117,317.55,3,705.6666667,GL0004,202409,B4,System,2/14/2026 16:10
2063,7/9/2024,7/9/2024,DOC002063,Invoice,3,4,2,13,,4,3,1907,286.05,3,635.6666667,GL0004,202407,B3,System,2/14/2026 16:10
2067,8/19/2024,8/19/2024,DOC002067,Invoice,3,4,1,38,,4,3,9536.5,1430.475,9,1059.611111,GL0004,202408,B7,System,2/14/2026 16:10
2069,8/11/2024,8/11/2024,DOC002069,Invoice,2,4,2,12,,4,2,4064.5,609.675,9,451.6111111,GL0004,202408,B9,System,2/14/2026 16:10
2083,7/24/2024,7/24/2024,DOC002083,Invoice,5,4,2,20,,4,5,11380,1707,9,1264.444444,GL0004,202407,B3,System,2/14/2026 16:10
2092,8/18/2024,8/18/2024,DOC002092,Invoice,1,4,3,6,,4,1,5683.5,852.525,3,1894.5,GL0004,202408,B2,System,2/14/2026 16:10
2095,9/17/2024,9/17/2024,DOC002095,Invoice,1,4,1,21,,4,1,2678.5,401.775,9,297.6111111,GL0004,202409,B5,System,2/14/2026 16:10
2109,8/21/2024,8/21/2024,DOC002109,Invoice,1,4,3,6,,4,1,5654.5,848.175,6,942.4166667,GL0004,202408,B9,System,2/14/2026 16:10
2117,9/8/2024,9/8/2024,DOC002117,Invoice,5,4,1,5,,4,5,1464,219.6,6,244,GL0004,202409,B7,System,2/14/2026 16:10
2118,8/9/2024,8/9/2024,DOC002118,Invoice,2,4,2,37,,4,2,1277,191.55,3,425.6666667,GL0004,202408,B8,System,2/14/2026 16:10
2121,8/7/2024,8/7/2024,DOC002121,Invoice,5,4,1,10,,4,5,8314,1247.1,8,1039.25,GL0004,202408,B1,System,2/14/2026 16:10
2124,9/2/2024,9/2/2024,DOC002124,Invoice,3,4,1,38,,4,3,1004,150.6,1,1004,GL0004,202409,B4,System,2/14/2026 16:10
2130,8/7/2024,8/7/2024,DOC002130,Invoice,4,4,1,24,,4,4,5929.5,889.425,9,658.8333333,GL0004,202408,B0,System,2/14/2026 16:10
2133,8/30/2024,8/30/2024,DOC002133,Invoice,1,4,1,21,,4,1,7129,1069.35,7,1018.428571,GL0004,202408,B3,System,2/14/2026 16:10
2160,7/19/2024,7/19/2024,DOC002160,Invoice,3,4,1,28,,4,3,15539.5,2330.925,8,1942.4375,GL0004,202407,B0,System,2/14/2026 16:10
2166,8/9/2024,8/9/2024,DOC002166,Invoice,3,4,1,18,,4,3,1321,198.15,2,660.5,GL0004,202408,B6,System,2/14/2026 16:10
2169,9/24/2024,9/24/2024,DOC002169,Invoice,3,4,2,28,,4,3,4365.5,654.825,7,623.6428571,GL0004,202409,B9,System,2/14/2026 16:10
2185,9/22/2024,9/22/2024,DOC002185,Invoice,5,4,2,15,,4,5,570.5,85.575,1,570.5,GL0004,202409,B5,System,2/14/2026 16:10
2188,8/28/2024,8/28/2024,DOC002188,Invoice,2,4,3,7,,4,2,1342,201.3,2,671,GL0004,202408,B8,System,2/14/2026 16:10
2189,8/8/2024,8/8/2024,DOC002189,Invoice,5,4,3,15,,4,5,6569,985.35,6,1094.833333,GL0004,202408,B9,System,2/14/2026 16:10
2197,9/1/2024,9/1/2024,DOC002197,Invoice,4,4,1,4,,4,4,205.5,30.825,1,205.5,GL0004,202409,B7,System,2/14/2026 16:10
2201,8/28/2024,8/28/2024,DOC002201,Invoice,3,4,1,28,,4,3,13406.5,2010.975,9,1489.611111,GL0004,202408,B1,System,2/14/2026 16:10
2227,8/13/2024,8/13/2024,DOC002227,Invoice,4,4,1,4,,4,4,14189,2128.35,8,1773.625,GL0004,202408,B7,System,2/14/2026 16:10
2228,7/18/2024,7/18/2024,DOC002228,Invoice,1,4,1,21,,4,1,10944,1641.6,8,1368,GL0004,202407,B8,System,2/14/2026 16:10
2231,7/29/2024,7/29/2024,DOC002231,Invoice,4,4,1,29,,4,4,3010,451.5,5,602,GL0004,202407,B1,System,2/14/2026 16:10
2233,8/20/2024,8/20/2024,DOC002233,Invoice,3,4,2,28,,4,3,11953.5,1793.025,7,1707.642857,GL0004,202408,B3,System,2/14/2026 16:10
2235,9/13/2024,9/13/2024,DOC002235,Invoice,3,4,1,38,,4,3,13478.5,2021.775,8,1684.8125,GL0004,202409,B5,System,2/14/2026 16:10
2238,9/19/2024,9/19/2024,DOC002238,Invoice,1,4,1,21,,4,1,7739.5,1160.925,4,1934.875,GL0004,202409,B8,System,2/14/2026 16:10
2239,8/24/2024,8/24/2024,DOC002239,Invoice,3,4,2,13,,4,3,3586.5,537.975,2,1793.25,GL0004,202408,B9,System,2/14/2026 16:10
2266,7/22/2024,7/22/2024,DOC002266,Invoice,3,4,2,18,,4,3,5846.5,876.975,4,1461.625,GL0004,202407,B6,System,2/14/2026 16:10
2276,8/3/2024,8/3/2024,DOC002276,Invoice,2,4,3,32,,4,2,2064,309.6,6,344,GL0004,202408,B6,System,2/14/2026 16:10
2282,8/17/2024,8/17/2024,DOC002282,Invoice,3,4,3,28,,4,3,1873.5,281.025,3,624.5,GL0004,202408,B2,System,2/14/2026 16:10
2290,7/16/2024,7/16/2024,DOC002290,Invoice,2,4,3,7,,4,2,2724,408.6,10,272.4,GL0004,202407,B0,System,2/14/2026 16:10
2302,8/23/2024,8/23/2024,DOC002302,Invoice,4,4,2,34,,4,4,5600.5,840.075,3,1866.833333,GL0004,202408,B2,System,2/14/2026 16:10
2303,7/9/2024,7/9/2024,DOC002303,Invoice,4,4,2,14,,4,4,17100,2565,10,1710,GL0004,202407,B3,System,2/14/2026 16:10
2305,9/9/2024,9/9/2024,DOC002305,Invoice,3,4,3,18,,4,3,8510.5,1276.575,6,1418.416667,GL0004,202409,B5,System,2/14/2026 16:10
2314,7/29/2024,7/29/2024,DOC002314,Invoice,4,4,3,4,,4,4,9201,1380.15,7,1314.428571,GL0004,202407,B4,System,2/14/2026 16:10
2330,8/27/2024,8/27/2024,DOC002330,Invoice,5,4,2,5,,4,5,5993,898.95,3,1997.666667,GL0004,202408,B0,System,2/14/2026 16:10
2331,9/27/2024,9/27/2024,DOC002331,Invoice,4,4,2,39,,4,4,2064,309.6,3,688,GL0004,202409,B1,System,2/14/2026 16:10
2346,7/16/2024,7/16/2024,DOC002346,Invoice,2,4,2,17,,4,2,5085,762.75,8,635.625,GL0004,202407,B6,System,2/14/2026 16:10
2350,7/9/2024,7/9/2024,DOC002350,Invoice,3,4,3,33,,4,3,15332,2299.8,10,1533.2,GL0004,202407,B0,System,2/14/2026 16:10
2354,7/20/2024,7/20/2024,DOC002354,Invoice,2,4,2,17,,4,2,6886.5,1032.975,4,1721.625,GL0004,202407,B4,System,2/14/2026 16:10
2355,8/19/2024,8/19/2024,DOC002355,Invoice,2,4,1,12,,4,2,12463.5,1869.525,9,1384.833333,GL0004,202408,B5,System,2/14/2026 16:10
2362,7/12/2024,7/12/2024,DOC002362,Invoice,4,4,1,39,,4,4,11763.5,1764.525,8,1470.4375,GL0004,202407,B2,System,2/14/2026 16:10
2381,7/14/2024,7/14/2024,DOC002381,Invoice,1,4,1,21,,4,1,3451.5,517.725,6,575.25,GL0004,202407,B1,System,2/14/2026 16:10
2386,8/24/2024,8/24/2024,DOC002386,Invoice,1,4,2,6,,4,1,6833,1024.95,6,1138.833333,GL0004,202408,B6,System,2/14/2026 16:10
2393,8/7/2024,8/7/2024,DOC002393,Invoice,4,4,3,4,,4,4,1577.5,236.625,1,1577.5,GL0004,202408,B3,System,2/14/2026 16:10
2396,9/21/2024,9/21/2024,DOC002396,Invoice,4,4,1,4,,4,4,4918,737.7,5,983.6,GL0004,202409,B6,System,2/14/2026 16:10
2399,7/26/2024,7/26/2024,DOC002399,Invoice,4,4,1,39,,4,4,14688,2203.2,8,1836,GL0004,202407,B9,System,2/14/2026 16:10
2411,7/10/2024,7/10/2024,DOC002411,Invoice,2,4,1,17,,4,2,1667.5,250.125,8,208.4375,GL0004,202407,B1,System,2/14/2026 16:10
2426,8/23/2024,8/23/2024,DOC002426,Invoice,4,4,1,14,,4,4,11646,1746.9,9,1294,GL0004,202408,B6,System,2/14/2026 16:10
2428,9/13/2024,9/13/2024,DOC002428,Invoice,3,4,3,28,,4,3,3170.5,475.575,6,528.4166667,GL0004,202409,B8,System,2/14/2026 16:10
2432,9/16/2024,9/16/2024,DOC002432,Invoice,5,4,2,30,,4,5,3511.5,526.725,3,1170.5,GL0004,202409,B2,System,2/14/2026 16:10
2437,8/7/2024,8/7/2024,DOC002437,Invoice,5,4,1,20,,4,5,760,114,2,380,GL0004,202408,B7,System,2/14/2026 16:10
2458,7/1/2024,7/1/2024,DOC002458,Invoice,3,4,2,18,,4,3,6870.5,1030.575,8,858.8125,GL0004,202407,B8,System,2/14/2026 16:10
2459,7/9/2024,7/9/2024,DOC002459,Invoice,5,4,2,40,,4,5,2621,393.15,2,1310.5,GL0004,202407,B9,System,2/14/2026 16:10
2460,9/7/2024,9/7/2024,DOC002460,Invoice,5,4,2,20,,4,5,11326,1698.9,9,1258.444444,GL0004,202409,B0,System,2/14/2026 16:10
2461,8/7/2024,8/7/2024,DOC002461,Invoice,3,4,3,8,,4,3,2700,405,2,1350,GL0004,202408,B1,System,2/14/2026 16:10
2470,8/4/2024,8/4/2024,DOC002470,Invoice,3,4,3,23,,4,3,2461.5,369.225,7,351.6428571,GL0004,202408,B0,System,2/14/2026 16:10
2478,9/17/2024,9/17/2024,DOC002478,Invoice,2,4,3,27,,4,2,11855,1778.25,9,1317.222222,GL0004,202409,B8,System,2/14/2026 16:10
2483,9/17/2024,9/17/2024,DOC002483,Invoice,5,4,1,30,,4,5,15282,2292.3,9,1698,GL0004,202409,B3,System,2/14/2026 16:10
2492,7/16/2024,7/16/2024,DOC002492,Invoice,4,4,1,19,,4,4,1592,238.8,2,796,GL0004,202407,B2,System,2/14/2026 16:10
2500,7/4/2024,7/4/2024,DOC002500,Invoice,1,4,2,6,,4,1,2312,346.8,5,462.4,GL0004,202407,B0,System,2/14/2026 16:10
2504,9/13/2024,9/13/2024,DOC002504,Invoice,5,4,1,15,,4,5,2286.5,342.975,4,571.625,GL0004,202409,B4,System,2/14/2026 16:10
2510,9/9/2024,9/9/2024,DOC002510,Invoice,2,4,3,32,,4,2,2450,367.5,7,350,GL0004,202409,B0,System,2/14/2026 16:10
2523,8/9/2024,8/9/2024,DOC002523,Invoice,2,4,2,12,,4,2,2008,301.2,7,286.8571429,GL0004,202408,B3,System,2/14/2026 16:10
2528,8/16/2024,8/16/2024,DOC002528,Invoice,3,4,1,13,,4,3,7534.5,1130.175,4,1883.625,GL0004,202408,B8,System,2/14/2026 16:10
2537,9/13/2024,9/13/2024,DOC002537,Invoice,3,4,3,23,,4,3,8914,1337.1,5,1782.8,GL0004,202409,B7,System,2/14/2026 16:10
2538,9/9/2024,9/9/2024,DOC002538,Invoice,3,4,3,28,,4,3,1974.5,296.175,1,1974.5,GL0004,202409,B8,System,2/14/2026 16:10
2559,7/13/2024,7/13/2024,DOC002559,Invoice,4,4,2,24,,4,4,5278,791.7,5,1055.6,GL0004,202407,B9,System,2/14/2026 16:10
2564,9/3/2024,9/3/2024,DOC002564,Invoice,1,4,1,21,,4,1,940,141,3,313.3333333,GL0004,202409,B4,System,2/14/2026 16:10
2565,8/15/2024,8/15/2024,DOC002565,Invoice,1,4,1,26,,4,1,9182,1377.3,5,1836.4,GL0004,202408,B5,System,2/14/2026 16:10
2580,9/1/2024,9/1/2024,DOC002580,Invoice,1,4,3,1,,4,1,14674,2201.1,9,1630.444444,GL0004,202409,B0,System,2/14/2026 16:10
2597,7/14/2024,7/14/2024,DOC002597,Invoice,1,4,2,1,,4,1,5374,806.1,3,1791.333333,GL0004,202407,B7,System,2/14/2026 16:10
2616,9/11/2024,9/11/2024,DOC002616,Invoice,2,4,3,7,,4,2,14634,2195.1,8,1829.25,GL0004,202409,B6,System,2/14/2026 16:10
2617,7/13/2024,7/13/2024,DOC002617,Invoice,4,4,1,24,,4,4,10541,1581.15,6,1756.833333,GL0004,202407,B7,System,2/14/2026 16:10
2619,9/11/2024,9/11/2024,DOC002619,Invoice,4,4,1,4,,4,4,6606,990.9,9,734,GL0004,202409,B9,System,2/14/2026 16:10
2620,7/17/2024,7/17/2024,DOC002620,Invoice,1,4,2,16,,4,1,5861,879.15,4,1465.25,GL0004,202407,B0,System,2/14/2026 16:10
2621,7/15/2024,7/15/2024,DOC002621,Invoice,5,4,1,40,,4,5,1211,181.65,1,1211,GL0004,202407,B1,System,2/14/2026 16:10
2622,7/24/2024,7/24/2024,DOC002622,Invoice,2,4,3,37,,4,2,6540,981,10,654,GL0004,202407,B2,System,2/14/2026 16:10
2639,8/28/2024,8/28/2024,DOC002639,Invoice,2,4,3,37,,4,2,1360,204,4,340,GL0004,202408,B9,System,2/14/2026 16:10
2642,7/2/2024,7/2/2024,DOC002642,Invoice,1,4,1,16,,4,1,2896,434.4,3,965.3333333,GL0004,202407,B2,System,2/14/2026 16:10
2646,9/9/2024,9/9/2024,DOC002646,Invoice,1,4,1,16,,4,1,8868,1330.2,5,1773.6,GL0004,202409,B6,System,2/14/2026 16:10
2647,8/7/2024,8/7/2024,DOC002647,Invoice,4,4,3,19,,4,4,7061,1059.15,4,1765.25,GL0004,202408,B7,System,2/14/2026 16:10
2654,9/18/2024,9/18/2024,DOC002654,Invoice,1,4,2,21,,4,1,1732,259.8,5,346.4,GL0004,202409,B4,System,2/14/2026 16:10
2670,7/24/2024,7/24/2024,DOC002670,Invoice,4,4,1,14,,4,4,3100,465,2,1550,GL0004,202407,B0,System,2/14/2026 16:10
2677,7/28/2024,7/28/2024,DOC002677,Invoice,4,4,2,9,,4,4,2902,435.3,9,322.4444444,GL0004,202407,B7,System,2/14/2026 16:10
2680,7/20/2024,7/20/2024,DOC002680,Invoice,3,4,1,33,,4,3,18536,2780.4,10,1853.6,GL0004,202407,B0,System,2/14/2026 16:10
2687,8/6/2024,8/6/2024,DOC002687,Invoice,5,4,3,15,,4,5,1280.5,192.075,1,1280.5,GL0004,202408,B7,System,2/14/2026 16:10
2692,9/2/2024,9/2/2024,DOC002692,Invoice,2,4,1,32,,4,2,4555.5,683.325,6,759.25,GL0004,202409,B2,System,2/14/2026 16:10
2695,9/17/2024,9/17/2024,DOC002695,Invoice,5,4,1,40,,4,5,5032,754.8,3,1677.333333,GL0004,202409,B5,System,2/14/2026 16:10
2710,9/14/2024,9/14/2024,DOC002710,Invoice,3,4,3,33,,4,3,1690,253.5,1,1690,GL0004,202409,B0,System,2/14/2026 16:10
2725,9/12/2024,9/12/2024,DOC002725,Invoice,5,4,2,40,,4,5,2261,339.15,9,251.2222222,GL0004,202409,B5,System,2/14/2026 16:10
2737,7/19/2024,7/19/2024,DOC002737,Invoice,1,4,1,16,,4,1,1180.5,177.075,1,1180.5,GL0004,202407,B7,System,2/14/2026 16:10
2746,8/12/2024,8/12/2024,DOC002746,Invoice,2,4,2,12,,4,2,4944,741.6,10,494.4,GL0004,202408,B6,System,2/14/2026 16:10
2747,8/20/2024,8/20/2024,DOC002747,Invoice,2,4,1,7,,4,2,2174.5,326.175,9,241.6111111,GL0004,202408,B7,System,2/14/2026 16:10
2764,9/1/2024,9/1/2024,DOC002764,Invoice,1,4,3,36,,4,1,787,118.05,1,787,GL0004,202409,B4,System,2/14/2026 16:10
2770,7/4/2024,7/4/2024,DOC002770,Invoice,2,4,2,2,,4,2,2022,303.3,7,288.8571429,GL0004,202407,B0,System,2/14/2026 16:10
2772,8/22/2024,8/22/2024,DOC002772,Invoice,5,4,3,35,,4,5,3000,450,5,600,GL0004,202408,B2,System,2/14/2026 16:10
2785,7/1/2024,7/1/2024,DOC002785,Invoice,5,4,3,10,,4,5,708,106.2,1,708,GL0004,202407,B5,System,2/14/2026 16:10
2794,7/6/2024,7/6/2024,DOC002794,Invoice,1,4,3,11,,4,1,7952,1192.8,8,994,GL0004,202407,B4,System,2/14/2026 16:10
2799,9/8/2024,9/8/2024,DOC002799,Invoice,3,4,2,18,,4,3,8744.5,1311.675,9,971.6111111,GL0004,202409,B9,System,2/14/2026 16:10
2803,7/24/2024,7/24/2024,DOC002803,Invoice,3,4,2,23,,4,3,7441.5,1116.225,9,826.8333333,GL0004,202407,B3,System,2/14/2026 16:10
2804,8/13/2024,8/13/2024,DOC002804,Invoice,2,4,1,22,,4,2,12891.5,1933.725,7,1841.642857,GL0004,202408,B4,System,2/14/2026 16:10
2805,8/6/2024,8/6/2024,DOC002805,Invoice,5,4,3,15,,4,5,3694,554.1,5,738.8,GL0004,202408,B5,System,2/14/2026 16:10
2830,7/30/2024,7/30/2024,DOC002830,Invoice,4,4,3,34,,4,4,3067.5,460.125,4,766.875,GL0004,202407,B0,System,2/14/2026 16:10
2841,7/22/2024,7/22/2024,DOC002841,Invoice,3,4,3,3,,4,3,4405.5,660.825,3,1468.5,GL0004,202407,B1,System,2/14/2026 16:10
2846,9/22/2024,9/22/2024,DOC002846,Invoice,5,4,1,35,,4,5,4666,699.9,6,777.6666667,GL0004,202409,B6,System,2/14/2026 16:10
2847,7/11/2024,7/11/2024,DOC002847,Invoice,3,4,3,18,,4,3,2086,312.9,3,695.3333333,GL0004,202407,B7,System,2/14/2026 16:10
2848,9/20/2024,9/20/2024,DOC002848,Invoice,4,4,3,14,,4,4,18060,2709,10,1806,GL0004,202409,B8,System,2/14/2026 16:10
2849,8/25/2024,8/25/2024,DOC002849,Invoice,4,4,2,19,,4,4,1560.5,234.075,1,1560.5,GL0004,202408,B9,System,2/14/2026 16:10
2867,7/14/2024,7/14/2024,DOC002867,Invoice,4,4,2,4,,4,4,7624,1143.6,4,1906,GL0004,202407,B7,System,2/14/2026 16:10
2869,9/28/2024,9/28/2024,DOC002869,Invoice,4,4,3,34,,4,4,5236,785.4,3,1745.333333,GL0004,202409,B9,System,2/14/2026 16:10
2872,7/17/2024,7/17/2024,DOC002872,Invoice,2,4,3,12,,4,2,15869,2380.35,8,1983.625,GL0004,202407,B2,System,2/14/2026 16:10
2873,7/10/2024,7/10/2024,DOC002873,Invoice,1,4,3,11,,4,1,1991,298.65,7,284.4285714,GL0004,202407,B3,System,2/14/2026 16:10
2874,7/23/2024,7/23/2024,DOC002874,Invoice,5,4,3,15,,4,5,9388.5,1408.275,7,1341.214286,GL0004,202407,B4,System,2/14/2026 16:10
2879,7/18/2024,7/18/2024,DOC002879,Invoice,1,4,1,36,,4,1,12480,1872,8,1560,GL0004,202407,B9,System,2/14/2026 16:10
2881,7/13/2024,7/13/2024,DOC002881,Invoice,5,4,3,40,,4,5,7990,1198.5,5,1598,GL0004,202407,B1,System,2/14/2026 16:10
2899,7/10/2024,7/10/2024,DOC002899,Invoice,5,4,1,20,,4,5,3801,570.15,2,1900.5,GL0004,202407,B9,System,2/14/2026 16:10
2900,9/17/2024,9/17/2024,DOC002900,Invoice,5,4,3,20,,4,5,660,99,2,330,GL0004,202409,B0,System,2/14/2026 16:10
2914,9/16/2024,9/16/2024,DOC002914,Invoice,1,4,3,16,,4,1,1280,192,1,1280,GL0004,202409,B4,System,2/14/2026 16:10
2921,9/13/2024,9/13/2024,DOC002921,Invoice,4,4,1,24,,4,4,10000,1500,8,1250,GL0004,202409,B1,System,2/14/2026 16:10
2922,9/14/2024,9/14/2024,DOC002922,Invoice,5,4,3,30,,4,5,1996,299.4,1,1996,GL0004,202409,B2,System,2/14/2026 16:10
2946,7/31/2024,7/31/2024,DOC002946,Invoice,1,4,1,6,,4,1,7584,1137.6,5,1516.8,GL0004,202407,B6,System,2/14/2026 16:10
2950,9/2/2024,9/2/2024,DOC002950,Invoice,3,4,3,18,,4,3,10532,1579.8,10,1053.2,GL0004,202409,B0,System,2/14/2026 16:10
2965,7/9/2024,7/9/2024,DOC002965,Invoice,4,4,2,19,,4,4,4708,706.2,5,941.6,GL0004,202407,B5,System,2/14/2026 16:10
2966,8/9/2024,8/9/2024,DOC002966,Invoice,5,4,2,20,,4,5,4964,744.6,5,992.8,GL0004,202408,B6,System,2/14/2026 16:10
2983,8/30/2024,8/30/2024,DOC002983,Invoice,1,4,1,11,,4,1,1843,276.45,1,1843,GL0004,202408,B3,System,2/14/2026 16:10
3000,7/11/2024,7/11/2024,DOC003000,Invoice,4,4,2,14,,4,4,9168,1375.2,8,1146,GL0004,202407,B0,System,2/14/2026 16:10
3004,9/25/2024,9/25/2024,DOC003004,Invoice,1,4,1,31,,4,1,6530.5,979.575,6,1088.416667,GL0004,202409,B4,System,2/14/2026 16:10
3008,8/6/2024,8/6/2024,DOC003008,Invoice,1,4,2,6,,4,1,3056,458.4,10,305.6,GL0004,202408,B8,System,2/14/2026 16:10
3018,8/18/2024,8/18/2024,DOC003018,Invoice,5,4,3,35,,4,5,8360,1254,5,1672,GL0004,202408,B8,System,2/14/2026 16:10
3029,9/14/2024,9/14/2024,DOC003029,Invoice,5,4,2,35,,4,5,3218,482.7,5,643.6,GL0004,202409,B9,System,2/14/2026 16:10
3043,9/20/2024,9/20/2024,DOC003043,Invoice,1,4,2,16,,4,1,7157,1073.55,7,1022.428571,GL0004,202409,B3,System,2/14/2026 16:10
3045,9/24/2024,9/24/2024,DOC003045,Invoice,2,4,1,37,,4,2,13091.5,1963.725,8,1636.4375,GL0004,202409,B5,System,2/14/2026 16:10
3059,7/5/2024,7/5/2024,DOC003059,Invoice,3,4,3,28,,4,3,3301,495.15,2,1650.5,GL0004,202407,B9,System,2/14/2026 16:10
3066,8/22/2024,8/22/2024,DOC003066,Invoice,5,4,3,20,,4,5,8969,1345.35,6,1494.833333,GL0004,202408,B6,System,2/14/2026 16:10
3071,8/29/2024,8/29/2024,DOC003071,Invoice,2,4,1,7,,4,2,7118.5,1067.775,6,1186.416667,GL0004,202408,B1,System,2/14/2026 16:10
3079,7/13/2024,7/13/2024,DOC003079,Invoice,2,4,2,22,,4,2,7790.5,1168.575,6,1298.416667,GL0004,202407,B9,System,2/14/2026 16:10
3083,7/18/2024,7/18/2024,DOC003083,Invoice,5,4,2,40,,4,5,5285,792.75,4,1321.25,GL0004,202407,B3,System,2/14/2026 16:10
3084,7/1/2024,7/1/2024,DOC003084,Invoice,1,4,3,26,,4,1,7938,1190.7,7,1134,GL0004,202407,B4,System,2/14/2026 16:10
3085,9/22/2024,9/22/2024,DOC003085,Invoice,2,4,2,12,,4,2,19012,2851.8,10,1901.2,GL0004,202409,B5,System,2/14/2026 16:10
3089,8/18/2024,8/18/2024,DOC003089,Invoice,2,4,2,37,,4,2,2910.5,436.575,2,1455.25,GL0004,202408,B9,System,2/14/2026 16:10
3101,9/16/2024,9/16/2024,DOC003101,Invoice,1,4,2,16,,4,1,5624,843.6,5,1124.8,GL0004,202409,B1,System,2/14/2026 16:10
3128,7/9/2024,7/9/2024,DOC003128,Invoice,2,4,1,27,,4,2,7812,1171.8,5,1562.4,GL0004,202407,B8,System,2/14/2026 16:10
3134,8/9/2024,8/9/2024,DOC003134,Invoice,1,4,1,1,,4,1,19448,2917.2,10,1944.8,GL0004,202408,B4,System,2/14/2026 16:10
3149,8/25/2024,8/25/2024,DOC003149,Invoice,4,4,2,34,,4,4,9547.5,1432.125,9,1060.833333,GL0004,202408,B9,System,2/14/2026 16:10
3154,9/14/2024,9/14/2024,DOC003154,Invoice,3,4,2,33,,4,3,14480,2172,8,1810,GL0004,202409,B4,System,2/14/2026 16:10
3191,8/9/2024,8/9/2024,DOC003191,Invoice,3,4,2,38,,4,3,16752,2512.8,10,1675.2,GL0004,202408,B1,System,2/14/2026 16:10
3192,8/10/2024,8/10/2024,DOC003192,Invoice,5,4,3,15,,4,5,8582,1287.3,5,1716.4,GL0004,202408,B2,System,2/14/2026 16:10
3211,7/10/2024,7/10/2024,DOC003211,Invoice,5,4,1,10,,4,5,13804,2070.6,10,1380.4,GL0004,202407,B1,System,2/14/2026 16:10
3214,8/22/2024,8/22/2024,DOC003214,Invoice,3,4,1,3,,4,3,17543,2631.45,9,1949.222222,GL0004,202408,B4,System,2/14/2026 16:10
3216,8/29/2024,8/29/2024,DOC003216,Invoice,2,4,3,7,,4,2,1674,251.1,1,1674,GL0004,202408,B6,System,2/14/2026 16:10
3222,7/28/2024,7/28/2024,DOC003222,Invoice,2,4,3,7,,4,2,15366.5,2304.975,8,1920.8125,GL0004,202407,B2,System,2/14/2026 16:10
3228,7/15/2024,7/15/2024,DOC003228,Invoice,3,4,1,38,,4,3,5226,783.9,4,1306.5,GL0004,202407,B8,System,2/14/2026 16:10
3230,9/6/2024,9/6/2024,DOC003230,Invoice,3,4,2,3,,4,3,9547.5,1432.125,6,1591.25,GL0004,202409,B0,System,2/14/2026 16:10
3232,7/23/2024,7/23/2024,DOC003232,Invoice,2,4,2,17,,4,2,11130,1669.5,7,1590,GL0004,202407,B2,System,2/14/2026 16:10
3249,8/2/2024,8/2/2024,DOC003249,Invoice,2,4,2,22,,4,2,3428,514.2,5,685.6,GL0004,202408,B9,System,2/14/2026 16:10
3255,7/26/2024,7/26/2024,DOC003255,Invoice,3,4,1,28,,4,3,1776,266.4,1,1776,GL0004,202407,B5,System,2/14/2026 16:10
3265,8/11/2024,8/11/2024,DOC003265,Invoice,1,4,3,6,,4,1,4090,613.5,8,511.25,GL0004,202408,B5,System,2/14/2026 16:10
3276,9/2/2024,9/2/2024,DOC003276,Invoice,5,4,3,30,,4,5,8118,1217.7,5,1623.6,GL0004,202409,B6,System,2/14/2026 16:10
3281,8/6/2024,8/6/2024,DOC003281,Invoice,3,4,3,38,,4,3,14682,2202.3,8,1835.25,GL0004,202408,B1,System,2/14/2026 16:10
3285,9/23/2024,9/23/2024,DOC003285,Invoice,3,4,3,33,,4,3,5060,759,5,1012,GL0004,202409,B5,System,2/14/2026 16:10
3289,8/3/2024,8/3/2024,DOC003289,Invoice,2,4,2,27,,4,2,472,70.8,1,472,GL0004,202408,B9,System,2/14/2026 16:10
3303,7/17/2024,7/17/2024,DOC003303,Invoice,3,4,1,18,,4,3,4954,743.1,3,1651.333333,GL0004,202407,B3,System,2/14/2026 16:10
3315,9/12/2024,9/12/2024,DOC003315,Invoice,4,4,1,9,,4,4,8940.5,1341.075,7,1277.214286,GL0004,202409,B5,System,2/14/2026 16:10
3320,7/14/2024,7/14/2024,DOC003320,Invoice,2,4,2,37,,4,2,4556,683.4,7,650.8571429,GL0004,202407,B0,System,2/14/2026 16:10
3325,7/20/2024,7/20/2024,DOC003325,Invoice,1,4,3,21,,4,1,11021,1653.15,8,1377.625,GL0004,202407,B5,System,2/14/2026 16:10
3334,7/22/2024,7/22/2024,DOC003334,Invoice,4,4,3,9,,4,4,3777,566.55,2,1888.5,GL0004,202407,B4,System,2/14/2026 16:10
3387,7/26/2024,7/26/2024,DOC003387,Invoice,5,4,2,10,,4,5,6943.5,1041.525,6,1157.25,GL0004,202407,B7,System,2/14/2026 16:10
3391,9/5/2024,9/5/2024,DOC003391,Invoice,1,4,2,11,,4,1,4834,725.1,4,1208.5,GL0004,202409,B1,System,2/14/2026 16:10
3412,9/18/2024,9/18/2024,DOC003412,Invoice,2,4,3,37,,4,2,4045,606.75,8,505.625,GL0004,202409,B2,System,2/14/2026 16:10
3431,8/6/2024,8/6/2024,DOC003431,Invoice,1,4,3,6,,4,1,10234,1535.1,8,1279.25,GL0004,202408,B1,System,2/14/2026 16:10
3451,8/11/2024,8/11/2024,DOC003451,Invoice,4,4,2,19,,4,4,3830.5,574.575,9,425.6111111,GL0004,202408,B1,System,2/14/2026 16:10
3452,7/30/2024,7/30/2024,DOC003452,Invoice,2,4,2,17,,4,2,2424,363.6,3,808,GL0004,202407,B2,System,2/14/2026 16:10
3483,8/5/2024,8/5/2024,DOC003483,Invoice,3,4,2,8,,4,3,1195.5,179.325,3,398.5,GL0004,202408,B3,System,2/14/2026 16:10
3486,9/15/2024,9/15/2024,DOC003486,Invoice,4,4,1,9,,4,4,2311.5,346.725,6,385.25,GL0004,202409,B6,System,2/14/2026 16:10
3490,8/13/2024,8/13/2024,DOC003490,Invoice,1,4,1,31,,4,1,9911,1486.65,9,1101.222222,GL0004,202408,B0,System,2/14/2026 16:10
3494,8/3/2024,8/3/2024,DOC003494,Invoice,3,4,1,8,,4,3,7890,1183.5,5,1578,GL0004,202408,B4,System,2/14/2026 16:10
3511,9/8/2024,9/8/2024,DOC003511,Invoice,2,4,1,2,,4,2,8483.5,1272.525,8,1060.4375,GL0004,202409,B1,System,2/14/2026 16:10
3516,8/10/2024,8/10/2024,DOC003516,Invoice,5,4,1,10,,4,5,16715,2507.25,9,1857.222222,GL0004,202408,B6,System,2/14/2026 16:10
3518,8/21/2024,8/21/2024,DOC003518,Invoice,1,4,3,11,,4,1,4308,646.2,6,718,GL0004,202408,B8,System,2/14/2026 16:10
3530,8/4/2024,8/4/2024,DOC003530,Invoice,2,4,3,7,,4,2,5882,882.3,4,1470.5,GL0004,202408,B0,System,2/14/2026 16:10
3534,7/22/2024,7/22/2024,DOC003534,Invoice,5,4,2,25,,4,5,5078,761.7,5,1015.6,GL0004,202407,B4,System,2/14/2026 16:10
3544,8/6/2024,8/6/2024,DOC003544,Invoice,2,4,2,27,,4,2,5869.5,880.425,3,1956.5,GL0004,202408,B4,System,2/14/2026 16:10
3549,7/1/2024,7/1/2024,DOC003549,Invoice,2,4,2,37,,4,2,10685,1602.75,8,1335.625,GL0004,202407,B9,System,2/14/2026 16:10
3551,7/6/2024,7/6/2024,DOC003551,Invoice,5,4,2,30,,4,5,3948,592.2,6,658,GL0004,202407,B1,System,2/14/2026 16:10
3552,7/19/2024,7/19/2024,DOC003552,Invoice,2,4,3,22,,4,2,3307.5,496.125,2,1653.75,GL0004,202407,B2,System,2/14/2026 16:10
3555,8/30/2024,8/30/2024,DOC003555,Invoice,4,4,2,29,,4,4,4978,746.7,5,995.6,GL0004,202408,B5,System,2/14/2026 16:10
3572,7/9/2024,7/9/2024,DOC003572,Invoice,1,4,2,21,,4,1,15844,2376.6,10,1584.4,GL0004,202407,B2,System,2/14/2026 16:10
3573,8/29/2024,8/29/2024,DOC003573,Invoice,1,4,1,6,,4,1,13583,2037.45,9,1509.222222,GL0004,202408,B3,System,2/14/2026 16:10
3582,9/27/2024,9/27/2024,DOC003582,Invoice,5,4,2,5,,4,5,5339,800.85,9,593.2222222,GL0004,202409,B2,System,2/14/2026 16:10
3583,8/11/2024,8/11/2024,DOC003583,Invoice,5,4,1,25,,4,5,4861,729.15,7,694.4285714,GL0004,202408,B3,System,2/14/2026 16:10
3593,7/20/2024,7/20/2024,DOC003593,Invoice,2,4,3,37,,4,2,8526,1278.9,7,1218,GL0004,202407,B3,System,2/14/2026 16:10
3595,8/15/2024,8/15/2024,DOC003595,Invoice,4,4,2,24,,4,4,2556.5,383.475,7,365.2142857,GL0004,202408,B5,System,2/14/2026 16:10
3610,7/14/2024,7/14/2024,DOC003610,Invoice,3,4,1,13,,4,3,805,120.75,1,805,GL0004,202407,B0,System,2/14/2026 16:10
3614,9/5/2024,9/5/2024,DOC003614,Invoice,2,4,1,17,,4,2,9154,1373.1,5,1830.8,GL0004,202409,B4,System,2/14/2026 16:10
3621,7/20/2024,7/20/2024,DOC003621,Invoice,4,4,3,4,,4,4,6890,1033.5,4,1722.5,GL0004,202407,B1,System,2/14/2026 16:10
3625,7/13/2024,7/13/2024,DOC003625,Invoice,2,4,2,37,,4,2,2782,417.3,3,927.3333333,GL0004,202407,B5,System,2/14/2026 16:10
3650,8/11/2024,8/11/2024,DOC003650,Invoice,3,4,2,33,,4,3,3918,587.7,5,783.6,GL0004,202408,B0,System,2/14/2026 16:10
3651,9/9/2024,9/9/2024,DOC003651,Invoice,4,4,3,4,,4,4,2000.5,300.075,3,666.8333333,GL0004,202409,B1,System,2/14/2026 16:10
3655,8/18/2024,8/18/2024,DOC003655,Invoice,1,4,2,26,,4,1,12472,1870.8,10,1247.2,GL0004,202408,B5,System,2/14/2026 16:10
3681,7/3/2024,7/3/2024,DOC003681,Invoice,2,4,3,22,,4,2,14084,2112.6,10,1408.4,GL0004,202407,B1,System,2/14/2026 16:10
3718,8/29/2024,8/29/2024,DOC003718,Invoice,5,4,1,40,,4,5,3570,535.5,7,510,GL0004,202408,B8,System,2/14/2026 16:10
3735,9/19/2024,9/19/2024,DOC003735,Invoice,4,4,2,24,,4,4,8946,1341.9,9,994,GL0004,202409,B5,System,2/14/2026 16:10
3742,9/10/2024,9/10/2024,DOC003742,Invoice,4,4,1,39,,4,4,17440,2616,10,1744,GL0004,202409,B2,System,2/14/2026 16:10
3753,9/19/2024,9/19/2024,DOC003753,Invoice,2,4,3,37,,4,2,4234,635.1,6,705.6666667,GL0004,202409,B3,System,2/14/2026 16:10
3756,9/27/2024,9/27/2024,DOC003756,Invoice,2,4,1,37,,4,2,1546.5,231.975,1,1546.5,GL0004,202409,B6,System,2/14/2026 16:10
3761,8/30/2024,8/30/2024,DOC003761,Invoice,3,4,2,23,,4,3,9226,1383.9,6,1537.666667,GL0004,202408,B1,System,2/14/2026 16:10
3762,8/16/2024,8/16/2024,DOC003762,Invoice,1,4,2,26,,4,1,2592,388.8,4,648,GL0004,202408,B2,System,2/14/2026 16:10
3765,7/16/2024,7/16/2024,DOC003765,Invoice,1,4,2,31,,4,1,10777.5,1616.625,7,1539.642857,GL0004,202407,B5,System,2/14/2026 16:10
3778,9/6/2024,9/6/2024,DOC003778,Invoice,4,4,3,24,,4,4,666,99.9,1,666,GL0004,202409,B8,System,2/14/2026 16:10
3779,7/3/2024,7/3/2024,DOC003779,Invoice,2,4,1,12,,4,2,650,97.5,1,650,GL0004,202407,B9,System,2/14/2026 16:10
3787,7/15/2024,7/15/2024,DOC003787,Invoice,4,4,2,34,,4,4,13252,1987.8,9,1472.444444,GL0004,202407,B7,System,2/14/2026 16:10
3800,8/9/2024,8/9/2024,DOC003800,Invoice,4,4,3,39,,4,4,9022,1353.3,9,1002.444444,GL0004,202408,B0,System,2/14/2026 16:10
3802,7/3/2024,7/3/2024,DOC003802,Invoice,3,4,1,3,,4,3,8525,1278.75,6,1420.833333,GL0004,202407,B2,System,2/14/2026 16:10
3813,9/14/2024,9/14/2024,DOC003813,Invoice,2,4,1,37,,4,2,18632,2794.8,10,1863.2,GL0004,202409,B3,System,2/14/2026 16:10
3816,8/27/2024,8/27/2024,DOC003816,Invoice,5,4,1,5,,4,5,14628,2194.2,10,1462.8,GL0004,202408,B6,System,2/14/2026 16:10
3831,8/8/2024,8/8/2024,DOC003831,Invoice,3,4,3,18,,4,3,4999.5,749.925,3,1666.5,GL0004,202408,B1,System,2/14/2026 16:10
3848,8/23/2024,8/23/2024,DOC003848,Invoice,2,4,2,2,,4,2,9894,1484.1,5,1978.8,GL0004,202408,B8,System,2/14/2026 16:10
3851,9/3/2024,9/3/2024,DOC003851,Invoice,1,4,3,6,,4,1,5753,862.95,9,639.2222222,GL0004,202409,B1,System,2/14/2026 16:10
3867,7/23/2024,7/23/2024,DOC003867,Invoice,2,4,3,22,,4,2,3298,494.7,5,659.6,GL0004,202407,B7,System,2/14/2026 16:10
3874,7/19/2024,7/19/2024,DOC003874,Invoice,3,4,3,23,,4,3,11750.5,1762.575,6,1958.416667,GL0004,202407,B4,System,2/14/2026 16:10
3877,7/9/2024,7/9/2024,DOC003877,Invoice,3,4,1,33,,4,3,419.5,62.925,2,209.75,GL0004,202407,B7,System,2/14/2026 16:10
3888,9/20/2024,9/20/2024,DOC003888,Invoice,4,4,3,39,,4,4,5026,753.9,3,1675.333333,GL0004,202409,B8,System,2/14/2026 16:10
3892,9/2/2024,9/2/2024,DOC003892,Invoice,5,4,2,5,,4,5,3065,459.75,6,510.8333333,GL0004,202409,B2,System,2/14/2026 16:10
3898,8/22/2024,8/22/2024,DOC003898,Invoice,4,4,3,14,,4,4,3968,595.2,4,992,GL0004,202408,B8,System,2/14/2026 16:10
3911,9/5/2024,9/5/2024,DOC003911,Invoice,2,4,1,7,,4,2,4841,726.15,6,806.8333333,GL0004,202409,B1,System,2/14/2026 16:10
3912,8/29/2024,8/29/2024,DOC003912,Invoice,5,4,2,30,,4,5,1206,180.9,2,603,GL0004,202408,B2,System,2/14/2026 16:10
3913,7/14/2024,7/14/2024,DOC003913,Invoice,2,4,3,12,,4,2,12371.5,1855.725,8,1546.4375,GL0004,202407,B3,System,2/14/2026 16:10
3929,7/12/2024,7/12/2024,DOC003929,Invoice,5,4,1,30,,4,5,1802,270.3,8,225.25,GL0004,202407,B9,System,2/14/2026 16:10
3930,8/14/2024,8/14/2024,DOC003930,Invoice,4,4,1,24,,4,4,5218,782.7,6,869.6666667,GL0004,202408,B0,System,2/14/2026 16:10
3932,9/2/2024,9/2/2024,DOC003932,Invoice,5,4,1,35,,4,5,1958.5,293.775,9,217.6111111,GL0004,202409,B2,System,2/14/2026 16:10
3965,9/22/2024,9/22/2024,DOC003965,Invoice,1,4,3,26,,4,1,13208,1981.2,10,1320.8,GL0004,202409,B5,System,2/14/2026 16:10
3966,7/2/2024,7/2/2024,DOC003966,Invoice,3,4,1,38,,4,3,3966.5,594.975,2,1983.25,GL0004,202407,B6,System,2/14/2026 16:10
3968,9/4/2024,9/4/2024,DOC003968,Invoice,3,4,3,33,,4,3,9557,1433.55,6,1592.833333,GL0004,202409,B8,System,2/14/2026 16:10
3969,7/18/2024,7/18/2024,DOC003969,Invoice,3,4,1,8,,4,3,9440,1416,10,944,GL0004,202407,B9,System,2/14/2026 16:10
3988,9/12/2024,9/12/2024,DOC003988,Invoice,5,4,1,20,,4,5,17914,2687.1,9,1990.444444,GL0004,202409,B8,System,2/14/2026 16:10
3989,7/1/2024,7/1/2024,DOC003989,Invoice,3,4,3,23,,4,3,1445.5,216.825,1,1445.5,GL0004,202407,B9,System,2/14/2026 16:10
4003,8/28/2024,8/28/2024,DOC004003,Invoice,4,4,1,14,,4,4,5704,855.6,4,1426,GL0004,202408,B3,System,2/14/2026 16:10
4005,8/4/2024,8/4/2024,DOC004005,Invoice,3,4,2,3,,4,3,3368.5,505.275,7,481.2142857,GL0004,202408,B5,System,2/14/2026 16:10
4009,8/16/2024,8/16/2024,DOC004009,Invoice,2,4,1,2,,4,2,2114.5,317.175,3,704.8333333,GL0004,202408,B9,System,2/14/2026 16:10
4023,8/4/2024,8/4/2024,DOC004023,Invoice,2,4,2,27,,4,2,11336.5,1700.475,9,1259.611111,GL0004,202408,B3,System,2/14/2026 16:10
4033,7/20/2024,7/20/2024,DOC004033,Invoice,1,4,3,21,,4,1,13212,1981.8,9,1468,GL0004,202407,B3,System,2/14/2026 16:10
4040,8/2/2024,8/2/2024,DOC004040,Invoice,3,4,2,33,,4,3,10564.5,1584.675,7,1509.214286,GL0004,202408,B0,System,2/14/2026 16:10
4043,8/10/2024,8/10/2024,DOC004043,Invoice,1,4,3,36,,4,1,5105,765.75,3,1701.666667,GL0004,202408,B3,System,2/14/2026 16:10
4052,9/13/2024,9/13/2024,DOC004052,Invoice,2,4,3,27,,4,2,6925,1038.75,4,1731.25,GL0004,202409,B2,System,2/14/2026 16:10
4056,9/23/2024,9/23/2024,DOC004056,Invoice,4,4,3,29,,4,4,3638.5,545.775,8,454.8125,GL0004,202409,B6,System,2/14/2026 16:10
4077,8/6/2024,8/6/2024,DOC004077,Invoice,1,4,1,11,,4,1,5432,814.8,10,543.2,GL0004,202408,B7,System,2/14/2026 16:10
4078,7/30/2024,7/30/2024,DOC004078,Invoice,5,4,1,40,,4,5,2302.5,345.375,4,575.625,GL0004,202407,B8,System,2/14/2026 16:10
4079,8/29/2024,8/29/2024,DOC004079,Invoice,3,4,1,18,,4,3,1195.5,179.325,2,597.75,GL0004,202408,B9,System,2/14/2026 16:10
4093,7/13/2024,7/13/2024,DOC004093,Invoice,5,4,2,5,,4,5,11834,1775.1,8,1479.25,GL0004,202407,B3,System,2/14/2026 16:10
4103,8/24/2024,8/24/2024,DOC004103,Invoice,3,4,3,13,,4,3,13920,2088,8,1740,GL0004,202408,B3,System,2/14/2026 16:10
4120,8/5/2024,8/5/2024,DOC004120,Invoice,4,4,3,9,,4,4,752,112.8,1,752,GL0004,202408,B0,System,2/14/2026 16:10
4132,8/16/2024,8/16/2024,DOC004132,Invoice,1,4,3,31,,4,1,3691.5,553.725,6,615.25,GL0004,202408,B2,System,2/14/2026 16:10
4142,9/1/2024,9/1/2024,DOC004142,Invoice,2,4,3,2,,4,2,2466,369.9,3,822,GL0004,202409,B2,System,2/14/2026 16:10
4149,9/26/2024,9/26/2024,DOC004149,Invoice,4,4,3,34,,4,4,629,94.35,1,629,GL0004,202409,B9,System,2/14/2026 16:10
4167,8/16/2024,8/16/2024,DOC004167,Invoice,3,4,2,8,,4,3,7260.5,1089.075,7,1037.214286,GL0004,202408,B7,System,2/14/2026 16:10
4168,7/1/2024,7/1/2024,DOC004168,Invoice,3,4,1,3,,4,3,15134.5,2270.175,9,1681.611111,GL0004,202407,B8,System,2/14/2026 16:10
4169,7/8/2024,7/8/2024,DOC004169,Invoice,2,4,1,37,,4,2,1919,287.85,9,213.2222222,GL0004,202407,B9,System,2/14/2026 16:10
4170,7/2/2024,7/2/2024,DOC004170,Invoice,5,4,1,25,,4,5,13738,2060.7,9,1526.444444,GL0004,202407,B0,System,2/14/2026 16:10
4188,9/14/2024,9/14/2024,DOC004188,Invoice,2,4,2,17,,4,2,9821,1473.15,8,1227.625,GL0004,202409,B8,System,2/14/2026 16:10
4196,8/18/2024,8/18/2024,DOC004196,Invoice,4,4,2,29,,4,4,5070,760.5,3,1690,GL0004,202408,B6,System,2/14/2026 16:10
4197,8/4/2024,8/4/2024,DOC004197,Invoice,5,4,2,30,,4,5,4936,740.4,10,493.6,GL0004,202408,B7,System,2/14/2026 16:10
4199,8/14/2024,8/14/2024,DOC004199,Invoice,2,4,1,17,,4,2,15242,2286.3,8,1905.25,GL0004,202408,B9,System,2/14/2026 16:10
4228,7/23/2024,7/23/2024,DOC004228,Invoice,1,4,3,36,,4,1,13300,1995,10,1330,GL0004,202407,B8,System,2/14/2026 16:10
4230,9/25/2024,9/25/2024,DOC004230,Invoice,4,4,3,19,,4,4,1354,203.1,2,677,GL0004,202409,B0,System,2/14/2026 16:10
4233,9/18/2024,9/18/2024,DOC004233,Invoice,1,4,1,21,,4,1,16564,2484.6,10,1656.4,GL0004,202409,B3,System,2/14/2026 16:10
4236,9/25/2024,9/25/2024,DOC004236,Invoice,1,4,1,31,,4,1,2064,309.6,3,688,GL0004,202409,B6,System,2/14/2026 16:10
4248,9/23/2024,9/23/2024,DOC004248,Invoice,1,4,1,21,,4,1,4386,657.9,3,1462,GL0004,202409,B8,System,2/14/2026 16:10
4253,9/10/2024,9/10/2024,DOC004253,Invoice,3,4,3,13,,4,3,2326,348.9,6,387.6666667,GL0004,202409,B3,System,2/14/2026 16:10
4257,7/15/2024,7/15/2024,DOC004257,Invoice,5,4,2,5,,4,5,8278,1241.7,5,1655.6,GL0004,202407,B7,System,2/14/2026 16:10
4274,9/27/2024,9/27/2024,DOC004274,Invoice,1,4,2,21,,4,1,4672,700.8,5,934.4,GL0004,202409,B4,System,2/14/2026 16:10
4280,7/6/2024,7/6/2024,DOC004280,Invoice,5,4,2,25,,4,5,1892,283.8,1,1892,GL0004,202407,B0,System,2/14/2026 16:10
4285,8/17/2024,8/17/2024,DOC004285,Invoice,4,4,3,9,,4,4,2358.5,353.775,4,589.625,GL0004,202408,B5,System,2/14/2026 16:10
4296,9/13/2024,9/13/2024,DOC004296,Invoice,5,4,3,35,,4,5,3072,460.8,5,614.4,GL0004,202409,B6,System,2/14/2026 16:10
4303,9/1/2024,9/1/2024,DOC004303,Invoice,4,4,2,9,,4,4,4320,648,10,432,GL0004,202409,B3,System,2/14/2026 16:10
4306,7/20/2024,7/20/2024,DOC004306,Invoice,2,4,2,7,,4,2,10937,1640.55,6,1822.833333,GL0004,202407,B6,System,2/14/2026 16:10
4315,9/9/2024,9/9/2024,DOC004315,Invoice,4,4,3,24,,4,4,10846,1626.9,6,1807.666667,GL0004,202409,B5,System,2/14/2026 16:10
4319,7/29/2024,7/29/2024,DOC004319,Invoice,3,4,2,38,,4,3,2275.5,341.325,4,568.875,GL0004,202407,B9,System,2/14/2026 16:10
4320,9/11/2024,9/11/2024,DOC004320,Invoice,1,4,1,11,,4,1,1151,172.65,1,1151,GL0004,202409,B0,System,2/14/2026 16:10
4326,9/20/2024,9/20/2024,DOC004326,Invoice,2,4,2,27,,4,2,3945,591.75,2,1972.5,GL0004,202409,B6,System,2/14/2026 16:10
4328,9/16/2024,9/16/2024,DOC004328,Invoice,2,4,2,37,,4,2,7862.5,1179.375,8,982.8125,GL0004,202409,B8,System,2/14/2026 16:10
4333,8/14/2024,8/14/2024,DOC004333,Invoice,1,4,3,26,,4,1,1222,183.3,3,407.3333333,GL0004,202408,B3,System,2/14/2026 16:10
4339,8/14/2024,8/14/2024,DOC004339,Invoice,2,4,2,12,,4,2,3284,492.6,2,1642,GL0004,202408,B9,System,2/14/2026 16:10
4342,7/8/2024,7/8/2024,DOC004342,Invoice,2,4,1,32,,4,2,14983.5,2247.525,9,1664.833333,GL0004,202407,B2,System,2/14/2026 16:10
4355,9/7/2024,9/7/2024,DOC004355,Invoice,3,4,2,8,,4,3,1461,219.15,2,730.5,GL0004,202409,B5,System,2/14/2026 16:10
4361,8/15/2024,8/15/2024,DOC004361,Invoice,1,4,2,11,,4,1,6627.5,994.125,8,828.4375,GL0004,202408,B1,System,2/14/2026 16:10
4362,8/11/2024,8/11/2024,DOC004362,Invoice,3,4,3,3,,4,3,1130,169.5,4,282.5,GL0004,202408,B2,System,2/14/2026 16:10
4363,9/16/2024,9/16/2024,DOC004363,Invoice,3,4,1,33,,4,3,5398,809.7,5,1079.6,GL0004,202409,B3,System,2/14/2026 16:10
4365,8/5/2024,8/5/2024,DOC004365,Invoice,2,4,3,22,,4,2,4870,730.5,5,974,GL0004,202408,B5,System,2/14/2026 16:10
4372,7/19/2024,7/19/2024,DOC004372,Invoice,4,4,2,14,,4,4,636,95.4,1,636,GL0004,202407,B2,System,2/14/2026 16:10
4390,8/14/2024,8/14/2024,DOC004390,Invoice,5,4,1,35,,4,5,3210,481.5,3,1070,GL0004,202408,B0,System,2/14/2026 16:10
4396,8/12/2024,8/12/2024,DOC004396,Invoice,4,4,3,9,,4,4,5424,813.6,6,904,GL0004,202408,B6,System,2/14/2026 16:10
4398,7/17/2024,7/17/2024,DOC004398,Invoice,3,4,3,28,,4,3,1986,297.9,5,397.2,GL0004,202407,B8,System,2/14/2026 16:10
4399,9/13/2024,9/13/2024,DOC004399,Invoice,2,4,2,32,,4,2,10811,1621.65,7,1544.428571,GL0004,202409,B9,System,2/14/2026 16:10
4400,9/1/2024,9/1/2024,DOC004400,Invoice,2,4,3,7,,4,2,7006,1050.9,5,1401.2,GL0004,202409,B0,System,2/14/2026 16:10
4411,9/6/2024,9/6/2024,DOC004411,Invoice,4,4,1,24,,4,4,3708,556.2,9,412,GL0004,202409,B1,System,2/14/2026 16:10
4416,7/11/2024,7/11/2024,DOC004416,Invoice,4,4,1,39,,4,4,5709.5,856.425,7,815.6428571,GL0004,202407,B6,System,2/14/2026 16:10
4419,9/27/2024,9/27/2024,DOC004419,Invoice,5,4,3,10,,4,5,9111.5,1366.725,7,1301.642857,GL0004,202409,B9,System,2/14/2026 16:10
4420,9/18/2024,9/18/2024,DOC004420,Invoice,5,4,2,40,,4,5,9354,1403.1,8,1169.25,GL0004,202409,B0,System,2/14/2026 16:10
4424,9/7/2024,9/7/2024,DOC004424,Invoice,1,4,1,21,,4,1,1826,273.9,2,913,GL0004,202409,B4,System,2/14/2026 16:10
4427,9/14/2024,9/14/2024,DOC004427,Invoice,3,4,1,38,,4,3,1288,193.2,2,644,GL0004,202409,B7,System,2/14/2026 16:10
4432,7/28/2024,7/28/2024,DOC004432,Invoice,1,4,1,36,,4,1,4912,736.8,3,1637.333333,GL0004,202407,B2,System,2/14/2026 16:10
4444,8/31/2024,8/31/2024,DOC004444,Invoice,4,4,2,29,,4,4,5905.5,885.825,7,843.6428571,GL0004,202408,B4,System,2/14/2026 16:10
4446,9/21/2024,9/21/2024,DOC004446,Invoice,4,4,1,9,,4,4,9070,1360.5,6,1511.666667,GL0004,202409,B6,System,2/14/2026 16:10
4450,8/5/2024,8/5/2024,DOC004450,Invoice,1,4,3,31,,4,1,8154,1223.1,5,1630.8,GL0004,202408,B0,System,2/14/2026 16:10
4453,7/25/2024,7/25/2024,DOC004453,Invoice,4,4,3,9,,4,4,3274.5,491.175,2,1637.25,GL0004,202407,B3,System,2/14/2026 16:10
4458,7/18/2024,7/18/2024,DOC004458,Invoice,5,4,1,40,,4,5,935.5,140.325,2,467.75,GL0004,202407,B8,System,2/14/2026 16:10
4467,9/14/2024,9/14/2024,DOC004467,Invoice,5,4,2,30,,4,5,4174,626.1,5,834.8,GL0004,202409,B7,System,2/14/2026 16:10
4479,9/14/2024,9/14/2024,DOC004479,Invoice,4,4,1,34,,4,4,1953,292.95,1,1953,GL0004,202409,B9,System,2/14/2026 16:10
4482,9/21/2024,9/21/2024,DOC004482,Invoice,3,4,2,18,,4,3,5634,845.1,5,1126.8,GL0004,202409,B2,System,2/14/2026 16:10
4483,8/14/2024,8/14/2024,DOC004483,Invoice,4,4,1,39,,4,4,19876,2981.4,10,1987.6,GL0004,202408,B3,System,2/14/2026 16:10
4496,8/5/2024,8/5/2024,DOC004496,Invoice,3,4,2,28,,4,3,4189,628.35,7,598.4285714,GL0004,202408,B6,System,2/14/2026 16:10
4504,9/8/2024,9/8/2024,DOC004504,Invoice,4,4,2,34,,4,4,1466.5,219.975,2,733.25,GL0004,202409,B4,System,2/14/2026 16:10
4507,8/9/2024,8/9/2024,DOC004507,Invoice,2,4,3,17,,4,2,2723.5,408.525,4,680.875,GL0004,202408,B7,System,2/14/2026 16:10
4509,8/24/2024,8/24/2024,DOC004509,Invoice,2,4,1,2,,4,2,7991.5,1198.725,7,1141.642857,GL0004,202408,B9,System,2/14/2026 16:10
4515,7/28/2024,7/28/2024,DOC004515,Invoice,2,4,1,17,,4,2,1760,264,5,352,GL0004,202407,B5,System,2/14/2026 16:10
4518,7/15/2024,7/15/2024,DOC004518,Invoice,4,4,3,9,,4,4,5580,837,9,620,GL0004,202407,B8,System,2/14/2026 16:10
4520,9/24/2024,9/24/2024,DOC004520,Invoice,4,4,1,9,,4,4,6456,968.4,6,1076,GL0004,202409,B0,System,2/14/2026 16:10
4523,7/11/2024,7/11/2024,DOC004523,Invoice,4,4,3,29,,4,4,1502,225.3,5,300.4,GL0004,202407,B3,System,2/14/2026 16:10
4526,9/1/2024,9/1/2024,DOC004526,Invoice,2,4,2,2,,4,2,1930,289.5,3,643.3333333,GL0004,202409,B6,System,2/14/2026 16:10
4544,8/21/2024,8/21/2024,DOC004544,Invoice,1,4,2,21,,4,1,3794,569.1,7,542,GL0004,202408,B4,System,2/14/2026 16:10
4548,8/24/2024,8/24/2024,DOC004548,Invoice,2,4,2,2,,4,2,2773,415.95,2,1386.5,GL0004,202408,B8,System,2/14/2026 16:10
4549,8/14/2024,8/14/2024,DOC004549,Invoice,2,4,3,22,,4,2,10740,1611,10,1074,GL0004,202408,B9,System,2/14/2026 16:10
4556,9/1/2024,9/1/2024,DOC004556,Invoice,4,4,3,24,,4,4,1587.5,238.125,1,1587.5,GL0004,202409,B6,System,2/14/2026 16:10
4562,9/26/2024,9/26/2024,DOC004562,Invoice,4,4,2,39,,4,4,15170.5,2275.575,9,1685.611111,GL0004,202409,B2,System,2/14/2026 16:10
4569,8/30/2024,8/30/2024,DOC004569,Invoice,1,4,1,6,,4,1,2863.5,429.525,3,954.5,GL0004,202408,B9,System,2/14/2026 16:10
4579,9/24/2024,9/24/2024,DOC004579,Invoice,2,4,1,7,,4,2,8691.5,1303.725,8,1086.4375,GL0004,202409,B9,System,2/14/2026 16:10
4584,8/11/2024,8/11/2024,DOC004584,Invoice,5,4,2,35,,4,5,4397,659.55,3,1465.666667,GL0004,202408,B4,System,2/14/2026 16:10
4585,7/22/2024,7/22/2024,DOC004585,Invoice,1,4,1,1,,4,1,5512,826.8,9,612.4444444,GL0004,202407,B5,System,2/14/2026 16:10
4592,8/7/2024,8/7/2024,DOC004592,Invoice,4,4,1,24,,4,4,5194,779.1,6,865.6666667,GL0004,202408,B2,System,2/14/2026 16:10
4601,8/10/2024,8/10/2024,DOC004601,Invoice,5,4,1,35,,4,5,1526,228.9,5,305.2,GL0004,202408,B1,System,2/14/2026 16:10
4622,8/17/2024,8/17/2024,DOC004622,Invoice,2,4,1,7,,4,2,13571.5,2035.725,8,1696.4375,GL0004,202408,B2,System,2/14/2026 16:10
4625,8/31/2024,8/31/2024,DOC004625,Invoice,1,4,1,36,,4,1,5600,840,7,800,GL0004,202408,B5,System,2/14/2026 16:10
4631,9/5/2024,9/5/2024,DOC004631,Invoice,2,4,3,17,,4,2,10000,1500,5,2000,GL0004,202409,B1,System,2/14/2026 16:10
4637,7/8/2024,7/8/2024,DOC004637,Invoice,1,4,1,11,,4,1,8986,1347.9,8,1123.25,GL0004,202407,B7,System,2/14/2026 16:10
4640,7/27/2024,7/27/2024,DOC004640,Invoice,5,4,1,20,,4,5,7742,1161.3,7,1106,GL0004,202407,B0,System,2/14/2026 16:10
4645,9/18/2024,9/18/2024,DOC004645,Invoice,1,4,2,6,,4,1,7885,1182.75,4,1971.25,GL0004,202409,B5,System,2/14/2026 16:10
4647,8/22/2024,8/22/2024,DOC004647,Invoice,5,4,2,30,,4,5,881,132.15,1,881,GL0004,202408,B7,System,2/14/2026 16:10
4650,8/27/2024,8/27/2024,DOC004650,Invoice,3,4,1,23,,4,3,1146,171.9,1,1146,GL0004,202408,B0,System,2/14/2026 16:10
4665,7/3/2024,7/3/2024,DOC004665,Invoice,3,4,2,3,,4,3,1129,169.35,2,564.5,GL0004,202407,B5,System,2/14/2026 16:10
4666,8/22/2024,8/22/2024,DOC004666,Invoice,4,4,3,29,,4,4,13072,1960.8,10,1307.2,GL0004,202408,B6,System,2/14/2026 16:10
4702,9/10/2024,9/10/2024,DOC004702,Invoice,5,4,1,15,,4,5,17076,2561.4,10,1707.6,GL0004,202409,B2,System,2/14/2026 16:10
4714,8/7/2024,8/7/2024,DOC004714,Invoice,2,4,1,22,,4,2,868,130.2,1,868,GL0004,202408,B4,System,2/14/2026 16:10
4728,9/24/2024,9/24/2024,DOC004728,Invoice,2,4,3,32,,4,2,3101,465.15,6,516.8333333,GL0004,202409,B8,System,2/14/2026 16:10
4743,8/18/2024,8/18/2024,DOC004743,Invoice,3,4,1,23,,4,3,9498,1424.7,7,1356.857143,GL0004,202408,B3,System,2/14/2026 16:10
4745,7/17/2024,7/17/2024,DOC004745,Invoice,3,4,1,38,,4,3,12064,1809.6,10,1206.4,GL0004,202407,B5,System,2/14/2026 16:10
4793,7/6/2024,7/6/2024,DOC004793,Invoice,3,4,1,8,,4,3,2969,445.35,6,494.8333333,GL0004,202407,B3,System,2/14/2026 16:10
4796,9/14/2024,9/14/2024,DOC004796,Invoice,4,4,2,14,,4,4,7998.5,1199.775,4,1999.625,GL0004,202409,B6,System,2/14/2026 16:10
4800,9/3/2024,9/3/2024,DOC004800,Invoice,2,4,2,17,,4,2,17216,2582.4,10,1721.6,GL0004,202409,B0,System,2/14/2026 16:10
4811,9/8/2024,9/8/2024,DOC004811,Invoice,1,4,2,11,,4,1,7949,1192.35,9,883.2222222,GL0004,202409,B1,System,2/14/2026 16:10
4819,9/15/2024,9/15/2024,DOC004819,Invoice,4,4,1,39,,4,4,454.5,68.175,1,454.5,GL0004,202409,B9,System,2/14/2026 16:10
4837,8/26/2024,8/26/2024,DOC004837,Invoice,3,4,3,18,,4,3,1188.5,178.275,1,1188.5,GL0004,202408,B7,System,2/14/2026 16:10
4840,8/19/2024,8/19/2024,DOC004840,Invoice,3,4,1,3,,4,3,9500,1425,10,950,GL0004,202408,B0,System,2/14/2026 16:10
4847,9/2/2024,9/2/2024,DOC004847,Invoice,2,4,2,27,,4,2,10166.5,1524.975,6,1694.416667,GL0004,202409,B7,System,2/14/2026 16:10
4865,8/14/2024,8/14/2024,DOC004865,Invoice,4,4,3,24,,4,4,5936,890.4,5,1187.2,GL0004,202408,B5,System,2/14/2026 16:10
4867,9/6/2024,9/6/2024,DOC004867,Invoice,2,4,1,22,,4,2,3852,577.8,3,1284,GL0004,202409,B7,System,2/14/2026 16:10
4885,9/7/2024,9/7/2024,DOC004885,Invoice,5,4,3,40,,4,5,3838.5,575.775,4,959.625,GL0004,202409,B5,System,2/14/2026 16:10
4894,9/15/2024,9/15/2024,DOC004894,Invoice,5,4,3,10,,4,5,1949,292.35,8,243.625,GL0004,202409,B4,System,2/14/2026 16:10
4926,7/4/2024,7/4/2024,DOC004926,Invoice,3,4,2,33,,4,3,6260.5,939.075,9,695.6111111,GL0004,202407,B6,System,2/14/2026 16:10
4930,8/16/2024,8/16/2024,DOC004930,Invoice,4,4,1,19,,4,4,2252.5,337.875,3,750.8333333,GL0004,202408,B0,System,2/14/2026 16:10
4934,9/26/2024,9/26/2024,DOC004934,Invoice,5,4,1,5,,4,5,9052.5,1357.875,7,1293.214286,GL0004,202409,B4,System,2/14/2026 16:10
4942,8/7/2024,8/7/2024,DOC004942,Invoice,3,4,2,38,,4,3,320,48,1,320,GL0004,202408,B2,System,2/14/2026 16:10
4944,7/4/2024,7/4/2024,DOC004944,Invoice,1,4,3,6,,4,1,3766,564.9,3,1255.333333,GL0004,202407,B4,System,2/14/2026 16:10
4948,9/17/2024,9/17/2024,DOC004948,Invoice,2,4,3,22,,4,2,12634,1895.1,8,1579.25,GL0004,202409,B8,System,2/14/2026 16:10
4952,8/4/2024,8/4/2024,DOC004952,Invoice,2,4,3,12,,4,2,3107,466.05,9,345.2222222,GL0004,202408,B2,System,2/14/2026 16:10
4978,8/22/2024,8/22/2024,DOC004978,Invoice,3,4,1,23,,4,3,11784,1767.6,6,1964,GL0004,202408,B8,System,2/14/2026 16:10
4987,7/11/2024,7/11/2024,DOC004987,Invoice,1,4,1,31,,4,1,3095.5,464.325,2,1547.75,GL0004,202407,B7,System,2/14/2026 16:10
4992,7/16/2024,7/16/2024,DOC004992,Invoice,4,4,2,29,,4,4,722,108.3,2,361,GL0004,202407,B2,System,2/14/2026 16:10
4994,9/19/2024,9/19/2024,DOC004994,Invoice,1,4,2,31,,4,1,4012.5,601.875,7,573.2142857,GL0004,202409,B4,System,2/14/2026 16:10
4995,8/28/2024,8/28/2024,DOC004995,Invoice,1,4,2,31,,4,1,3720,558,10,372,GL0004,202408,B5,System,2/14/2026 16:10
15,8/27/2024,8/27/2024,DOC000015,Invoice,5,5,3,20,,5,5,6679,1001.85,7,954.1428571,GL0005,202408,B5,System,2/14/2026 16:10
20,9/27/2024,9/27/2024,DOC000020,Invoice,3,5,3,28,,5,3,5589,838.35,2,2794.5,GL0005,202409,B0,System,2/14/2026 16:10
31,9/15/2024,9/15/2024,DOC000031,Invoice,3,5,2,38,,5,3,22849,3427.35,6,3808.166667,GL0005,202409,B1,System,2/14/2026 16:10
35,9/23/2024,9/23/2024,DOC000035,Invoice,3,5,3,33,,5,3,24830,3724.5,7,3547.142857,GL0005,202409,B5,System,2/14/2026 16:10
56,8/1/2024,8/1/2024,DOC000056,Invoice,3,5,2,23,,5,3,32005,4800.75,9,3556.111111,GL0005,202408,B6,System,2/14/2026 16:10
60,8/11/2024,8/11/2024,DOC000060,Invoice,3,5,2,13,,5,3,8417,1262.55,2,4208.5,GL0005,202408,B0,System,2/14/2026 16:10
66,8/2/2024,8/2/2024,DOC000066,Invoice,4,5,1,4,,5,4,14665,2199.75,3,4888.333333,GL0005,202408,B6,System,2/14/2026 16:10
73,7/9/2024,7/9/2024,DOC000073,Invoice,2,5,1,22,,5,2,17433,2614.95,8,2179.125,GL0005,202407,B3,System,2/14/2026 16:10
74,8/23/2024,8/23/2024,DOC000074,Invoice,2,5,1,22,,5,2,41338,6200.7,9,4593.111111,GL0005,202408,B4,System,2/14/2026 16:10
87,7/6/2024,7/6/2024,DOC000087,Invoice,3,5,2,3,,5,3,29097,4364.55,8,3637.125,GL0005,202407,B7,System,2/14/2026 16:10
88,9/13/2024,9/13/2024,DOC000088,Invoice,1,5,2,31,,5,1,46780,7017,10,4678,GL0005,202409,B8,System,2/14/2026 16:10
94,8/31/2024,8/31/2024,DOC000094,Invoice,2,5,1,27,,5,2,19450,2917.5,5,3890,GL0005,202408,B4,System,2/14/2026 16:10
97,7/29/2024,7/29/2024,DOC000097,Invoice,5,5,3,30,,5,5,41050,6157.5,9,4561.111111,GL0005,202407,B7,System,2/14/2026 16:10
98,8/11/2024,8/11/2024,DOC000098,Invoice,5,5,3,30,,5,5,19393,2908.95,8,2424.125,GL0005,202408,B8,System,2/14/2026 16:10
108,7/29/2024,7/29/2024,DOC000108,Invoice,5,5,2,15,,5,5,4889,733.35,8,611.125,GL0005,202407,B8,System,2/14/2026 16:10
112,8/5/2024,8/5/2024,DOC000112,Invoice,3,5,2,23,,5,3,9777,1466.55,2,4888.5,GL0005,202408,B2,System,2/14/2026 16:10
113,9/13/2024,9/13/2024,DOC000113,Invoice,2,5,2,22,,5,2,6140,921,5,1228,GL0005,202409,B3,System,2/14/2026 16:10
133,7/17/2024,7/17/2024,DOC000133,Invoice,1,5,3,36,,5,1,6573,985.95,4,1643.25,GL0005,202407,B3,System,2/14/2026 16:10
134,8/25/2024,8/25/2024,DOC000134,Invoice,5,5,2,10,,5,5,14235,2135.25,3,4745,GL0005,202408,B4,System,2/14/2026 16:10
137,8/25/2024,8/25/2024,DOC000137,Invoice,2,5,2,22,,5,2,37289,5593.35,8,4661.125,GL0005,202408,B7,System,2/14/2026 16:10
139,8/3/2024,8/3/2024,DOC000139,Invoice,4,5,3,4,,5,4,13963,2094.45,3,4654.333333,GL0005,202408,B9,System,2/14/2026 16:10
157,8/7/2024,8/7/2024,DOC000157,Invoice,3,5,2,28,,5,3,1557,233.55,2,778.5,GL0005,202408,B7,System,2/14/2026 16:10
160,9/16/2024,9/16/2024,DOC000160,Invoice,1,5,1,1,,5,1,4677,701.55,1,4677,GL0005,202409,B0,System,2/14/2026 16:10
165,7/26/2024,7/26/2024,DOC000165,Invoice,3,5,1,28,,5,3,22159,3323.85,6,3693.166667,GL0005,202407,B5,System,2/14/2026 16:10
166,7/29/2024,7/29/2024,DOC000166,Invoice,4,5,1,19,,5,4,19920,2988,5,3984,GL0005,202407,B6,System,2/14/2026 16:10
173,7/16/2024,7/16/2024,DOC000173,Invoice,2,5,2,7,,5,2,5590,838.5,2,2795,GL0005,202407,B3,System,2/14/2026 16:10
178,8/24/2024,8/24/2024,DOC000178,Invoice,2,5,1,22,,5,2,15865,2379.75,6,2644.166667,GL0005,202408,B8,System,2/14/2026 16:10
183,7/23/2024,7/23/2024,DOC000183,Invoice,4,5,2,9,,5,4,3394,509.1,3,1131.333333,GL0005,202407,B3,System,2/14/2026 16:10
184,9/13/2024,9/13/2024,DOC000184,Invoice,2,5,2,12,,5,2,14290,2143.5,5,2858,GL0005,202409,B4,System,2/14/2026 16:10
202,7/5/2024,7/5/2024,DOC000202,Invoice,2,5,1,2,,5,2,2122,318.3,3,707.3333333,GL0005,202407,B2,System,2/14/2026 16:10
206,8/8/2024,8/8/2024,DOC000206,Invoice,3,5,1,3,,5,3,3322,498.3,3,1107.333333,GL0005,202408,B6,System,2/14/2026 16:10
209,8/20/2024,8/20/2024,DOC000209,Invoice,1,5,1,26,,5,1,7408,1111.2,3,2469.333333,GL0005,202408,B9,System,2/14/2026 16:10
220,7/12/2024,7/12/2024,DOC000220,Invoice,3,5,1,33,,5,3,25110,3766.5,6,4185,GL0005,202407,B0,System,2/14/2026 16:10
221,8/21/2024,8/21/2024,DOC000221,Invoice,1,5,3,11,,5,1,24778,3716.7,9,2753.111111,GL0005,202408,B1,System,2/14/2026 16:10
227,8/9/2024,8/9/2024,DOC000227,Invoice,4,5,1,19,,5,4,4924,738.6,3,1641.333333,GL0005,202408,B7,System,2/14/2026 16:10
232,7/15/2024,7/15/2024,DOC000232,Invoice,3,5,2,3,,5,3,15030,2254.5,10,1503,GL0005,202407,B2,System,2/14/2026 16:10
234,9/1/2024,9/1/2024,DOC000234,Invoice,1,5,3,11,,5,1,8497,1274.55,3,2832.333333,GL0005,202409,B4,System,2/14/2026 16:10
250,8/1/2024,8/1/2024,DOC000250,Invoice,5,5,2,35,,5,5,8737,1310.55,6,1456.166667,GL0005,202408,B0,System,2/14/2026 16:10
263,9/20/2024,9/20/2024,DOC000263,Invoice,5,5,1,35,,5,5,6193,928.95,8,774.125,GL0005,202409,B3,System,2/14/2026 16:10
270,9/9/2024,9/9/2024,DOC000270,Invoice,4,5,2,19,,5,4,26940,4041,6,4490,GL0005,202409,B0,System,2/14/2026 16:10
293,9/24/2024,9/24/2024,DOC000293,Invoice,4,5,3,9,,5,4,2142,321.3,1,2142,GL0005,202409,B3,System,2/14/2026 16:10
297,8/26/2024,8/26/2024,DOC000297,Invoice,2,5,3,12,,5,2,40880,6132,10,4088,GL0005,202408,B7,System,2/14/2026 16:10
309,7/21/2024,7/21/2024,DOC000309,Invoice,3,5,1,18,,5,3,6988,1048.2,3,2329.333333,GL0005,202407,B9,System,2/14/2026 16:10
311,7/24/2024,7/24/2024,DOC000311,Invoice,2,5,2,37,,5,2,7813,1171.95,4,1953.25,GL0005,202407,B1,System,2/14/2026 16:10
317,7/6/2024,7/6/2024,DOC000317,Invoice,3,5,1,38,,5,3,20910,3136.5,6,3485,GL0005,202407,B7,System,2/14/2026 16:10
321,9/4/2024,9/4/2024,DOC000321,Invoice,5,5,2,35,,5,5,14700,2205,5,2940,GL0005,202409,B1,System,2/14/2026 16:10
324,9/17/2024,9/17/2024,DOC000324,Invoice,3,5,3,23,,5,3,23440,3516,10,2344,GL0005,202409,B4,System,2/14/2026 16:10
328,7/19/2024,7/19/2024,DOC000328,Invoice,4,5,3,19,,5,4,8060,1209,5,1612,GL0005,202407,B8,System,2/14/2026 16:10
351,9/15/2024,9/15/2024,DOC000351,Invoice,1,5,1,31,,5,1,18124,2718.6,7,2589.142857,GL0005,202409,B1,System,2/14/2026 16:10
365,7/20/2024,7/20/2024,DOC000365,Invoice,3,5,2,13,,5,3,10384,1557.6,3,3461.333333,GL0005,202407,B5,System,2/14/2026 16:10
368,7/3/2024,7/3/2024,DOC000368,Invoice,2,5,3,12,,5,2,8842,1326.3,7,1263.142857,GL0005,202407,B8,System,2/14/2026 16:10
388,7/25/2024,7/25/2024,DOC000388,Invoice,1,5,3,6,,5,1,9080,1362,8,1135,GL0005,202407,B8,System,2/14/2026 16:10
389,8/19/2024,8/19/2024,DOC000389,Invoice,4,5,3,29,,5,4,6043,906.45,3,2014.333333,GL0005,202408,B9,System,2/14/2026 16:10
392,8/17/2024,8/17/2024,DOC000392,Invoice,5,5,2,15,,5,5,12160,1824,4,3040,GL0005,202408,B2,System,2/14/2026 16:10
395,8/26/2024,8/26/2024,DOC000395,Invoice,3,5,2,33,,5,3,15470,2320.5,7,2210,GL0005,202408,B5,System,2/14/2026 16:10
398,7/8/2024,7/8/2024,DOC000398,Invoice,1,5,2,1,,5,1,3834,575.1,1,3834,GL0005,202407,B8,System,2/14/2026 16:10
408,8/12/2024,8/12/2024,DOC000408,Invoice,1,5,3,26,,5,1,22300,3345,5,4460,GL0005,202408,B8,System,2/14/2026 16:10
410,7/19/2024,7/19/2024,DOC000410,Invoice,5,5,1,25,,5,5,31465,4719.75,7,4495,GL0005,202407,B0,System,2/14/2026 16:10
418,7/21/2024,7/21/2024,DOC000418,Invoice,1,5,2,31,,5,1,16160,2424,4,4040,GL0005,202407,B8,System,2/14/2026 16:10
427,8/5/2024,8/5/2024,DOC000427,Invoice,5,5,1,10,,5,5,8570,1285.5,5,1714,GL0005,202408,B7,System,2/14/2026 16:10
433,8/22/2024,8/22/2024,DOC000433,Invoice,2,5,1,22,,5,2,19018,2852.7,9,2113.111111,GL0005,202408,B3,System,2/14/2026 16:10
441,8/13/2024,8/13/2024,DOC000441,Invoice,3,5,2,8,,5,3,20490,3073.5,10,2049,GL0005,202408,B1,System,2/14/2026 16:10
443,9/11/2024,9/11/2024,DOC000443,Invoice,1,5,3,26,,5,1,21720,3258,8,2715,GL0005,202409,B3,System,2/14/2026 16:10
446,8/10/2024,8/10/2024,DOC000446,Invoice,1,5,2,6,,5,1,7810,1171.5,3,2603.333333,GL0005,202408,B6,System,2/14/2026 16:10
454,8/21/2024,8/21/2024,DOC000454,Invoice,3,5,3,28,,5,3,22810,3421.5,5,4562,GL0005,202408,B4,System,2/14/2026 16:10
458,9/17/2024,9/17/2024,DOC000458,Invoice,2,5,2,7,,5,2,17845,2676.75,4,4461.25,GL0005,202409,B8,System,2/14/2026 16:10
465,8/9/2024,8/9/2024,DOC000465,Invoice,1,5,1,16,,5,1,36560,5484,8,4570,GL0005,202408,B5,System,2/14/2026 16:10
505,8/24/2024,8/24/2024,DOC000505,Invoice,3,5,3,3,,5,3,3480,522,5,696,GL0005,202408,B5,System,2/14/2026 16:10
518,7/16/2024,7/16/2024,DOC000518,Invoice,4,5,1,19,,5,4,41040,6156,9,4560,GL0005,202407,B8,System,2/14/2026 16:10
526,7/12/2024,7/12/2024,DOC000526,Invoice,2,5,3,22,,5,2,15065,2259.75,8,1883.125,GL0005,202407,B6,System,2/14/2026 16:10
527,9/11/2024,9/11/2024,DOC000527,Invoice,4,5,2,34,,5,4,3263,489.45,1,3263,GL0005,202409,B7,System,2/14/2026 16:10
543,9/1/2024,9/1/2024,DOC000543,Invoice,1,5,3,16,,5,1,4240,636,5,848,GL0005,202409,B3,System,2/14/2026 16:10
560,7/7/2024,7/7/2024,DOC000560,Invoice,4,5,2,4,,5,4,20115,3017.25,5,4023,GL0005,202407,B0,System,2/14/2026 16:10
575,7/11/2024,7/11/2024,DOC000575,Invoice,4,5,1,4,,5,4,3499,524.85,6,583.1666667,GL0005,202407,B5,System,2/14/2026 16:10
587,7/3/2024,7/3/2024,DOC000587,Invoice,5,5,2,30,,5,5,6145,921.75,8,768.125,GL0005,202407,B7,System,2/14/2026 16:10
589,7/27/2024,7/27/2024,DOC000589,Invoice,5,5,3,40,,5,5,25590,3838.5,10,2559,GL0005,202407,B9,System,2/14/2026 16:10
598,7/26/2024,7/26/2024,DOC000598,Invoice,1,5,2,1,,5,1,27353,4102.95,8,3419.125,GL0005,202407,B8,System,2/14/2026 16:10
607,8/27/2024,8/27/2024,DOC000607,Invoice,2,5,2,12,,5,2,1565,234.75,1,1565,GL0005,202408,B7,System,2/14/2026 16:10
627,8/18/2024,8/18/2024,DOC000627,Invoice,3,5,2,28,,5,3,13735,2060.25,6,2289.166667,GL0005,202408,B7,System,2/14/2026 16:10
638,8/12/2024,8/12/2024,DOC000638,Invoice,3,5,2,3,,5,3,14767,2215.05,6,2461.166667,GL0005,202408,B8,System,2/14/2026 16:10
654,9/7/2024,9/7/2024,DOC000654,Invoice,2,5,2,12,,5,2,7125,1068.75,2,3562.5,GL0005,202409,B4,System,2/14/2026 16:10
662,7/17/2024,7/17/2024,DOC000662,Invoice,2,5,3,12,,5,2,1522,228.3,3,507.3333333,GL0005,202407,B2,System,2/14/2026 16:10
672,7/12/2024,7/12/2024,DOC000672,Invoice,1,5,3,1,,5,1,12545,1881.75,7,1792.142857,GL0005,202407,B2,System,2/14/2026 16:10
673,7/2/2024,7/2/2024,DOC000673,Invoice,3,5,2,38,,5,3,7840,1176,9,871.1111111,GL0005,202407,B3,System,2/14/2026 16:10
680,9/26/2024,9/26/2024,DOC000680,Invoice,5,5,1,30,,5,5,10945,1641.75,5,2189,GL0005,202409,B0,System,2/14/2026 16:10
684,9/10/2024,9/10/2024,DOC000684,Invoice,1,5,3,1,,5,1,11525,1728.75,4,2881.25,GL0005,202409,B4,System,2/14/2026 16:10
687,9/24/2024,9/24/2024,DOC000687,Invoice,4,5,2,19,,5,4,33363,5004.45,7,4766.142857,GL0005,202409,B7,System,2/14/2026 16:10
691,9/3/2024,9/3/2024,DOC000691,Invoice,5,5,2,35,,5,5,27787,4168.05,6,4631.166667,GL0005,202409,B1,System,2/14/2026 16:10
693,8/23/2024,8/23/2024,DOC000693,Invoice,2,5,1,2,,5,2,4215,632.25,1,4215,GL0005,202408,B3,System,2/14/2026 16:10
696,7/20/2024,7/20/2024,DOC000696,Invoice,5,5,2,40,,5,5,17430,2614.5,6,2905,GL0005,202407,B6,System,2/14/2026 16:10
704,9/26/2024,9/26/2024,DOC000704,Invoice,4,5,2,39,,5,4,21480,3222,6,3580,GL0005,202409,B4,System,2/14/2026 16:10
711,8/22/2024,8/22/2024,DOC000711,Invoice,1,5,3,16,,5,1,9489,1423.35,4,2372.25,GL0005,202408,B1,System,2/14/2026 16:10
726,7/26/2024,7/26/2024,DOC000726,Invoice,4,5,2,34,,5,4,1832,274.8,1,1832,GL0005,202407,B6,System,2/14/2026 16:10
730,8/19/2024,8/19/2024,DOC000730,Invoice,3,5,2,33,,5,3,29079,4361.85,7,4154.142857,GL0005,202408,B0,System,2/14/2026 16:10
735,8/2/2024,8/2/2024,DOC000735,Invoice,4,5,1,19,,5,4,25430,3814.5,10,2543,GL0005,202408,B5,System,2/14/2026 16:10
736,8/27/2024,8/27/2024,DOC000736,Invoice,4,5,3,19,,5,4,19575,2936.25,9,2175,GL0005,202408,B6,System,2/14/2026 16:10
745,8/28/2024,8/28/2024,DOC000745,Invoice,5,5,1,15,,5,5,12129,1819.35,8,1516.125,GL0005,202408,B5,System,2/14/2026 16:10
754,9/5/2024,9/5/2024,DOC000754,Invoice,5,5,3,35,,5,5,13035,1955.25,7,1862.142857,GL0005,202409,B4,System,2/14/2026 16:10
756,7/4/2024,7/4/2024,DOC000756,Invoice,2,5,3,7,,5,2,2833,424.95,1,2833,GL0005,202407,B6,System,2/14/2026 16:10
757,8/4/2024,8/4/2024,DOC000757,Invoice,2,5,2,27,,5,2,4514,677.1,1,4514,GL0005,202408,B7,System,2/14/2026 16:10
759,7/24/2024,7/24/2024,DOC000759,Invoice,5,5,1,30,,5,5,19109,2866.35,4,4777.25,GL0005,202407,B9,System,2/14/2026 16:10
761,9/3/2024,9/3/2024,DOC000761,Invoice,5,5,1,5,,5,5,18680,2802,4,4670,GL0005,202409,B1,System,2/14/2026 16:10
772,7/27/2024,7/27/2024,DOC000772,Invoice,4,5,2,4,,5,4,35650,5347.5,10,3565,GL0005,202407,B2,System,2/14/2026 16:10
775,9/15/2024,9/15/2024,DOC000775,Invoice,2,5,1,27,,5,2,2093,313.95,1,2093,GL0005,202409,B5,System,2/14/2026 16:10
781,9/5/2024,9/5/2024,DOC000781,Invoice,5,5,3,20,,5,5,7988,1198.2,7,1141.142857,GL0005,202409,B1,System,2/14/2026 16:10
791,7/4/2024,7/4/2024,DOC000791,Invoice,1,5,1,36,,5,1,32880,4932,8,4110,GL0005,202407,B1,System,2/14/2026 16:10
796,9/7/2024,9/7/2024,DOC000796,Invoice,3,5,2,23,,5,3,22989,3448.35,7,3284.142857,GL0005,202409,B6,System,2/14/2026 16:10
806,9/14/2024,9/14/2024,DOC000806,Invoice,1,5,3,16,,5,1,32705,4905.75,8,4088.125,GL0005,202409,B6,System,2/14/2026 16:10
831,7/23/2024,7/23/2024,DOC000831,Invoice,5,5,2,15,,5,5,32340,4851,7,4620,GL0005,202407,B1,System,2/14/2026 16:10
834,7/26/2024,7/26/2024,DOC000834,Invoice,4,5,1,9,,5,4,31088,4663.2,7,4441.142857,GL0005,202407,B4,System,2/14/2026 16:10
836,9/24/2024,9/24/2024,DOC000836,Invoice,1,5,3,11,,5,1,11170,1675.5,5,2234,GL0005,202409,B6,System,2/14/2026 16:10
852,8/29/2024,8/29/2024,DOC000852,Invoice,3,5,1,38,,5,3,32270,4840.5,10,3227,GL0005,202408,B2,System,2/14/2026 16:10
860,7/17/2024,7/17/2024,DOC000860,Invoice,3,5,2,18,,5,3,24209,3631.35,8,3026.125,GL0005,202407,B0,System,2/14/2026 16:10
870,7/1/2024,7/1/2024,DOC000870,Invoice,2,5,2,12,,5,2,28120,4218,10,2812,GL0005,202407,B0,System,2/14/2026 16:10
872,7/14/2024,7/14/2024,DOC000872,Invoice,2,5,3,17,,5,2,37720,5658,9,4191.111111,GL0005,202407,B2,System,2/14/2026 16:10
882,8/16/2024,8/16/2024,DOC000882,Invoice,5,5,2,25,,5,5,8434,1265.1,3,2811.333333,GL0005,202408,B2,System,2/14/2026 16:10
883,8/18/2024,8/18/2024,DOC000883,Invoice,2,5,3,7,,5,2,39240,5886,10,3924,GL0005,202408,B3,System,2/14/2026 16:10
894,8/20/2024,8/20/2024,DOC000894,Invoice,2,5,2,27,,5,2,4575,686.25,1,4575,GL0005,202408,B4,System,2/14/2026 16:10
899,8/26/2024,8/26/2024,DOC000899,Invoice,3,5,3,33,,5,3,30720,4608,10,3072,GL0005,202408,B9,System,2/14/2026 16:10
903,7/7/2024,7/7/2024,DOC000903,Invoice,3,5,2,13,,5,3,7740,1161,2,3870,GL0005,202407,B3,System,2/14/2026 16:10
915,7/8/2024,7/8/2024,DOC000915,Invoice,4,5,2,19,,5,4,11285,1692.75,7,1612.142857,GL0005,202407,B5,System,2/14/2026 16:10
928,7/19/2024,7/19/2024,DOC000928,Invoice,3,5,3,13,,5,3,9397,1409.55,4,2349.25,GL0005,202407,B8,System,2/14/2026 16:10
946,8/20/2024,8/20/2024,DOC000946,Invoice,4,5,2,24,,5,4,33870,5080.5,10,3387,GL0005,202408,B6,System,2/14/2026 16:10
949,7/1/2024,7/1/2024,DOC000949,Invoice,1,5,1,36,,5,1,11275,1691.25,5,2255,GL0005,202407,B9,System,2/14/2026 16:10
950,7/13/2024,7/13/2024,DOC000950,Invoice,1,5,3,26,,5,1,34785,5217.75,8,4348.125,GL0005,202407,B0,System,2/14/2026 16:10
953,7/27/2024,7/27/2024,DOC000953,Invoice,2,5,3,22,,5,2,9917,1487.55,2,4958.5,GL0005,202407,B3,System,2/14/2026 16:10
956,7/11/2024,7/11/2024,DOC000956,Invoice,4,5,3,19,,5,4,20350,3052.5,9,2261.111111,GL0005,202407,B6,System,2/14/2026 16:10
960,7/31/2024,7/31/2024,DOC000960,Invoice,4,5,1,34,,5,4,13480,2022,8,1685,GL0005,202407,B0,System,2/14/2026 16:10
970,8/23/2024,8/23/2024,DOC000970,Invoice,5,5,3,30,,5,5,12320,1848,4,3080,GL0005,202408,B0,System,2/14/2026 16:10
973,9/3/2024,9/3/2024,DOC000973,Invoice,5,5,2,25,,5,5,32000,4800,10,3200,GL0005,202409,B3,System,2/14/2026 16:10
975,9/2/2024,9/2/2024,DOC000975,Invoice,2,5,2,37,,5,2,7363,1104.45,9,818.1111111,GL0005,202409,B5,System,2/14/2026 16:10
976,9/6/2024,9/6/2024,DOC000976,Invoice,3,5,1,8,,5,3,11872,1780.8,3,3957.333333,GL0005,202409,B6,System,2/14/2026 16:10
979,7/31/2024,7/31/2024,DOC000979,Invoice,3,5,3,13,,5,3,43290,6493.5,9,4810,GL0005,202407,B9,System,2/14/2026 16:10
987,7/5/2024,7/5/2024,DOC000987,Invoice,5,5,2,30,,5,5,14140,2121,10,1414,GL0005,202407,B7,System,2/14/2026 16:10
992,7/4/2024,7/4/2024,DOC000992,Invoice,1,5,3,31,,5,1,4305,645.75,5,861,GL0005,202407,B2,System,2/14/2026 16:10
997,9/14/2024,9/14/2024,DOC000997,Invoice,3,5,3,13,,5,3,29040,4356,10,2904,GL0005,202409,B7,System,2/14/2026 16:10
999,8/12/2024,8/12/2024,DOC000999,Invoice,2,5,3,32,,5,2,1439,215.85,2,719.5,GL0005,202408,B9,System,2/14/2026 16:10
1021,7/15/2024,7/15/2024,DOC001021,Invoice,1,5,2,21,,5,1,6434,965.1,7,919.1428571,GL0005,202407,B1,System,2/14/2026 16:10
1024,9/26/2024,9/26/2024,DOC001024,Invoice,1,5,1,31,,5,1,44407,6661.05,9,4934.111111,GL0005,202409,B4,System,2/14/2026 16:10
1026,9/6/2024,9/6/2024,DOC001026,Invoice,2,5,1,37,,5,2,17645,2646.75,5,3529,GL0005,202409,B6,System,2/14/2026 16:10
1033,8/29/2024,8/29/2024,DOC001033,Invoice,5,5,1,10,,5,5,2655,398.25,2,1327.5,GL0005,202408,B3,System,2/14/2026 16:10
1047,8/13/2024,8/13/2024,DOC001047,Invoice,3,5,3,33,,5,3,8939,1340.85,2,4469.5,GL0005,202408,B7,System,2/14/2026 16:10
1049,7/2/2024,7/2/2024,DOC001049,Invoice,5,5,2,20,,5,5,28645,4296.75,7,4092.142857,GL0005,202407,B9,System,2/14/2026 16:10
1050,7/8/2024,7/8/2024,DOC001050,Invoice,1,5,3,31,,5,1,17344,2601.6,9,1927.111111,GL0005,202407,B0,System,2/14/2026 16:10
1055,9/20/2024,9/20/2024,DOC001055,Invoice,1,5,3,36,,5,1,3589,538.35,1,3589,GL0005,202409,B5,System,2/14/2026 16:10
1067,7/6/2024,7/6/2024,DOC001067,Invoice,3,5,2,23,,5,3,36500,5475,10,3650,GL0005,202407,B7,System,2/14/2026 16:10
1073,8/30/2024,8/30/2024,DOC001073,Invoice,1,5,3,26,,5,1,3742,561.3,1,3742,GL0005,202408,B3,System,2/14/2026 16:10
1080,9/12/2024,9/12/2024,DOC001080,Invoice,4,5,2,14,,5,4,27800,4170,10,2780,GL0005,202409,B0,System,2/14/2026 16:10
1088,9/7/2024,9/7/2024,DOC001088,Invoice,3,5,1,8,,5,3,34630,5194.5,7,4947.142857,GL0005,202409,B8,System,2/14/2026 16:10
1112,9/3/2024,9/3/2024,DOC001112,Invoice,1,5,1,36,,5,1,3269,490.35,4,817.25,GL0005,202409,B2,System,2/14/2026 16:10
1123,9/28/2024,9/28/2024,DOC001123,Invoice,4,5,2,9,,5,4,32329,4849.35,9,3592.111111,GL0005,202409,B3,System,2/14/2026 16:10
1126,8/1/2024,8/1/2024,DOC001126,Invoice,3,5,3,8,,5,3,4943,741.45,7,706.1428571,GL0005,202408,B6,System,2/14/2026 16:10
1132,9/9/2024,9/9/2024,DOC001132,Invoice,3,5,1,23,,5,3,31060,4659,10,3106,GL0005,202409,B2,System,2/14/2026 16:10
1142,8/21/2024,8/21/2024,DOC001142,Invoice,2,5,3,32,,5,2,28267,4240.05,7,4038.142857,GL0005,202408,B2,System,2/14/2026 16:10
1146,9/9/2024,9/9/2024,DOC001146,Invoice,4,5,3,34,,5,4,17195,2579.25,5,3439,GL0005,202409,B6,System,2/14/2026 16:10
1153,8/25/2024,8/25/2024,DOC001153,Invoice,3,5,1,3,,5,3,14785,2217.75,8,1848.125,GL0005,202408,B3,System,2/14/2026 16:10
1155,8/31/2024,8/31/2024,DOC001155,Invoice,2,5,2,32,,5,2,36820,5523,9,4091.111111,GL0005,202408,B5,System,2/14/2026 16:10
1166,7/9/2024,7/9/2024,DOC001166,Invoice,5,5,2,35,,5,5,15607,2341.05,6,2601.166667,GL0005,202407,B6,System,2/14/2026 16:10
1169,9/11/2024,9/11/2024,DOC001169,Invoice,4,5,1,19,,5,4,16340,2451,5,3268,GL0005,202409,B9,System,2/14/2026 16:10
1180,8/9/2024,8/9/2024,DOC001180,Invoice,3,5,2,38,,5,3,10340,1551,10,1034,GL0005,202408,B0,System,2/14/2026 16:10
1183,7/13/2024,7/13/2024,DOC001183,Invoice,5,5,1,20,,5,5,13565,2034.75,5,2713,GL0005,202407,B3,System,2/14/2026 16:10
1185,7/12/2024,7/12/2024,DOC001185,Invoice,1,5,1,26,,5,1,34567,5185.05,7,4938.142857,GL0005,202407,B5,System,2/14/2026 16:10
1186,7/6/2024,7/6/2024,DOC001186,Invoice,5,5,1,30,,5,5,2899,434.85,2,1449.5,GL0005,202407,B6,System,2/14/2026 16:10
1203,8/10/2024,8/10/2024,DOC001203,Invoice,3,5,3,8,,5,3,9685,1452.75,6,1614.166667,GL0005,202408,B3,System,2/14/2026 16:10
1219,9/24/2024,9/24/2024,DOC001219,Invoice,1,5,1,11,,5,1,40690,6103.5,10,4069,GL0005,202409,B9,System,2/14/2026 16:10
1225,7/1/2024,7/1/2024,DOC001225,Invoice,5,5,3,40,,5,5,19500,2925,10,1950,GL0005,202407,B5,System,2/14/2026 16:10
1226,8/23/2024,8/23/2024,DOC001226,Invoice,4,5,1,34,,5,4,16340,2451,10,1634,GL0005,202408,B6,System,2/14/2026 16:10
1231,9/3/2024,9/3/2024,DOC001231,Invoice,4,5,1,4,,5,4,24550,3682.5,7,3507.142857,GL0005,202409,B1,System,2/14/2026 16:10
1236,9/25/2024,9/25/2024,DOC001236,Invoice,5,5,1,20,,5,5,6230,934.5,7,890,GL0005,202409,B6,System,2/14/2026 16:10
1260,7/14/2024,7/14/2024,DOC001260,Invoice,1,5,3,16,,5,1,1447,217.05,2,723.5,GL0005,202407,B0,System,2/14/2026 16:10
1266,7/23/2024,7/23/2024,DOC001266,Invoice,2,5,1,7,,5,2,7265,1089.75,2,3632.5,GL0005,202407,B6,System,2/14/2026 16:10
1273,7/6/2024,7/6/2024,DOC001273,Invoice,4,5,1,19,,5,4,18730,2809.5,5,3746,GL0005,202407,B3,System,2/14/2026 16:10
1274,7/22/2024,7/22/2024,DOC001274,Invoice,4,5,3,9,,5,4,14355,2153.25,3,4785,GL0005,202407,B4,System,2/14/2026 16:10
1280,8/19/2024,8/19/2024,DOC001280,Invoice,3,5,3,38,,5,3,23860,3579,5,4772,GL0005,202408,B0,System,2/14/2026 16:10
1287,9/7/2024,9/7/2024,DOC001287,Invoice,5,5,2,10,,5,5,1635,245.25,1,1635,GL0005,202409,B7,System,2/14/2026 16:10
1296,9/12/2024,9/12/2024,DOC001296,Invoice,1,5,2,36,,5,1,12140,1821,4,3035,GL0005,202409,B6,System,2/14/2026 16:10
1299,8/25/2024,8/25/2024,DOC001299,Invoice,5,5,3,20,,5,5,22393,3358.95,6,3732.166667,GL0005,202408,B9,System,2/14/2026 16:10
1304,7/22/2024,7/22/2024,DOC001304,Invoice,4,5,2,14,,5,4,13375,2006.25,6,2229.166667,GL0005,202407,B4,System,2/14/2026 16:10
1306,7/6/2024,7/6/2024,DOC001306,Invoice,5,5,2,15,,5,5,750,112.5,1,750,GL0005,202407,B6,System,2/14/2026 16:10
1311,7/20/2024,7/20/2024,DOC001311,Invoice,4,5,3,39,,5,4,23045,3456.75,7,3292.142857,GL0005,202407,B1,System,2/14/2026 16:10
1319,8/25/2024,8/25/2024,DOC001319,Invoice,4,5,2,4,,5,4,14233,2134.95,3,4744.333333,GL0005,202408,B9,System,2/14/2026 16:10
1322,8/19/2024,8/19/2024,DOC001322,Invoice,5,5,3,40,,5,5,2667,400.05,1,2667,GL0005,202408,B2,System,2/14/2026 16:10
1342,8/28/2024,8/28/2024,DOC001342,Invoice,3,5,3,18,,5,3,34537,5180.55,8,4317.125,GL0005,202408,B2,System,2/14/2026 16:10
1343,8/6/2024,8/6/2024,DOC001343,Invoice,5,5,2,35,,5,5,1277,191.55,1,1277,GL0005,202408,B3,System,2/14/2026 16:10
1351,7/10/2024,7/10/2024,DOC001351,Invoice,2,5,1,17,,5,2,4635,695.25,3,1545,GL0005,202407,B1,System,2/14/2026 16:10
1380,7/29/2024,7/29/2024,DOC001380,Invoice,1,5,1,11,,5,1,4824,723.6,1,4824,GL0005,202407,B0,System,2/14/2026 16:10
1382,9/28/2024,9/28/2024,DOC001382,Invoice,4,5,2,29,,5,4,4479,671.85,2,2239.5,GL0005,202409,B2,System,2/14/2026 16:10
1391,8/18/2024,8/18/2024,DOC001391,Invoice,1,5,1,31,,5,1,7140,1071,10,714,GL0005,202408,B1,System,2/14/2026 16:10
1396,8/21/2024,8/21/2024,DOC001396,Invoice,1,5,2,31,,5,1,17312,2596.8,7,2473.142857,GL0005,202408,B6,System,2/14/2026 16:10
1397,7/23/2024,7/23/2024,DOC001397,Invoice,5,5,2,20,,5,5,40470,6070.5,10,4047,GL0005,202407,B7,System,2/14/2026 16:10
1402,8/19/2024,8/19/2024,DOC001402,Invoice,5,5,1,5,,5,5,2357,353.55,2,1178.5,GL0005,202408,B2,System,2/14/2026 16:10
1407,7/17/2024,7/17/2024,DOC001407,Invoice,3,5,2,28,,5,3,28865,4329.75,8,3608.125,GL0005,202407,B7,System,2/14/2026 16:10
1415,9/21/2024,9/21/2024,DOC001415,Invoice,5,5,2,20,,5,5,4965,744.75,4,1241.25,GL0005,202409,B5,System,2/14/2026 16:10
1419,9/6/2024,9/6/2024,DOC001419,Invoice,5,5,3,35,,5,5,26273,3940.95,8,3284.125,GL0005,202409,B9,System,2/14/2026 16:10
1430,7/29/2024,7/29/2024,DOC001430,Invoice,2,5,1,37,,5,2,9507,1426.05,7,1358.142857,GL0005,202407,B0,System,2/14/2026 16:10
1439,9/22/2024,9/22/2024,DOC001439,Invoice,2,5,1,7,,5,2,21659,3248.85,7,3094.142857,GL0005,202409,B9,System,2/14/2026 16:10
1440,9/2/2024,9/2/2024,DOC001440,Invoice,3,5,1,8,,5,3,4385,657.75,1,4385,GL0005,202409,B0,System,2/14/2026 16:10
1456,8/14/2024,8/14/2024,DOC001456,Invoice,3,5,2,3,,5,3,40410,6061.5,10,4041,GL0005,202408,B6,System,2/14/2026 16:10
1460,7/24/2024,7/24/2024,DOC001460,Invoice,3,5,2,13,,5,3,3819,572.85,2,1909.5,GL0005,202407,B0,System,2/14/2026 16:10
1461,8/6/2024,8/6/2024,DOC001461,Invoice,2,5,1,2,,5,2,26185,3927.75,6,4364.166667,GL0005,202408,B1,System,2/14/2026 16:10
1477,7/19/2024,7/19/2024,DOC001477,Invoice,1,5,1,21,,5,1,2253,337.95,1,2253,GL0005,202407,B7,System,2/14/2026 16:10
1486,8/6/2024,8/6/2024,DOC001486,Invoice,2,5,2,12,,5,2,16993,2548.95,8,2124.125,GL0005,202408,B6,System,2/14/2026 16:10
1495,8/16/2024,8/16/2024,DOC001495,Invoice,1,5,3,16,,5,1,13260,1989,6,2210,GL0005,202408,B5,System,2/14/2026 16:10
1509,7/6/2024,7/6/2024,DOC001509,Invoice,3,5,1,23,,5,3,2970,445.5,1,2970,GL0005,202407,B9,System,2/14/2026 16:10
1541,8/25/2024,8/25/2024,DOC001541,Invoice,4,5,1,19,,5,4,37977,5696.55,8,4747.125,GL0005,202408,B1,System,2/14/2026 16:10
1550,7/19/2024,7/19/2024,DOC001550,Invoice,3,5,2,38,,5,3,2589,388.35,2,1294.5,GL0005,202407,B0,System,2/14/2026 16:10
1551,8/7/2024,8/7/2024,DOC001551,Invoice,5,5,2,40,,5,5,18460,2769,9,2051.111111,GL0005,202408,B1,System,2/14/2026 16:10
1555,9/2/2024,9/2/2024,DOC001555,Invoice,4,5,1,14,,5,4,25217,3782.55,8,3152.125,GL0005,202409,B5,System,2/14/2026 16:10
1568,7/22/2024,7/22/2024,DOC001568,Invoice,3,5,3,3,,5,3,2464,369.6,1,2464,GL0005,202407,B8,System,2/14/2026 16:10
1587,7/25/2024,7/25/2024,DOC001587,Invoice,3,5,3,33,,5,3,30790,4618.5,9,3421.111111,GL0005,202407,B7,System,2/14/2026 16:10
1589,7/15/2024,7/15/2024,DOC001589,Invoice,5,5,2,20,,5,5,8352,1252.8,7,1193.142857,GL0005,202407,B9,System,2/14/2026 16:10
1593,8/3/2024,8/3/2024,DOC001593,Invoice,1,5,2,31,,5,1,14989,2248.35,6,2498.166667,GL0005,202408,B3,System,2/14/2026 16:10
1594,7/30/2024,7/30/2024,DOC001594,Invoice,2,5,3,12,,5,2,15139,2270.85,6,2523.166667,GL0005,202407,B4,System,2/14/2026 16:10
1596,7/16/2024,7/16/2024,DOC001596,Invoice,1,5,1,6,,5,1,7455,1118.25,3,2485,GL0005,202407,B6,System,2/14/2026 16:10
1598,7/26/2024,7/26/2024,DOC001598,Invoice,5,5,1,5,,5,5,49960,7494,10,4996,GL0005,202407,B8,System,2/14/2026 16:10
1607,7/29/2024,7/29/2024,DOC001607,Invoice,1,5,1,26,,5,1,15185,2277.75,8,1898.125,GL0005,202407,B7,System,2/14/2026 16:10
1609,8/5/2024,8/5/2024,DOC001609,Invoice,1,5,3,36,,5,1,1903,285.45,1,1903,GL0005,202408,B9,System,2/14/2026 16:10
1631,7/20/2024,7/20/2024,DOC001631,Invoice,3,5,2,23,,5,3,8253,1237.95,2,4126.5,GL0005,202407,B1,System,2/14/2026 16:10
1641,8/17/2024,8/17/2024,DOC001641,Invoice,2,5,1,17,,5,2,3205,480.75,1,3205,GL0005,202408,B1,System,2/14/2026 16:10
1643,8/1/2024,8/1/2024,DOC001643,Invoice,2,5,1,22,,5,2,17119,2567.85,9,1902.111111,GL0005,202408,B3,System,2/14/2026 16:10
1649,9/28/2024,9/28/2024,DOC001649,Invoice,3,5,1,23,,5,3,3950,592.5,5,790,GL0005,202409,B9,System,2/14/2026 16:10
1662,7/7/2024,7/7/2024,DOC001662,Invoice,5,5,3,35,,5,5,13820,2073,10,1382,GL0005,202407,B2,System,2/14/2026 16:10
1667,7/6/2024,7/6/2024,DOC001667,Invoice,5,5,1,25,,5,5,15350,2302.5,10,1535,GL0005,202407,B7,System,2/14/2026 16:10
1673,8/4/2024,8/4/2024,DOC001673,Invoice,5,5,3,15,,5,5,3107,466.05,2,1553.5,GL0005,202408,B3,System,2/14/2026 16:10
1685,8/10/2024,8/10/2024,DOC001685,Invoice,5,5,1,30,,5,5,5873,880.95,2,2936.5,GL0005,202408,B5,System,2/14/2026 16:10
1686,7/15/2024,7/15/2024,DOC001686,Invoice,2,5,3,12,,5,2,4665,699.75,3,1555,GL0005,202407,B6,System,2/14/2026 16:10
1695,8/12/2024,8/12/2024,DOC001695,Invoice,4,5,3,19,,5,4,31897,4784.55,9,3544.111111,GL0005,202408,B5,System,2/14/2026 16:10
1699,9/24/2024,9/24/2024,DOC001699,Invoice,4,5,3,14,,5,4,29785,4467.75,7,4255,GL0005,202409,B9,System,2/14/2026 16:10
1707,9/19/2024,9/19/2024,DOC001707,Invoice,1,5,3,36,,5,1,21995,3299.25,5,4399,GL0005,202409,B7,System,2/14/2026 16:10
1708,9/9/2024,9/9/2024,DOC001708,Invoice,5,5,1,20,,5,5,10123,1518.45,6,1687.166667,GL0005,202409,B8,System,2/14/2026 16:10
1711,7/4/2024,7/4/2024,DOC001711,Invoice,5,5,1,25,,5,5,5674,851.1,3,1891.333333,GL0005,202407,B1,System,2/14/2026 16:10
1723,8/31/2024,8/31/2024,DOC001723,Invoice,1,5,3,16,,5,1,17769,2665.35,8,2221.125,GL0005,202408,B3,System,2/14/2026 16:10
1724,9/20/2024,9/20/2024,DOC001724,Invoice,5,5,2,35,,5,5,4708,706.2,9,523.1111111,GL0005,202409,B4,System,2/14/2026 16:10
1726,9/18/2024,9/18/2024,DOC001726,Invoice,3,5,1,38,,5,3,2214,332.1,1,2214,GL0005,202409,B6,System,2/14/2026 16:10
1733,8/8/2024,8/8/2024,DOC001733,Invoice,5,5,2,5,,5,5,2939,440.85,2,1469.5,GL0005,202408,B3,System,2/14/2026 16:10
1735,7/16/2024,7/16/2024,DOC001735,Invoice,2,5,1,2,,5,2,32377,4856.55,8,4047.125,GL0005,202407,B5,System,2/14/2026 16:10
1748,7/6/2024,7/6/2024,DOC001748,Invoice,5,5,2,10,,5,5,12619,1892.85,9,1402.111111,GL0005,202407,B8,System,2/14/2026 16:10
1758,7/30/2024,7/30/2024,DOC001758,Invoice,2,5,1,2,,5,2,30380,4557,10,3038,GL0005,202407,B8,System,2/14/2026 16:10
1759,9/11/2024,9/11/2024,DOC001759,Invoice,2,5,3,17,,5,2,4480,672,1,4480,GL0005,202409,B9,System,2/14/2026 16:10
1769,8/4/2024,8/4/2024,DOC001769,Invoice,1,5,2,1,,5,1,32760,4914,9,3640,GL0005,202408,B9,System,2/14/2026 16:10
1787,8/25/2024,8/25/2024,DOC001787,Invoice,1,5,1,6,,5,1,9375,1406.25,3,3125,GL0005,202408,B7,System,2/14/2026 16:10
1791,7/3/2024,7/3/2024,DOC001791,Invoice,3,5,1,3,,5,3,18857,2828.55,8,2357.125,GL0005,202407,B1,System,2/14/2026 16:10
1812,8/25/2024,8/25/2024,DOC001812,Invoice,5,5,2,25,,5,5,8520,1278,2,4260,GL0005,202408,B2,System,2/14/2026 16:10
1815,9/19/2024,9/19/2024,DOC001815,Invoice,1,5,3,31,,5,1,14773,2215.95,3,4924.333333,GL0005,202409,B5,System,2/14/2026 16:10
1817,8/26/2024,8/26/2024,DOC001817,Invoice,4,5,2,14,,5,4,14473,2170.95,4,3618.25,GL0005,202408,B7,System,2/14/2026 16:10
1840,9/24/2024,9/24/2024,DOC001840,Invoice,2,5,1,32,,5,2,7715,1157.25,7,1102.142857,GL0005,202409,B0,System,2/14/2026 16:10
1843,9/15/2024,9/15/2024,DOC001843,Invoice,5,5,2,35,,5,5,6073,910.95,4,1518.25,GL0005,202409,B3,System,2/14/2026 16:10
1851,7/17/2024,7/17/2024,DOC001851,Invoice,5,5,3,30,,5,5,4633,694.95,8,579.125,GL0005,202407,B1,System,2/14/2026 16:10
1854,7/3/2024,7/3/2024,DOC001854,Invoice,1,5,1,6,,5,1,18919,2837.85,6,3153.166667,GL0005,202407,B4,System,2/14/2026 16:10
1855,8/9/2024,8/9/2024,DOC001855,Invoice,4,5,1,24,,5,4,5625,843.75,9,625,GL0005,202408,B5,System,2/14/2026 16:10
1856,9/3/2024,9/3/2024,DOC001856,Invoice,4,5,2,39,,5,4,9049,1357.35,3,3016.333333,GL0005,202409,B6,System,2/14/2026 16:10
1873,7/1/2024,7/1/2024,DOC001873,Invoice,1,5,3,21,,5,1,21150,3172.5,10,2115,GL0005,202407,B3,System,2/14/2026 16:10
1885,9/3/2024,9/3/2024,DOC001885,Invoice,5,5,3,15,,5,5,20485,3072.75,9,2276.111111,GL0005,202409,B5,System,2/14/2026 16:10
1891,9/20/2024,9/20/2024,DOC001891,Invoice,2,5,1,27,,5,2,23400,3510,6,3900,GL0005,202409,B1,System,2/14/2026 16:10
1892,7/14/2024,7/14/2024,DOC001892,Invoice,1,5,1,11,,5,1,26707,4006.05,6,4451.166667,GL0005,202407,B2,System,2/14/2026 16:10
1894,8/24/2024,8/24/2024,DOC001894,Invoice,1,5,3,31,,5,1,38390,5758.5,10,3839,GL0005,202408,B4,System,2/14/2026 16:10
1896,7/28/2024,7/28/2024,DOC001896,Invoice,3,5,2,13,,5,3,6147,922.05,7,878.1428571,GL0005,202407,B6,System,2/14/2026 16:10
1900,8/19/2024,8/19/2024,DOC001900,Invoice,1,5,2,16,,5,1,17449,2617.35,4,4362.25,GL0005,202408,B0,System,2/14/2026 16:10
1902,9/19/2024,9/19/2024,DOC001902,Invoice,3,5,2,28,,5,3,4183,627.45,6,697.1666667,GL0005,202409,B2,System,2/14/2026 16:10
1911,7/6/2024,7/6/2024,DOC001911,Invoice,4,5,1,4,,5,4,3813,571.95,1,3813,GL0005,202407,B1,System,2/14/2026 16:10
1917,7/26/2024,7/26/2024,DOC001917,Invoice,2,5,1,22,,5,2,31710,4756.5,10,3171,GL0005,202407,B7,System,2/14/2026 16:10
1923,9/9/2024,9/9/2024,DOC001923,Invoice,2,5,1,17,,5,2,4157,623.55,2,2078.5,GL0005,202409,B3,System,2/14/2026 16:10
1929,8/2/2024,8/2/2024,DOC001929,Invoice,2,5,1,7,,5,2,14385,2157.75,7,2055,GL0005,202408,B9,System,2/14/2026 16:10
1930,7/7/2024,7/7/2024,DOC001930,Invoice,2,5,2,27,,5,2,13093,1963.95,4,3273.25,GL0005,202407,B0,System,2/14/2026 16:10
1941,7/9/2024,7/9/2024,DOC001941,Invoice,1,5,3,21,,5,1,34040,5106,10,3404,GL0005,202407,B1,System,2/14/2026 16:10
1942,9/10/2024,9/10/2024,DOC001942,Invoice,5,5,3,5,,5,5,19957,2993.55,6,3326.166667,GL0005,202409,B2,System,2/14/2026 16:10
1943,8/10/2024,8/10/2024,DOC001943,Invoice,3,5,1,8,,5,3,2430,364.5,2,1215,GL0005,202408,B3,System,2/14/2026 16:10
1951,9/6/2024,9/6/2024,DOC001951,Invoice,5,5,2,15,,5,5,9513,1426.95,4,2378.25,GL0005,202409,B1,System,2/14/2026 16:10
1967,7/22/2024,7/22/2024,DOC001967,Invoice,4,5,3,24,,5,4,5258,788.7,7,751.1428571,GL0005,202407,B7,System,2/14/2026 16:10
1968,7/4/2024,7/4/2024,DOC001968,Invoice,3,5,3,33,,5,3,30997,4649.55,9,3444.111111,GL0005,202407,B8,System,2/14/2026 16:10
1971,7/14/2024,7/14/2024,DOC001971,Invoice,2,5,2,7,,5,2,4069,610.35,2,2034.5,GL0005,202407,B1,System,2/14/2026 16:10
1973,7/1/2024,7/1/2024,DOC001973,Invoice,5,5,3,35,,5,5,23920,3588,7,3417.142857,GL0005,202407,B3,System,2/14/2026 16:10
1978,9/2/2024,9/2/2024,DOC001978,Invoice,5,5,3,20,,5,5,1892,283.8,1,1892,GL0005,202409,B8,System,2/14/2026 16:10
1992,7/14/2024,7/14/2024,DOC001992,Invoice,2,5,3,37,,5,2,20375,3056.25,5,4075,GL0005,202407,B2,System,2/14/2026 16:10
1997,9/21/2024,9/21/2024,DOC001997,Invoice,4,5,1,24,,5,4,9683,1452.45,2,4841.5,GL0005,202409,B7,System,2/14/2026 16:10
2002,8/29/2024,8/29/2024,DOC002002,Invoice,3,5,2,13,,5,3,1877,281.55,1,1877,GL0005,202408,B2,System,2/14/2026 16:10
2006,8/5/2024,8/5/2024,DOC002006,Invoice,3,5,3,23,,5,3,10783,1617.45,9,1198.111111,GL0005,202408,B6,System,2/14/2026 16:10
2011,9/28/2024,9/28/2024,DOC002011,Invoice,5,5,1,40,,5,5,47420,7113,10,4742,GL0005,202409,B1,System,2/14/2026 16:10
2012,7/4/2024,7/4/2024,DOC002012,Invoice,4,5,3,9,,5,4,23920,3588,7,3417.142857,GL0005,202407,B2,System,2/14/2026 16:10
2015,7/31/2024,7/31/2024,DOC002015,Invoice,5,5,2,10,,5,5,15645,2346.75,7,2235,GL0005,202407,B5,System,2/14/2026 16:10
2021,7/24/2024,7/24/2024,DOC002021,Invoice,4,5,2,14,,5,4,2547,382.05,2,1273.5,GL0005,202407,B1,System,2/14/2026 16:10
2026,8/13/2024,8/13/2024,DOC002026,Invoice,1,5,3,26,,5,1,8367,1255.05,2,4183.5,GL0005,202408,B6,System,2/14/2026 16:10
2027,7/16/2024,7/16/2024,DOC002027,Invoice,5,5,3,40,,5,5,5950,892.5,2,2975,GL0005,202407,B7,System,2/14/2026 16:10
2033,8/16/2024,8/16/2024,DOC002033,Invoice,1,5,1,11,,5,1,16113,2416.95,4,4028.25,GL0005,202408,B3,System,2/14/2026 16:10
2034,8/8/2024,8/8/2024,DOC002034,Invoice,3,5,3,28,,5,3,19670,2950.5,10,1967,GL0005,202408,B4,System,2/14/2026 16:10
2045,9/20/2024,9/20/2024,DOC002045,Invoice,5,5,1,5,,5,5,4945,741.75,8,618.125,GL0005,202409,B5,System,2/14/2026 16:10
2052,7/30/2024,7/30/2024,DOC002052,Invoice,1,5,2,1,,5,1,3964,594.6,3,1321.333333,GL0005,202407,B2,System,2/14/2026 16:10
2056,7/6/2024,7/6/2024,DOC002056,Invoice,2,5,1,17,,5,2,5220,783,10,522,GL0005,202407,B6,System,2/14/2026 16:10
2065,7/27/2024,7/27/2024,DOC002065,Invoice,2,5,3,17,,5,2,28993,4348.95,6,4832.166667,GL0005,202407,B5,System,2/14/2026 16:10
2074,9/16/2024,9/16/2024,DOC002074,Invoice,1,5,3,31,,5,1,4200,630,6,700,GL0005,202409,B4,System,2/14/2026 16:10
2078,7/9/2024,7/9/2024,DOC002078,Invoice,1,5,1,31,,5,1,522,78.3,1,522,GL0005,202407,B8,System,2/14/2026 16:10
2084,7/28/2024,7/28/2024,DOC002084,Invoice,4,5,3,24,,5,4,8553,1282.95,4,2138.25,GL0005,202407,B4,System,2/14/2026 16:10
2087,7/18/2024,7/18/2024,DOC002087,Invoice,1,5,2,16,,5,1,13950,2092.5,5,2790,GL0005,202407,B7,System,2/14/2026 16:10
2088,8/2/2024,8/2/2024,DOC002088,Invoice,1,5,2,26,,5,1,1939,290.85,3,646.3333333,GL0005,202408,B8,System,2/14/2026 16:10
2103,9/22/2024,9/22/2024,DOC002103,Invoice,3,5,3,18,,5,3,14930,2239.5,10,1493,GL0005,202409,B3,System,2/14/2026 16:10
2105,7/23/2024,7/23/2024,DOC002105,Invoice,5,5,3,5,,5,5,5953,892.95,4,1488.25,GL0005,202407,B5,System,2/14/2026 16:10
2108,7/13/2024,7/13/2024,DOC002108,Invoice,3,5,3,18,,5,3,2844,426.6,1,2844,GL0005,202407,B8,System,2/14/2026 16:10
2110,9/7/2024,9/7/2024,DOC002110,Invoice,2,5,3,32,,5,2,31564,4734.6,9,3507.111111,GL0005,202409,B0,System,2/14/2026 16:10
2120,9/8/2024,9/8/2024,DOC002120,Invoice,2,5,2,32,,5,2,4954,743.1,3,1651.333333,GL0005,202409,B0,System,2/14/2026 16:10
2129,7/13/2024,7/13/2024,DOC002129,Invoice,5,5,2,30,,5,5,3855,578.25,5,771,GL0005,202407,B9,System,2/14/2026 16:10
2134,9/14/2024,9/14/2024,DOC002134,Invoice,1,5,1,26,,5,1,4738,710.7,3,1579.333333,GL0005,202409,B4,System,2/14/2026 16:10
2135,9/6/2024,9/6/2024,DOC002135,Invoice,5,5,1,30,,5,5,31095,4664.25,9,3455,GL0005,202409,B5,System,2/14/2026 16:10
2137,9/9/2024,9/9/2024,DOC002137,Invoice,1,5,1,6,,5,1,14205,2130.75,3,4735,GL0005,202409,B7,System,2/14/2026 16:10
2139,9/18/2024,9/18/2024,DOC002139,Invoice,1,5,1,26,,5,1,23440,3516,10,2344,GL0005,202409,B9,System,2/14/2026 16:10
2149,9/11/2024,9/11/2024,DOC002149,Invoice,1,5,3,16,,5,1,35410,5311.5,10,3541,GL0005,202409,B9,System,2/14/2026 16:10
2150,9/28/2024,9/28/2024,DOC002150,Invoice,3,5,3,33,,5,3,29917,4487.55,9,3324.111111,GL0005,202409,B0,System,2/14/2026 16:10
2161,8/6/2024,8/6/2024,DOC002161,Invoice,3,5,3,13,,5,3,21155,3173.25,5,4231,GL0005,202408,B1,System,2/14/2026 16:10
2163,9/9/2024,9/9/2024,DOC002163,Invoice,3,5,1,13,,5,3,2545,381.75,3,848.3333333,GL0005,202409,B3,System,2/14/2026 16:10
2164,9/22/2024,9/22/2024,DOC002164,Invoice,2,5,1,17,,5,2,12415,1862.25,6,2069.166667,GL0005,202409,B4,System,2/14/2026 16:10
2167,9/18/2024,9/18/2024,DOC002167,Invoice,2,5,1,27,,5,2,20625,3093.75,5,4125,GL0005,202409,B7,System,2/14/2026 16:10
2174,7/19/2024,7/19/2024,DOC002174,Invoice,4,5,1,9,,5,4,8685,1302.75,9,965,GL0005,202407,B4,System,2/14/2026 16:10
2179,9/21/2024,9/21/2024,DOC002179,Invoice,5,5,1,10,,5,5,23410,3511.5,9,2601.111111,GL0005,202409,B9,System,2/14/2026 16:10
2181,7/19/2024,7/19/2024,DOC002181,Invoice,4,5,2,29,,5,4,7135,1070.25,6,1189.166667,GL0005,202407,B1,System,2/14/2026 16:10
2186,7/7/2024,7/7/2024,DOC002186,Invoice,3,5,2,28,,5,3,26405,3960.75,7,3772.142857,GL0005,202407,B6,System,2/14/2026 16:10
2193,9/3/2024,9/3/2024,DOC002193,Invoice,2,5,2,37,,5,2,1995,299.25,3,665,GL0005,202409,B3,System,2/14/2026 16:10
2198,8/31/2024,8/31/2024,DOC002198,Invoice,5,5,1,30,,5,5,23472,3520.8,7,3353.142857,GL0005,202408,B8,System,2/14/2026 16:10
2208,7/27/2024,7/27/2024,DOC002208,Invoice,1,5,1,11,,5,1,8527,1279.05,3,2842.333333,GL0005,202407,B8,System,2/14/2026 16:10
2218,9/22/2024,9/22/2024,DOC002218,Invoice,1,5,1,31,,5,1,4229,634.35,1,4229,GL0005,202409,B8,System,2/14/2026 16:10
2242,8/18/2024,8/18/2024,DOC002242,Invoice,4,5,1,9,,5,4,13433,2014.95,8,1679.125,GL0005,202408,B2,System,2/14/2026 16:10
2248,7/25/2024,7/25/2024,DOC002248,Invoice,4,5,2,19,,5,4,10190,1528.5,10,1019,GL0005,202407,B8,System,2/14/2026 16:10
2254,7/26/2024,7/26/2024,DOC002254,Invoice,4,5,1,24,,5,4,5867,880.05,7,838.1428571,GL0005,202407,B4,System,2/14/2026 16:10
2262,8/8/2024,8/8/2024,DOC002262,Invoice,4,5,1,9,,5,4,3828,574.2,1,3828,GL0005,202408,B2,System,2/14/2026 16:10
2279,7/27/2024,7/27/2024,DOC002279,Invoice,2,5,1,32,,5,2,6289,943.35,8,786.125,GL0005,202407,B9,System,2/14/2026 16:10
2280,9/5/2024,9/5/2024,DOC002280,Invoice,5,5,2,5,,5,5,16879,2531.85,6,2813.166667,GL0005,202409,B0,System,2/14/2026 16:10
2291,8/15/2024,8/15/2024,DOC002291,Invoice,1,5,2,1,,5,1,2025,303.75,1,2025,GL0005,202408,B1,System,2/14/2026 16:10
2299,8/15/2024,8/15/2024,DOC002299,Invoice,1,5,1,16,,5,1,2940,441,1,2940,GL0005,202408,B9,System,2/14/2026 16:10
2307,7/21/2024,7/21/2024,DOC002307,Invoice,3,5,3,23,,5,3,6145,921.75,3,2048.333333,GL0005,202407,B7,System,2/14/2026 16:10
2309,9/15/2024,9/15/2024,DOC002309,Invoice,4,5,1,29,,5,4,10700,1605,5,2140,GL0005,202409,B9,System,2/14/2026 16:10
2317,9/9/2024,9/9/2024,DOC002317,Invoice,1,5,3,36,,5,1,28840,4326,8,3605,GL0005,202409,B7,System,2/14/2026 16:10
2318,8/22/2024,8/22/2024,DOC002318,Invoice,2,5,1,2,,5,2,24795,3719.25,5,4959,GL0005,202408,B8,System,2/14/2026 16:10
2325,7/23/2024,7/23/2024,DOC002325,Invoice,2,5,3,2,,5,2,20275,3041.25,5,4055,GL0005,202407,B5,System,2/14/2026 16:10
2340,9/12/2024,9/12/2024,DOC002340,Invoice,4,5,1,14,,5,4,10879,1631.85,7,1554.142857,GL0005,202409,B0,System,2/14/2026 16:10
2348,7/24/2024,7/24/2024,DOC002348,Invoice,1,5,2,26,,5,1,10657,1598.55,3,3552.333333,GL0005,202407,B8,System,2/14/2026 16:10
2378,9/20/2024,9/20/2024,DOC002378,Invoice,2,5,1,22,,5,2,4130,619.5,7,590,GL0005,202409,B8,System,2/14/2026 16:10
2391,8/17/2024,8/17/2024,DOC002391,Invoice,1,5,1,31,,5,1,10477,1571.55,9,1164.111111,GL0005,202408,B1,System,2/14/2026 16:10
2392,8/11/2024,8/11/2024,DOC002392,Invoice,3,5,1,3,,5,3,7039,1055.85,6,1173.166667,GL0005,202408,B2,System,2/14/2026 16:10
2413,8/19/2024,8/19/2024,DOC002413,Invoice,3,5,1,38,,5,3,22845,3426.75,5,4569,GL0005,202408,B3,System,2/14/2026 16:10
2416,7/16/2024,7/16/2024,DOC002416,Invoice,5,5,1,5,,5,5,27090,4063.5,10,2709,GL0005,202407,B6,System,2/14/2026 16:10
2439,7/21/2024,7/21/2024,DOC002439,Invoice,5,5,3,25,,5,5,13685,2052.75,7,1955,GL0005,202407,B9,System,2/14/2026 16:10
2444,7/16/2024,7/16/2024,DOC002444,Invoice,2,5,3,37,,5,2,19349,2902.35,7,2764.142857,GL0005,202407,B4,System,2/14/2026 16:10
2450,9/17/2024,9/17/2024,DOC002450,Invoice,5,5,2,25,,5,5,3705,555.75,3,1235,GL0005,202409,B0,System,2/14/2026 16:10
2466,8/6/2024,8/6/2024,DOC002466,Invoice,5,5,3,20,,5,5,8620,1293,5,1724,GL0005,202408,B6,System,2/14/2026 16:10
2471,7/8/2024,7/8/2024,DOC002471,Invoice,4,5,3,34,,5,4,6190,928.5,3,2063.333333,GL0005,202407,B1,System,2/14/2026 16:10
2474,8/28/2024,8/28/2024,DOC002474,Invoice,3,5,2,8,,5,3,15793,2368.95,8,1974.125,GL0005,202408,B4,System,2/14/2026 16:10
2482,7/23/2024,7/23/2024,DOC002482,Invoice,2,5,2,12,,5,2,980,147,1,980,GL0005,202407,B2,System,2/14/2026 16:10
2487,9/4/2024,9/4/2024,DOC002487,Invoice,2,5,2,12,,5,2,44415,6662.25,9,4935,GL0005,202409,B7,System,2/14/2026 16:10
2491,7/13/2024,7/13/2024,DOC002491,Invoice,5,5,3,10,,5,5,4444,666.6,1,4444,GL0005,202407,B1,System,2/14/2026 16:10
2516,8/10/2024,8/10/2024,DOC002516,Invoice,4,5,3,34,,5,4,22770,3415.5,9,2530,GL0005,202408,B6,System,2/14/2026 16:10
2517,8/12/2024,8/12/2024,DOC002517,Invoice,4,5,1,4,,5,4,37320,5598,8,4665,GL0005,202408,B7,System,2/14/2026 16:10
2529,7/6/2024,7/6/2024,DOC002529,Invoice,4,5,2,29,,5,4,6280,942,7,897.1428571,GL0005,202407,B9,System,2/14/2026 16:10
2532,7/29/2024,7/29/2024,DOC002532,Invoice,2,5,3,17,,5,2,38065,5709.75,8,4758.125,GL0005,202407,B2,System,2/14/2026 16:10
2534,9/12/2024,9/12/2024,DOC002534,Invoice,4,5,1,29,,5,4,25460,3819,7,3637.142857,GL0005,202409,B4,System,2/14/2026 16:10
2540,8/16/2024,8/16/2024,DOC002540,Invoice,1,5,2,21,,5,1,24112,3616.8,9,2679.111111,GL0005,202408,B0,System,2/14/2026 16:10
2548,8/28/2024,8/28/2024,DOC002548,Invoice,5,5,3,40,,5,5,9135,1370.25,7,1305,GL0005,202408,B8,System,2/14/2026 16:10
2562,9/28/2024,9/28/2024,DOC002562,Invoice,3,5,1,28,,5,3,7555,1133.25,6,1259.166667,GL0005,202409,B2,System,2/14/2026 16:10
2572,9/15/2024,9/15/2024,DOC002572,Invoice,1,5,1,6,,5,1,1057,158.55,2,528.5,GL0005,202409,B2,System,2/14/2026 16:10
2577,7/27/2024,7/27/2024,DOC002577,Invoice,4,5,1,34,,5,4,7615,1142.25,2,3807.5,GL0005,202407,B7,System,2/14/2026 16:10
2588,8/12/2024,8/12/2024,DOC002588,Invoice,3,5,3,13,,5,3,34310,5146.5,10,3431,GL0005,202408,B8,System,2/14/2026 16:10
2596,8/31/2024,8/31/2024,DOC002596,Invoice,4,5,1,34,,5,4,18760,2814,10,1876,GL0005,202408,B6,System,2/14/2026 16:10
2604,9/27/2024,9/27/2024,DOC002604,Invoice,1,5,1,21,,5,1,7925,1188.75,4,1981.25,GL0005,202409,B4,System,2/14/2026 16:10
2614,7/26/2024,7/26/2024,DOC002614,Invoice,3,5,1,28,,5,3,9420,1413,6,1570,GL0005,202407,B4,System,2/14/2026 16:10
2618,9/4/2024,9/4/2024,DOC002618,Invoice,2,5,2,2,,5,2,10845,1626.75,4,2711.25,GL0005,202409,B8,System,2/14/2026 16:10
2623,9/10/2024,9/10/2024,DOC002623,Invoice,3,5,3,28,,5,3,3862,579.3,3,1287.333333,GL0005,202409,B3,System,2/14/2026 16:10
2633,7/14/2024,7/14/2024,DOC002633,Invoice,4,5,3,29,,5,4,12230,1834.5,5,2446,GL0005,202407,B3,System,2/14/2026 16:10
2637,7/9/2024,7/9/2024,DOC002637,Invoice,3,5,2,3,,5,3,6230,934.5,10,623,GL0005,202407,B7,System,2/14/2026 16:10
2638,7/19/2024,7/19/2024,DOC002638,Invoice,2,5,2,22,,5,2,10057,1508.55,3,3352.333333,GL0005,202407,B8,System,2/14/2026 16:10
2673,7/4/2024,7/4/2024,DOC002673,Invoice,5,5,2,25,,5,5,15320,2298,10,1532,GL0005,202407,B3,System,2/14/2026 16:10
2685,8/25/2024,8/25/2024,DOC002685,Invoice,2,5,1,7,,5,2,25410,3811.5,10,2541,GL0005,202408,B5,System,2/14/2026 16:10
2694,7/3/2024,7/3/2024,DOC002694,Invoice,3,5,2,13,,5,3,34858,5228.7,9,3873.111111,GL0005,202407,B4,System,2/14/2026 16:10
2714,7/28/2024,7/28/2024,DOC002714,Invoice,5,5,3,5,,5,5,12977,1946.55,8,1622.125,GL0005,202407,B4,System,2/14/2026 16:10
2734,8/14/2024,8/14/2024,DOC002734,Invoice,2,5,2,32,,5,2,2770,415.5,1,2770,GL0005,202408,B4,System,2/14/2026 16:10
2743,9/20/2024,9/20/2024,DOC002743,Invoice,1,5,3,36,,5,1,4543,681.45,6,757.1666667,GL0005,202409,B3,System,2/14/2026 16:10
2750,7/12/2024,7/12/2024,DOC002750,Invoice,3,5,1,38,,5,3,14060,2109,10,1406,GL0005,202407,B0,System,2/14/2026 16:10
2757,8/2/2024,8/2/2024,DOC002757,Invoice,4,5,2,4,,5,4,29097,4364.55,8,3637.125,GL0005,202408,B7,System,2/14/2026 16:10
2761,9/20/2024,9/20/2024,DOC002761,Invoice,1,5,2,11,,5,1,10045,1506.75,6,1674.166667,GL0005,202409,B1,System,2/14/2026 16:10
2767,9/4/2024,9/4/2024,DOC002767,Invoice,5,5,3,10,,5,5,3639,545.85,1,3639,GL0005,202409,B7,System,2/14/2026 16:10
2778,7/28/2024,7/28/2024,DOC002778,Invoice,1,5,1,21,,5,1,13785,2067.75,4,3446.25,GL0005,202407,B8,System,2/14/2026 16:10
2789,8/16/2024,8/16/2024,DOC002789,Invoice,5,5,2,15,,5,5,5445,816.75,5,1089,GL0005,202408,B9,System,2/14/2026 16:10
2793,9/23/2024,9/23/2024,DOC002793,Invoice,5,5,2,30,,5,5,15499,2324.85,6,2583.166667,GL0005,202409,B3,System,2/14/2026 16:10
2801,9/20/2024,9/20/2024,DOC002801,Invoice,1,5,2,36,,5,1,24915,3737.25,5,4983,GL0005,202409,B1,System,2/14/2026 16:10
2816,7/6/2024,7/6/2024,DOC002816,Invoice,3,5,2,28,,5,3,1969,295.35,1,1969,GL0005,202407,B6,System,2/14/2026 16:10
2819,8/22/2024,8/22/2024,DOC002819,Invoice,4,5,2,9,,5,4,14863,2229.45,3,4954.333333,GL0005,202408,B9,System,2/14/2026 16:10
2823,9/27/2024,9/27/2024,DOC002823,Invoice,3,5,1,3,,5,3,21010,3151.5,5,4202,GL0005,202409,B3,System,2/14/2026 16:10
2825,8/14/2024,8/14/2024,DOC002825,Invoice,3,5,2,23,,5,3,18589,2788.35,4,4647.25,GL0005,202408,B5,System,2/14/2026 16:10
2828,8/30/2024,8/30/2024,DOC002828,Invoice,4,5,1,4,,5,4,9870,1480.5,10,987,GL0005,202408,B8,System,2/14/2026 16:10
2852,9/8/2024,9/8/2024,DOC002852,Invoice,2,5,1,22,,5,2,39313,5896.95,9,4368.111111,GL0005,202409,B2,System,2/14/2026 16:10
2858,9/10/2024,9/10/2024,DOC002858,Invoice,1,5,3,6,,5,1,1294,194.1,1,1294,GL0005,202409,B8,System,2/14/2026 16:10
2864,7/22/2024,7/22/2024,DOC002864,Invoice,2,5,2,12,,5,2,2809,421.35,2,1404.5,GL0005,202407,B4,System,2/14/2026 16:10
2865,7/28/2024,7/28/2024,DOC002865,Invoice,1,5,1,6,,5,1,7760,1164,8,970,GL0005,202407,B5,System,2/14/2026 16:10
2868,8/16/2024,8/16/2024,DOC002868,Invoice,2,5,1,2,,5,2,18937,2840.55,4,4734.25,GL0005,202408,B8,System,2/14/2026 16:10
2870,7/15/2024,7/15/2024,DOC002870,Invoice,4,5,2,14,,5,4,6175,926.25,2,3087.5,GL0005,202407,B0,System,2/14/2026 16:10
2892,9/24/2024,9/24/2024,DOC002892,Invoice,2,5,3,22,,5,2,12943,1941.45,6,2157.166667,GL0005,202409,B2,System,2/14/2026 16:10
2903,7/12/2024,7/12/2024,DOC002903,Invoice,5,5,1,25,,5,5,10690,1603.5,3,3563.333333,GL0005,202407,B3,System,2/14/2026 16:10
2917,7/18/2024,7/18/2024,DOC002917,Invoice,4,5,1,9,,5,4,39880,5982,10,3988,GL0005,202407,B7,System,2/14/2026 16:10
2929,8/2/2024,8/2/2024,DOC002929,Invoice,3,5,3,23,,5,3,13729,2059.35,3,4576.333333,GL0005,202408,B9,System,2/14/2026 16:10
2930,7/7/2024,7/7/2024,DOC002930,Invoice,5,5,1,25,,5,5,14248,2137.2,9,1583.111111,GL0005,202407,B0,System,2/14/2026 16:10
2932,7/19/2024,7/19/2024,DOC002932,Invoice,1,5,3,1,,5,1,19940,2991,10,1994,GL0005,202407,B2,System,2/14/2026 16:10
2935,9/8/2024,9/8/2024,DOC002935,Invoice,1,5,1,11,,5,1,15030,2254.5,9,1670,GL0005,202409,B5,System,2/14/2026 16:10
2943,7/27/2024,7/27/2024,DOC002943,Invoice,4,5,1,24,,5,4,24725,3708.75,7,3532.142857,GL0005,202407,B3,System,2/14/2026 16:10
2961,7/7/2024,7/7/2024,DOC002961,Invoice,2,5,2,37,,5,2,18900,2835,9,2100,GL0005,202407,B1,System,2/14/2026 16:10
2964,9/19/2024,9/19/2024,DOC002964,Invoice,3,5,3,38,,5,3,31945,4791.75,8,3993.125,GL0005,202409,B4,System,2/14/2026 16:10
2970,8/1/2024,8/1/2024,DOC002970,Invoice,1,5,3,21,,5,1,2932,439.8,1,2932,GL0005,202408,B0,System,2/14/2026 16:10
2973,8/10/2024,8/10/2024,DOC002973,Invoice,5,5,2,35,,5,5,11550,1732.5,5,2310,GL0005,202408,B3,System,2/14/2026 16:10
2978,9/10/2024,9/10/2024,DOC002978,Invoice,2,5,3,7,,5,2,26430,3964.5,10,2643,GL0005,202409,B8,System,2/14/2026 16:10
2988,8/4/2024,8/4/2024,DOC002988,Invoice,2,5,1,7,,5,2,4049,607.35,1,4049,GL0005,202408,B8,System,2/14/2026 16:10
2991,8/25/2024,8/25/2024,DOC002991,Invoice,5,5,3,40,,5,5,4077,611.55,2,2038.5,GL0005,202408,B1,System,2/14/2026 16:10
2999,8/18/2024,8/18/2024,DOC002999,Invoice,5,5,1,15,,5,5,9275,1391.25,2,4637.5,GL0005,202408,B9,System,2/14/2026 16:10
3001,7/14/2024,7/14/2024,DOC003001,Invoice,4,5,2,9,,5,4,7045,1056.75,3,2348.333333,GL0005,202407,B1,System,2/14/2026 16:10
3014,8/24/2024,8/24/2024,DOC003014,Invoice,5,5,2,20,,5,5,27873,4180.95,8,3484.125,GL0005,202408,B4,System,2/14/2026 16:10
3022,7/17/2024,7/17/2024,DOC003022,Invoice,2,5,2,37,,5,2,14713,2206.95,4,3678.25,GL0005,202407,B2,System,2/14/2026 16:10
3032,7/15/2024,7/15/2024,DOC003032,Invoice,2,5,1,7,,5,2,6470,970.5,10,647,GL0005,202407,B2,System,2/14/2026 16:10
3035,7/26/2024,7/26/2024,DOC003035,Invoice,3,5,1,3,,5,3,3279,491.85,1,3279,GL0005,202407,B5,System,2/14/2026 16:10
3046,7/11/2024,7/11/2024,DOC003046,Invoice,2,5,2,7,,5,2,9514,1427.1,3,3171.333333,GL0005,202407,B6,System,2/14/2026 16:10
3069,9/24/2024,9/24/2024,DOC003069,Invoice,2,5,1,7,,5,2,34329,5149.35,8,4291.125,GL0005,202409,B9,System,2/14/2026 16:10
3088,8/9/2024,8/9/2024,DOC003088,Invoice,4,5,2,4,,5,4,5300,795,4,1325,GL0005,202408,B8,System,2/14/2026 16:10
3091,9/7/2024,9/7/2024,DOC003091,Invoice,4,5,3,14,,5,4,4553,682.95,2,2276.5,GL0005,202409,B1,System,2/14/2026 16:10
3097,7/7/2024,7/7/2024,DOC003097,Invoice,4,5,2,9,,5,4,4965,744.75,1,4965,GL0005,202407,B7,System,2/14/2026 16:10
3114,9/9/2024,9/9/2024,DOC003114,Invoice,3,5,3,28,,5,3,580,87,1,580,GL0005,202409,B4,System,2/14/2026 16:10
3117,8/9/2024,8/9/2024,DOC003117,Invoice,4,5,3,9,,5,4,4570,685.5,3,1523.333333,GL0005,202408,B7,System,2/14/2026 16:10
3123,7/20/2024,7/20/2024,DOC003123,Invoice,3,5,1,8,,5,3,9250,1387.5,2,4625,GL0005,202407,B3,System,2/14/2026 16:10
3137,8/23/2024,8/23/2024,DOC003137,Invoice,2,5,2,32,,5,2,39079,5861.85,9,4342.111111,GL0005,202408,B7,System,2/14/2026 16:10
3138,9/5/2024,9/5/2024,DOC003138,Invoice,5,5,2,30,,5,5,8875,1331.25,5,1775,GL0005,202409,B8,System,2/14/2026 16:10
3153,9/1/2024,9/1/2024,DOC003153,Invoice,1,5,3,11,,5,1,5520,828,4,1380,GL0005,202409,B3,System,2/14/2026 16:10
3169,9/21/2024,9/21/2024,DOC003169,Invoice,1,5,1,36,,5,1,14773,2215.95,6,2462.166667,GL0005,202409,B9,System,2/14/2026 16:10
3170,8/19/2024,8/19/2024,DOC003170,Invoice,4,5,3,24,,5,4,2963,444.45,1,2963,GL0005,202408,B0,System,2/14/2026 16:10
3179,7/15/2024,7/15/2024,DOC003179,Invoice,4,5,1,29,,5,4,24739,3710.85,7,3534.142857,GL0005,202407,B9,System,2/14/2026 16:10
3190,9/23/2024,9/23/2024,DOC003190,Invoice,5,5,3,40,,5,5,22890,3433.5,10,2289,GL0005,202409,B0,System,2/14/2026 16:10
3215,8/23/2024,8/23/2024,DOC003215,Invoice,5,5,2,20,,5,5,4695,704.25,5,939,GL0005,202408,B5,System,2/14/2026 16:10
3223,7/29/2024,7/29/2024,DOC003223,Invoice,3,5,3,33,,5,3,39375,5906.25,9,4375,GL0005,202407,B3,System,2/14/2026 16:10
3247,9/2/2024,9/2/2024,DOC003247,Invoice,4,5,3,4,,5,4,17009,2551.35,4,4252.25,GL0005,202409,B7,System,2/14/2026 16:10
3262,9/26/2024,9/26/2024,DOC003262,Invoice,2,5,3,22,,5,2,9025,1353.75,4,2256.25,GL0005,202409,B2,System,2/14/2026 16:10
3264,7/28/2024,7/28/2024,DOC003264,Invoice,3,5,3,13,,5,3,2775,416.25,1,2775,GL0005,202407,B4,System,2/14/2026 16:10
3280,8/5/2024,8/5/2024,DOC003280,Invoice,5,5,3,10,,5,5,1617,242.55,1,1617,GL0005,202408,B0,System,2/14/2026 16:10
3282,9/27/2024,9/27/2024,DOC003282,Invoice,3,5,2,28,,5,3,37230,5584.5,10,3723,GL0005,202409,B2,System,2/14/2026 16:10
3283,8/19/2024,8/19/2024,DOC003283,Invoice,2,5,1,22,,5,2,20915,3137.25,5,4183,GL0005,202408,B3,System,2/14/2026 16:10
3290,8/23/2024,8/23/2024,DOC003290,Invoice,3,5,3,38,,5,3,25912,3886.8,9,2879.111111,GL0005,202408,B0,System,2/14/2026 16:10
3294,8/6/2024,8/6/2024,DOC003294,Invoice,2,5,3,27,,5,2,9809,1471.35,4,2452.25,GL0005,202408,B4,System,2/14/2026 16:10
3305,8/29/2024,8/29/2024,DOC003305,Invoice,5,5,3,10,,5,5,24850,3727.5,5,4970,GL0005,202408,B5,System,2/14/2026 16:10
3313,8/15/2024,8/15/2024,DOC003313,Invoice,2,5,3,17,,5,2,23633,3544.95,7,3376.142857,GL0005,202408,B3,System,2/14/2026 16:10
3323,9/3/2024,9/3/2024,DOC003323,Invoice,2,5,1,37,,5,2,3782,567.3,1,3782,GL0005,202409,B3,System,2/14/2026 16:10
3347,9/5/2024,9/5/2024,DOC003347,Invoice,2,5,2,32,,5,2,24893,3733.95,7,3556.142857,GL0005,202409,B7,System,2/14/2026 16:10
3350,8/14/2024,8/14/2024,DOC003350,Invoice,4,5,2,29,,5,4,11129,1669.35,8,1391.125,GL0005,202408,B0,System,2/14/2026 16:10
3365,8/31/2024,8/31/2024,DOC003365,Invoice,3,5,3,28,,5,3,5239,785.85,2,2619.5,GL0005,202408,B5,System,2/14/2026 16:10
3368,9/19/2024,9/19/2024,DOC003368,Invoice,1,5,3,31,,5,1,5377,806.55,6,896.1666667,GL0005,202409,B8,System,2/14/2026 16:10
3369,7/21/2024,7/21/2024,DOC003369,Invoice,1,5,2,11,,5,1,6673,1000.95,6,1112.166667,GL0005,202407,B9,System,2/14/2026 16:10
3376,7/23/2024,7/23/2024,DOC003376,Invoice,5,5,1,25,,5,5,5739,860.85,2,2869.5,GL0005,202407,B6,System,2/14/2026 16:10
3383,9/5/2024,9/5/2024,DOC003383,Invoice,1,5,3,26,,5,1,8480,1272,2,4240,GL0005,202409,B3,System,2/14/2026 16:10
3388,9/22/2024,9/22/2024,DOC003388,Invoice,2,5,1,37,,5,2,25747,3862.05,6,4291.166667,GL0005,202409,B8,System,2/14/2026 16:10
3419,7/16/2024,7/16/2024,DOC003419,Invoice,5,5,3,20,,5,5,29674,4451.1,9,3297.111111,GL0005,202407,B9,System,2/14/2026 16:10
3434,8/11/2024,8/11/2024,DOC003434,Invoice,1,5,3,21,,5,1,24127,3619.05,6,4021.166667,GL0005,202408,B4,System,2/14/2026 16:10
3435,7/22/2024,7/22/2024,DOC003435,Invoice,1,5,3,1,,5,1,42370,6355.5,10,4237,GL0005,202407,B5,System,2/14/2026 16:10
3436,8/27/2024,8/27/2024,DOC003436,Invoice,2,5,1,37,,5,2,12540,1881,4,3135,GL0005,202408,B6,System,2/14/2026 16:10
3444,9/7/2024,9/7/2024,DOC003444,Invoice,4,5,3,39,,5,4,12955,1943.25,3,4318.333333,GL0005,202409,B4,System,2/14/2026 16:10
3448,8/27/2024,8/27/2024,DOC003448,Invoice,4,5,2,4,,5,4,2027,304.05,2,1013.5,GL0005,202408,B8,System,2/14/2026 16:10
3461,9/1/2024,9/1/2024,DOC003461,Invoice,1,5,3,6,,5,1,14593,2188.95,3,4864.333333,GL0005,202409,B1,System,2/14/2026 16:10
3473,7/11/2024,7/11/2024,DOC003473,Invoice,1,5,3,11,,5,1,15105,2265.75,4,3776.25,GL0005,202407,B3,System,2/14/2026 16:10
3474,8/31/2024,8/31/2024,DOC003474,Invoice,2,5,3,22,,5,2,9713,1456.95,4,2428.25,GL0005,202408,B4,System,2/14/2026 16:10
3476,9/20/2024,9/20/2024,DOC003476,Invoice,2,5,3,37,,5,2,9442,1416.3,9,1049.111111,GL0005,202409,B6,System,2/14/2026 16:10
3478,7/19/2024,7/19/2024,DOC003478,Invoice,5,5,3,40,,5,5,7020,1053,3,2340,GL0005,202407,B8,System,2/14/2026 16:10
3513,7/8/2024,7/8/2024,DOC003513,Invoice,4,5,3,29,,5,4,43965,6594.75,9,4885,GL0005,202407,B3,System,2/14/2026 16:10
3520,7/14/2024,7/14/2024,DOC003520,Invoice,5,5,3,15,,5,5,6053,907.95,4,1513.25,GL0005,202407,B0,System,2/14/2026 16:10
3527,8/29/2024,8/29/2024,DOC003527,Invoice,1,5,2,26,,5,1,38760,5814,8,4845,GL0005,202408,B7,System,2/14/2026 16:10
3528,9/16/2024,9/16/2024,DOC003528,Invoice,5,5,1,25,,5,5,5170,775.5,5,1034,GL0005,202409,B8,System,2/14/2026 16:10
3529,9/2/2024,9/2/2024,DOC003529,Invoice,2,5,3,7,,5,2,16039,2405.85,9,1782.111111,GL0005,202409,B9,System,2/14/2026 16:10
3532,8/9/2024,8/9/2024,DOC003532,Invoice,4,5,2,19,,5,4,25879,3881.85,6,4313.166667,GL0005,202408,B2,System,2/14/2026 16:10
3540,8/8/2024,8/8/2024,DOC003540,Invoice,3,5,2,23,,5,3,30230,4534.5,10,3023,GL0005,202408,B0,System,2/14/2026 16:10
3553,7/3/2024,7/3/2024,DOC003553,Invoice,4,5,1,39,,5,4,15853,2377.95,4,3963.25,GL0005,202407,B3,System,2/14/2026 16:10
3556,7/3/2024,7/3/2024,DOC003556,Invoice,3,5,2,3,,5,3,9355,1403.25,2,4677.5,GL0005,202407,B6,System,2/14/2026 16:10
3564,8/15/2024,8/15/2024,DOC003564,Invoice,3,5,3,38,,5,3,37000,5550,9,4111.111111,GL0005,202408,B4,System,2/14/2026 16:10
3571,7/27/2024,7/27/2024,DOC003571,Invoice,4,5,2,29,,5,4,31625,4743.75,8,3953.125,GL0005,202407,B1,System,2/14/2026 16:10
3580,9/27/2024,9/27/2024,DOC003580,Invoice,3,5,3,13,,5,3,48570,7285.5,10,4857,GL0005,202409,B0,System,2/14/2026 16:10
3586,7/24/2024,7/24/2024,DOC003586,Invoice,5,5,3,40,,5,5,4659,698.85,1,4659,GL0005,202407,B6,System,2/14/2026 16:10
3589,7/17/2024,7/17/2024,DOC003589,Invoice,4,5,1,34,,5,4,5490,823.5,5,1098,GL0005,202407,B9,System,2/14/2026 16:10
3597,8/25/2024,8/25/2024,DOC003597,Invoice,3,5,1,3,,5,3,20392,3058.8,7,2913.142857,GL0005,202408,B7,System,2/14/2026 16:10
3601,9/25/2024,9/25/2024,DOC003601,Invoice,3,5,2,28,,5,3,3163,474.45,1,3163,GL0005,202409,B1,System,2/14/2026 16:10
3603,9/9/2024,9/9/2024,DOC003603,Invoice,1,5,1,26,,5,1,1849,277.35,2,924.5,GL0005,202409,B3,System,2/14/2026 16:10
3605,7/12/2024,7/12/2024,DOC003605,Invoice,4,5,3,9,,5,4,39737,5960.55,8,4967.125,GL0005,202407,B5,System,2/14/2026 16:10
3644,9/22/2024,9/22/2024,DOC003644,Invoice,1,5,1,16,,5,1,28225,4233.75,9,3136.111111,GL0005,202409,B4,System,2/14/2026 16:10
3656,8/30/2024,8/30/2024,DOC003656,Invoice,2,5,3,2,,5,2,17680,2652,4,4420,GL0005,202408,B6,System,2/14/2026 16:10
3695,8/8/2024,8/8/2024,DOC003695,Invoice,3,5,2,28,,5,3,17395,2609.25,5,3479,GL0005,202408,B5,System,2/14/2026 16:10
3703,8/17/2024,8/17/2024,DOC003703,Invoice,1,5,3,1,,5,1,40090,6013.5,10,4009,GL0005,202408,B3,System,2/14/2026 16:10
3711,7/22/2024,7/22/2024,DOC003711,Invoice,2,5,1,32,,5,2,4315,647.25,5,863,GL0005,202407,B1,System,2/14/2026 16:10
3716,7/20/2024,7/20/2024,DOC003716,Invoice,2,5,1,12,,5,2,23947,3592.05,6,3991.166667,GL0005,202407,B6,System,2/14/2026 16:10
3721,8/30/2024,8/30/2024,DOC003721,Invoice,3,5,2,28,,5,3,5587,838.05,3,1862.333333,GL0005,202408,B1,System,2/14/2026 16:10
3722,7/12/2024,7/12/2024,DOC003722,Invoice,3,5,2,3,,5,3,11040,1656,4,2760,GL0005,202407,B2,System,2/14/2026 16:10
3728,9/17/2024,9/17/2024,DOC003728,Invoice,2,5,2,2,,5,2,8640,1296,9,960,GL0005,202409,B8,System,2/14/2026 16:10
3734,8/18/2024,8/18/2024,DOC003734,Invoice,1,5,3,36,,5,1,13763,2064.45,7,1966.142857,GL0005,202408,B4,System,2/14/2026 16:10
3740,7/6/2024,7/6/2024,DOC003740,Invoice,4,5,3,4,,5,4,4639,695.85,2,2319.5,GL0005,202407,B0,System,2/14/2026 16:10
3744,8/7/2024,8/7/2024,DOC003744,Invoice,4,5,3,4,,5,4,20920,3138,10,2092,GL0005,202408,B4,System,2/14/2026 16:10
3749,8/19/2024,8/19/2024,DOC003749,Invoice,2,5,1,2,,5,2,8977,1346.55,4,2244.25,GL0005,202408,B9,System,2/14/2026 16:10
3773,8/10/2024,8/10/2024,DOC003773,Invoice,1,5,1,31,,5,1,25510,3826.5,10,2551,GL0005,202408,B3,System,2/14/2026 16:10
3783,7/3/2024,7/3/2024,DOC003783,Invoice,4,5,2,19,,5,4,15625,2343.75,6,2604.166667,GL0005,202407,B3,System,2/14/2026 16:10
3784,7/17/2024,7/17/2024,DOC003784,Invoice,5,5,2,10,,5,5,14974,2246.1,7,2139.142857,GL0005,202407,B4,System,2/14/2026 16:10
3786,8/27/2024,8/27/2024,DOC003786,Invoice,3,5,1,18,,5,3,2077,311.55,4,519.25,GL0005,202408,B6,System,2/14/2026 16:10
3804,8/28/2024,8/28/2024,DOC003804,Invoice,5,5,1,25,,5,5,6073,910.95,3,2024.333333,GL0005,202408,B4,System,2/14/2026 16:10
3807,9/2/2024,9/2/2024,DOC003807,Invoice,1,5,2,21,,5,1,7800,1170,4,1950,GL0005,202409,B7,System,2/14/2026 16:10
3812,8/17/2024,8/17/2024,DOC003812,Invoice,4,5,2,39,,5,4,20980,3147,9,2331.111111,GL0005,202408,B2,System,2/14/2026 16:10
3818,7/22/2024,7/22/2024,DOC003818,Invoice,3,5,2,38,,5,3,1060,159,1,1060,GL0005,202407,B8,System,2/14/2026 16:10
3825,7/1/2024,7/1/2024,DOC003825,Invoice,4,5,2,34,,5,4,22604,3390.6,7,3229.142857,GL0005,202407,B5,System,2/14/2026 16:10
3827,7/20/2024,7/20/2024,DOC003827,Invoice,2,5,2,32,,5,2,1240,186,1,1240,GL0005,202407,B7,System,2/14/2026 16:10
3832,8/3/2024,8/3/2024,DOC003832,Invoice,5,5,1,5,,5,5,25417,3812.55,9,2824.111111,GL0005,202408,B2,System,2/14/2026 16:10
3835,7/27/2024,7/27/2024,DOC003835,Invoice,1,5,2,1,,5,1,11575,1736.25,6,1929.166667,GL0005,202407,B5,System,2/14/2026 16:10
3837,8/30/2024,8/30/2024,DOC003837,Invoice,2,5,1,32,,5,2,5970,895.5,10,597,GL0005,202408,B7,System,2/14/2026 16:10
3845,7/30/2024,7/30/2024,DOC003845,Invoice,2,5,3,32,,5,2,9540,1431,4,2385,GL0005,202407,B5,System,2/14/2026 16:10
3866,8/13/2024,8/13/2024,DOC003866,Invoice,2,5,2,27,,5,2,4150,622.5,5,830,GL0005,202408,B6,System,2/14/2026 16:10
3882,8/15/2024,8/15/2024,DOC003882,Invoice,2,5,1,12,,5,2,14630,2194.5,5,2926,GL0005,202408,B2,System,2/14/2026 16:10
3887,7/17/2024,7/17/2024,DOC003887,Invoice,3,5,3,38,,5,3,19039,2855.85,6,3173.166667,GL0005,202407,B7,System,2/14/2026 16:10
3889,7/14/2024,7/14/2024,DOC003889,Invoice,5,5,3,30,,5,5,17349,2602.35,4,4337.25,GL0005,202407,B9,System,2/14/2026 16:10
3894,7/25/2024,7/25/2024,DOC003894,Invoice,2,5,3,7,,5,2,3910,586.5,3,1303.333333,GL0005,202407,B4,System,2/14/2026 16:10
3903,8/9/2024,8/9/2024,DOC003903,Invoice,3,5,3,28,,5,3,18377,2756.55,8,2297.125,GL0005,202408,B3,System,2/14/2026 16:10
3908,9/14/2024,9/14/2024,DOC003908,Invoice,2,5,3,7,,5,2,9007,1351.05,3,3002.333333,GL0005,202409,B8,System,2/14/2026 16:10
3931,8/5/2024,8/5/2024,DOC003931,Invoice,1,5,1,26,,5,1,17185,2577.75,7,2455,GL0005,202408,B1,System,2/14/2026 16:10
3935,7/20/2024,7/20/2024,DOC003935,Invoice,3,5,2,38,,5,3,4847,727.05,1,4847,GL0005,202407,B5,System,2/14/2026 16:10
3952,7/19/2024,7/19/2024,DOC003952,Invoice,1,5,1,31,,5,1,4837,725.55,2,2418.5,GL0005,202407,B2,System,2/14/2026 16:10
3973,9/6/2024,9/6/2024,DOC003973,Invoice,1,5,3,31,,5,1,16849,2527.35,4,4212.25,GL0005,202409,B3,System,2/14/2026 16:10
3978,9/27/2024,9/27/2024,DOC003978,Invoice,1,5,1,31,,5,1,3085,462.75,2,1542.5,GL0005,202409,B8,System,2/14/2026 16:10
3982,7/30/2024,7/30/2024,DOC003982,Invoice,1,5,2,21,,5,1,12257,1838.55,4,3064.25,GL0005,202407,B2,System,2/14/2026 16:10
3992,8/19/2024,8/19/2024,DOC003992,Invoice,2,5,3,22,,5,2,30583,4587.45,9,3398.111111,GL0005,202408,B2,System,2/14/2026 16:10
3996,9/12/2024,9/12/2024,DOC003996,Invoice,2,5,1,22,,5,2,17769,2665.35,4,4442.25,GL0005,202409,B6,System,2/14/2026 16:10
3998,8/10/2024,8/10/2024,DOC003998,Invoice,4,5,2,34,,5,4,36190,5428.5,10,3619,GL0005,202408,B8,System,2/14/2026 16:10
3999,8/28/2024,8/28/2024,DOC003999,Invoice,2,5,3,32,,5,2,5307,796.05,7,758.1428571,GL0005,202408,B9,System,2/14/2026 16:10
4001,8/24/2024,8/24/2024,DOC004001,Invoice,5,5,3,15,,5,5,1327,199.05,1,1327,GL0005,202408,B1,System,2/14/2026 16:10
4008,8/5/2024,8/5/2024,DOC004008,Invoice,2,5,2,7,,5,2,19335,2900.25,5,3867,GL0005,202408,B8,System,2/14/2026 16:10
4026,9/9/2024,9/9/2024,DOC004026,Invoice,3,5,2,3,,5,3,14218,2132.7,3,4739.333333,GL0005,202409,B6,System,2/14/2026 16:10
4028,8/22/2024,8/22/2024,DOC004028,Invoice,5,5,2,10,,5,5,15418,2312.7,9,1713.111111,GL0005,202408,B8,System,2/14/2026 16:10
4029,8/25/2024,8/25/2024,DOC004029,Invoice,2,5,1,32,,5,2,22990,3448.5,10,2299,GL0005,202408,B9,System,2/14/2026 16:10
4038,9/24/2024,9/24/2024,DOC004038,Invoice,5,5,1,35,,5,5,43335,6500.25,9,4815,GL0005,202409,B8,System,2/14/2026 16:10
4051,8/24/2024,8/24/2024,DOC004051,Invoice,3,5,1,38,,5,3,7685,1152.75,4,1921.25,GL0005,202408,B1,System,2/14/2026 16:10
4065,9/20/2024,9/20/2024,DOC004065,Invoice,1,5,2,11,,5,1,27280,4092,8,3410,GL0005,202409,B5,System,2/14/2026 16:10
4073,8/23/2024,8/23/2024,DOC004073,Invoice,4,5,1,29,,5,4,6960,1044,3,2320,GL0005,202408,B3,System,2/14/2026 16:10
4082,9/7/2024,9/7/2024,DOC004082,Invoice,5,5,1,15,,5,5,14735,2210.25,5,2947,GL0005,202409,B2,System,2/14/2026 16:10
4086,7/31/2024,7/31/2024,DOC004086,Invoice,2,5,2,12,,5,2,24590,3688.5,5,4918,GL0005,202407,B6,System,2/14/2026 16:10
4087,9/8/2024,9/8/2024,DOC004087,Invoice,5,5,2,35,,5,5,25880,3882,10,2588,GL0005,202409,B7,System,2/14/2026 16:10
4091,8/13/2024,8/13/2024,DOC004091,Invoice,5,5,3,25,,5,5,3769,565.35,4,942.25,GL0005,202408,B1,System,2/14/2026 16:10
4096,9/27/2024,9/27/2024,DOC004096,Invoice,5,5,2,15,,5,5,28809,4321.35,8,3601.125,GL0005,202409,B6,System,2/14/2026 16:10
4097,7/6/2024,7/6/2024,DOC004097,Invoice,5,5,3,25,,5,5,3599,539.85,1,3599,GL0005,202407,B7,System,2/14/2026 16:10
4106,9/9/2024,9/9/2024,DOC004106,Invoice,3,5,1,18,,5,3,8728,1309.2,3,2909.333333,GL0005,202409,B6,System,2/14/2026 16:10
4115,7/31/2024,7/31/2024,DOC004115,Invoice,3,5,3,38,,5,3,1965,294.75,1,1965,GL0005,202407,B5,System,2/14/2026 16:10
4122,7/24/2024,7/24/2024,DOC004122,Invoice,1,5,1,6,,5,1,10797,1619.55,4,2699.25,GL0005,202407,B2,System,2/14/2026 16:10
4140,7/19/2024,7/19/2024,DOC004140,Invoice,1,5,1,16,,5,1,21330,3199.5,5,4266,GL0005,202407,B0,System,2/14/2026 16:10
4143,8/9/2024,8/9/2024,DOC004143,Invoice,1,5,2,31,,5,1,11422,1713.3,9,1269.111111,GL0005,202408,B3,System,2/14/2026 16:10
4155,9/25/2024,9/25/2024,DOC004155,Invoice,5,5,3,40,,5,5,7477,1121.55,6,1246.166667,GL0005,202409,B5,System,2/14/2026 16:10
4156,8/23/2024,8/23/2024,DOC004156,Invoice,5,5,1,15,,5,5,715,107.25,1,715,GL0005,202408,B6,System,2/14/2026 16:10
4172,8/3/2024,8/3/2024,DOC004172,Invoice,4,5,1,34,,5,4,13850,2077.5,10,1385,GL0005,202408,B2,System,2/14/2026 16:10
4174,7/7/2024,7/7/2024,DOC004174,Invoice,3,5,3,3,,5,3,5469,820.35,2,2734.5,GL0005,202407,B4,System,2/14/2026 16:10
4178,7/18/2024,7/18/2024,DOC004178,Invoice,5,5,2,20,,5,5,8909,1336.35,2,4454.5,GL0005,202407,B8,System,2/14/2026 16:10
4181,7/14/2024,7/14/2024,DOC004181,Invoice,4,5,2,4,,5,4,15355,2303.25,9,1706.111111,GL0005,202407,B1,System,2/14/2026 16:10
4186,7/6/2024,7/6/2024,DOC004186,Invoice,5,5,2,35,,5,5,20077,3011.55,7,2868.142857,GL0005,202407,B6,System,2/14/2026 16:10
4190,7/22/2024,7/22/2024,DOC004190,Invoice,5,5,2,25,,5,5,14729,2209.35,4,3682.25,GL0005,202407,B0,System,2/14/2026 16:10
4192,7/4/2024,7/4/2024,DOC004192,Invoice,4,5,2,9,,5,4,19155,2873.25,5,3831,GL0005,202407,B2,System,2/14/2026 16:10
4204,8/13/2024,8/13/2024,DOC004204,Invoice,2,5,3,7,,5,2,22500,3375,5,4500,GL0005,202408,B4,System,2/14/2026 16:10
4206,9/20/2024,9/20/2024,DOC004206,Invoice,4,5,1,39,,5,4,19009,2851.35,9,2112.111111,GL0005,202409,B6,System,2/14/2026 16:10
4215,9/26/2024,9/26/2024,DOC004215,Invoice,5,5,2,30,,5,5,12700,1905,5,2540,GL0005,202409,B5,System,2/14/2026 16:10
4219,7/29/2024,7/29/2024,DOC004219,Invoice,1,5,1,6,,5,1,2982,447.3,1,2982,GL0005,202407,B9,System,2/14/2026 16:10
4220,8/6/2024,8/6/2024,DOC004220,Invoice,3,5,3,33,,5,3,34174,5126.1,9,3797.111111,GL0005,202408,B0,System,2/14/2026 16:10
4222,8/11/2024,8/11/2024,DOC004222,Invoice,1,5,2,21,,5,1,7260,1089,3,2420,GL0005,202408,B2,System,2/14/2026 16:10
4223,8/3/2024,8/3/2024,DOC004223,Invoice,3,5,3,28,,5,3,6859,1028.85,6,1143.166667,GL0005,202408,B3,System,2/14/2026 16:10
4226,7/5/2024,7/5/2024,DOC004226,Invoice,5,5,2,40,,5,5,40384,6057.6,9,4487.111111,GL0005,202407,B6,System,2/14/2026 16:10
4247,8/10/2024,8/10/2024,DOC004247,Invoice,1,5,3,6,,5,1,25147,3772.05,9,2794.111111,GL0005,202408,B7,System,2/14/2026 16:10
4249,9/27/2024,9/27/2024,DOC004249,Invoice,1,5,3,21,,5,1,9230,1384.5,2,4615,GL0005,202409,B9,System,2/14/2026 16:10
4259,7/1/2024,7/1/2024,DOC004259,Invoice,4,5,1,39,,5,4,16680,2502,5,3336,GL0005,202407,B9,System,2/14/2026 16:10
4264,7/11/2024,7/11/2024,DOC004264,Invoice,3,5,3,38,,5,3,7489,1123.35,9,832.1111111,GL0005,202407,B4,System,2/14/2026 16:10
4267,9/26/2024,9/26/2024,DOC004267,Invoice,5,5,2,25,,5,5,8875,1331.25,5,1775,GL0005,202409,B7,System,2/14/2026 16:10
4271,8/19/2024,8/19/2024,DOC004271,Invoice,4,5,2,19,,5,4,14735,2210.25,7,2105,GL0005,202408,B1,System,2/14/2026 16:10
4277,8/21/2024,8/21/2024,DOC004277,Invoice,2,5,2,2,,5,2,28440,4266,10,2844,GL0005,202408,B7,System,2/14/2026 16:10
4284,8/13/2024,8/13/2024,DOC004284,Invoice,2,5,2,12,,5,2,9775,1466.25,9,1086.111111,GL0005,202408,B4,System,2/14/2026 16:10
4289,9/11/2024,9/11/2024,DOC004289,Invoice,2,5,2,17,,5,2,14653,2197.95,6,2442.166667,GL0005,202409,B9,System,2/14/2026 16:10
4302,7/7/2024,7/7/2024,DOC004302,Invoice,3,5,2,8,,5,3,39520,5928,8,4940,GL0005,202407,B2,System,2/14/2026 16:10
4305,8/18/2024,8/18/2024,DOC004305,Invoice,5,5,2,10,,5,5,12944,1941.6,7,1849.142857,GL0005,202408,B5,System,2/14/2026 16:10
4310,8/3/2024,8/3/2024,DOC004310,Invoice,2,5,1,27,,5,2,46340,6951,10,4634,GL0005,202408,B0,System,2/14/2026 16:10
4313,9/27/2024,9/27/2024,DOC004313,Invoice,2,5,3,2,,5,2,4653,697.95,1,4653,GL0005,202409,B3,System,2/14/2026 16:10
4317,9/9/2024,9/9/2024,DOC004317,Invoice,1,5,3,21,,5,1,6783,1017.45,2,3391.5,GL0005,202409,B7,System,2/14/2026 16:10
4321,8/23/2024,8/23/2024,DOC004321,Invoice,1,5,2,6,,5,1,6940,1041,4,1735,GL0005,202408,B1,System,2/14/2026 16:10
4322,9/4/2024,9/4/2024,DOC004322,Invoice,3,5,2,13,,5,3,35605,5340.75,9,3956.111111,GL0005,202409,B2,System,2/14/2026 16:10
4324,8/10/2024,8/10/2024,DOC004324,Invoice,4,5,1,14,,5,4,3370,505.5,1,3370,GL0005,202408,B4,System,2/14/2026 16:10
4356,7/10/2024,7/10/2024,DOC004356,Invoice,4,5,3,9,,5,4,14040,2106,6,2340,GL0005,202407,B6,System,2/14/2026 16:10
4357,8/20/2024,8/20/2024,DOC004357,Invoice,3,5,2,8,,5,3,4832,724.8,1,4832,GL0005,202408,B7,System,2/14/2026 16:10
4369,8/17/2024,8/17/2024,DOC004369,Invoice,5,5,1,35,,5,5,10249,1537.35,6,1708.166667,GL0005,202408,B9,System,2/14/2026 16:10
4375,7/26/2024,7/26/2024,DOC004375,Invoice,5,5,3,40,,5,5,10305,1545.75,8,1288.125,GL0005,202407,B5,System,2/14/2026 16:10
4380,7/26/2024,7/26/2024,DOC004380,Invoice,4,5,3,19,,5,4,37993,5698.95,8,4749.125,GL0005,202407,B0,System,2/14/2026 16:10
4381,7/5/2024,7/5/2024,DOC004381,Invoice,4,5,1,29,,5,4,11767,1765.05,6,1961.166667,GL0005,202407,B1,System,2/14/2026 16:10
4382,9/1/2024,9/1/2024,DOC004382,Invoice,1,5,1,36,,5,1,34750,5212.5,9,3861.111111,GL0005,202409,B2,System,2/14/2026 16:10
4384,7/15/2024,7/15/2024,DOC004384,Invoice,5,5,2,40,,5,5,27330,4099.5,6,4555,GL0005,202407,B4,System,2/14/2026 16:10
4389,8/16/2024,8/16/2024,DOC004389,Invoice,3,5,3,18,,5,3,22025,3303.75,8,2753.125,GL0005,202408,B9,System,2/14/2026 16:10
4405,8/21/2024,8/21/2024,DOC004405,Invoice,2,5,2,7,,5,2,32887,4933.05,7,4698.142857,GL0005,202408,B5,System,2/14/2026 16:10
4408,7/2/2024,7/2/2024,DOC004408,Invoice,5,5,2,30,,5,5,23410,3511.5,5,4682,GL0005,202407,B8,System,2/14/2026 16:10
4454,9/8/2024,9/8/2024,DOC004454,Invoice,5,5,3,15,,5,5,7670,1150.5,10,767,GL0005,202409,B4,System,2/14/2026 16:10
4459,7/10/2024,7/10/2024,DOC004459,Invoice,5,5,2,25,,5,5,5749,862.35,2,2874.5,GL0005,202407,B9,System,2/14/2026 16:10
4472,8/18/2024,8/18/2024,DOC004472,Invoice,1,5,2,1,,5,1,30637,4595.55,9,3404.111111,GL0005,202408,B2,System,2/14/2026 16:10
4473,7/27/2024,7/27/2024,DOC004473,Invoice,3,5,2,28,,5,3,26695,4004.25,9,2966.111111,GL0005,202407,B3,System,2/14/2026 16:10
4474,9/15/2024,9/15/2024,DOC004474,Invoice,4,5,1,24,,5,4,8500,1275,5,1700,GL0005,202409,B4,System,2/14/2026 16:10
4486,7/15/2024,7/15/2024,DOC004486,Invoice,5,5,2,40,,5,5,15600,2340,6,2600,GL0005,202407,B6,System,2/14/2026 16:10
4487,8/10/2024,8/10/2024,DOC004487,Invoice,5,5,3,40,,5,5,1830,274.5,2,915,GL0005,202408,B7,System,2/14/2026 16:10
4490,8/30/2024,8/30/2024,DOC004490,Invoice,4,5,2,4,,5,4,15630,2344.5,5,3126,GL0005,202408,B0,System,2/14/2026 16:10
4506,9/20/2024,9/20/2024,DOC004506,Invoice,1,5,1,16,,5,1,35305,5295.75,8,4413.125,GL0005,202409,B6,System,2/14/2026 16:10
4534,9/28/2024,9/28/2024,DOC004534,Invoice,1,5,1,31,,5,1,38790,5818.5,9,4310,GL0005,202409,B4,System,2/14/2026 16:10
4545,7/6/2024,7/6/2024,DOC004545,Invoice,5,5,3,25,,5,5,1527,229.05,2,763.5,GL0005,202407,B5,System,2/14/2026 16:10
4560,9/10/2024,9/10/2024,DOC004560,Invoice,4,5,3,34,,5,4,40210,6031.5,10,4021,GL0005,202409,B0,System,2/14/2026 16:10
4561,9/4/2024,9/4/2024,DOC004561,Invoice,3,5,2,33,,5,3,6589,988.35,4,1647.25,GL0005,202409,B1,System,2/14/2026 16:10
4575,9/8/2024,9/8/2024,DOC004575,Invoice,2,5,3,2,,5,2,30110,4516.5,10,3011,GL0005,202409,B5,System,2/14/2026 16:10
4580,9/27/2024,9/27/2024,DOC004580,Invoice,1,5,3,31,,5,1,4209,631.35,1,4209,GL0005,202409,B0,System,2/14/2026 16:10
4586,7/19/2024,7/19/2024,DOC004586,Invoice,5,5,3,25,,5,5,46230,6934.5,10,4623,GL0005,202407,B6,System,2/14/2026 16:10
4593,8/25/2024,8/25/2024,DOC004593,Invoice,5,5,1,20,,5,5,28270,4240.5,10,2827,GL0005,202408,B3,System,2/14/2026 16:10
4599,8/8/2024,8/8/2024,DOC004599,Invoice,3,5,2,23,,5,3,3173,475.95,1,3173,GL0005,202408,B9,System,2/14/2026 16:10
4603,7/24/2024,7/24/2024,DOC004603,Invoice,5,5,1,10,,5,5,11945,1791.75,5,2389,GL0005,202407,B3,System,2/14/2026 16:10
4607,8/24/2024,8/24/2024,DOC004607,Invoice,4,5,3,29,,5,4,10920,1638,6,1820,GL0005,202408,B7,System,2/14/2026 16:10
4617,8/31/2024,8/31/2024,DOC004617,Invoice,4,5,2,14,,5,4,15965,2394.75,5,3193,GL0005,202408,B7,System,2/14/2026 16:10
4626,9/6/2024,9/6/2024,DOC004626,Invoice,2,5,1,37,,5,2,1933,289.95,3,644.3333333,GL0005,202409,B6,System,2/14/2026 16:10
4627,8/7/2024,8/7/2024,DOC004627,Invoice,3,5,3,28,,5,3,27817,4172.55,6,4636.166667,GL0005,202408,B7,System,2/14/2026 16:10
4628,7/25/2024,7/25/2024,DOC004628,Invoice,4,5,3,39,,5,4,12090,1813.5,6,2015,GL0005,202407,B8,System,2/14/2026 16:10
4629,9/19/2024,9/19/2024,DOC004629,Invoice,1,5,3,6,,5,1,6090,913.5,3,2030,GL0005,202409,B9,System,2/14/2026 16:10
4639,9/21/2024,9/21/2024,DOC004639,Invoice,3,5,3,23,,5,3,10620,1593,5,2124,GL0005,202409,B9,System,2/14/2026 16:10
4652,8/1/2024,8/1/2024,DOC004652,Invoice,1,5,3,26,,5,1,23077,3461.55,6,3846.166667,GL0005,202408,B2,System,2/14/2026 16:10
4656,9/9/2024,9/9/2024,DOC004656,Invoice,2,5,1,27,,5,2,9799,1469.85,2,4899.5,GL0005,202409,B6,System,2/14/2026 16:10
4659,9/25/2024,9/25/2024,DOC004659,Invoice,5,5,2,25,,5,5,43399,6509.85,9,4822.111111,GL0005,202409,B9,System,2/14/2026 16:10
4660,7/30/2024,7/30/2024,DOC004660,Invoice,5,5,1,40,,5,5,1604,240.6,1,1604,GL0005,202407,B0,System,2/14/2026 16:10
4670,8/22/2024,8/22/2024,DOC004670,Invoice,5,5,2,15,,5,5,10725,1608.75,7,1532.142857,GL0005,202408,B0,System,2/14/2026 16:10
4673,8/14/2024,8/14/2024,DOC004673,Invoice,1,5,3,31,,5,1,2250,337.5,1,2250,GL0005,202408,B3,System,2/14/2026 16:10
4679,9/7/2024,9/7/2024,DOC004679,Invoice,4,5,1,24,,5,4,7170,1075.5,10,717,GL0005,202409,B9,System,2/14/2026 16:10
4681,8/25/2024,8/25/2024,DOC004681,Invoice,4,5,3,39,,5,4,7522,1128.3,3,2507.333333,GL0005,202408,B1,System,2/14/2026 16:10
4684,7/12/2024,7/12/2024,DOC004684,Invoice,1,5,3,6,,5,1,3605,540.75,7,515,GL0005,202407,B4,System,2/14/2026 16:10
4686,8/28/2024,8/28/2024,DOC004686,Invoice,5,5,1,5,,5,5,3350,502.5,1,3350,GL0005,202408,B6,System,2/14/2026 16:10
4703,9/11/2024,9/11/2024,DOC004703,Invoice,3,5,2,28,,5,3,2120,318,1,2120,GL0005,202409,B3,System,2/14/2026 16:10
4727,7/6/2024,7/6/2024,DOC004727,Invoice,5,5,2,40,,5,5,4307,646.05,2,2153.5,GL0005,202407,B7,System,2/14/2026 16:10
4736,7/28/2024,7/28/2024,DOC004736,Invoice,1,5,2,16,,5,1,35280,5292,10,3528,GL0005,202407,B6,System,2/14/2026 16:10
4749,9/14/2024,9/14/2024,DOC004749,Invoice,1,5,2,31,,5,1,4399,659.85,1,4399,GL0005,202409,B9,System,2/14/2026 16:10
4750,9/12/2024,9/12/2024,DOC004750,Invoice,3,5,2,13,,5,3,29320,4398,8,3665,GL0005,202409,B0,System,2/14/2026 16:10
4757,7/3/2024,7/3/2024,DOC004757,Invoice,5,5,1,15,,5,5,14217,2132.55,8,1777.125,GL0005,202407,B7,System,2/14/2026 16:10
4772,7/23/2024,7/23/2024,DOC004772,Invoice,5,5,1,10,,5,5,3619,542.85,3,1206.333333,GL0005,202407,B2,System,2/14/2026 16:10
4783,7/8/2024,7/8/2024,DOC004783,Invoice,2,5,2,12,,5,2,24360,3654,7,3480,GL0005,202407,B3,System,2/14/2026 16:10
4789,7/23/2024,7/23/2024,DOC004789,Invoice,3,5,1,38,,5,3,3218,482.7,1,3218,GL0005,202407,B9,System,2/14/2026 16:10
4804,8/22/2024,8/22/2024,DOC004804,Invoice,2,5,3,32,,5,2,26150,3922.5,10,2615,GL0005,202408,B4,System,2/14/2026 16:10
4815,7/24/2024,7/24/2024,DOC004815,Invoice,2,5,2,2,,5,2,14794,2219.1,3,4931.333333,GL0005,202407,B5,System,2/14/2026 16:10
4822,8/15/2024,8/15/2024,DOC004822,Invoice,5,5,1,15,,5,5,43790,6568.5,10,4379,GL0005,202408,B2,System,2/14/2026 16:10
4825,7/11/2024,7/11/2024,DOC004825,Invoice,1,5,2,26,,5,1,34327,5149.05,9,3814.111111,GL0005,202407,B5,System,2/14/2026 16:10
4830,8/2/2024,8/2/2024,DOC004830,Invoice,4,5,2,4,,5,4,8695,1304.25,2,4347.5,GL0005,202408,B0,System,2/14/2026 16:10
4831,7/19/2024,7/19/2024,DOC004831,Invoice,5,5,3,30,,5,5,3889,583.35,1,3889,GL0005,202407,B1,System,2/14/2026 16:10
4843,8/10/2024,8/10/2024,DOC004843,Invoice,1,5,2,21,,5,1,2725,408.75,5,545,GL0005,202408,B3,System,2/14/2026 16:10
4848,9/27/2024,9/27/2024,DOC004848,Invoice,5,5,2,20,,5,5,18217,2732.55,9,2024.111111,GL0005,202409,B8,System,2/14/2026 16:10
4858,7/4/2024,7/4/2024,DOC004858,Invoice,4,5,3,34,,5,4,7513,1126.95,2,3756.5,GL0005,202407,B8,System,2/14/2026 16:10
4859,7/10/2024,7/10/2024,DOC004859,Invoice,4,5,3,19,,5,4,10573,1585.95,6,1762.166667,GL0005,202407,B9,System,2/14/2026 16:10
4860,7/3/2024,7/3/2024,DOC004860,Invoice,5,5,2,10,,5,5,1974,296.1,1,1974,GL0005,202407,B0,System,2/14/2026 16:10
4864,7/15/2024,7/15/2024,DOC004864,Invoice,1,5,3,11,,5,1,942,141.3,1,942,GL0005,202407,B4,System,2/14/2026 16:10
4874,7/24/2024,7/24/2024,DOC004874,Invoice,2,5,2,12,,5,2,35137,5270.55,9,3904.111111,GL0005,202407,B4,System,2/14/2026 16:10
4876,8/31/2024,8/31/2024,DOC004876,Invoice,5,5,1,20,,5,5,43525,6528.75,9,4836.111111,GL0005,202408,B6,System,2/14/2026 16:10
4880,9/18/2024,9/18/2024,DOC004880,Invoice,5,5,1,40,,5,5,10648,1597.2,3,3549.333333,GL0005,202409,B0,System,2/14/2026 16:10
4883,9/21/2024,9/21/2024,DOC004883,Invoice,3,5,3,28,,5,3,19597,2939.55,4,4899.25,GL0005,202409,B3,System,2/14/2026 16:10
4887,7/22/2024,7/22/2024,DOC004887,Invoice,3,5,1,13,,5,3,4045,606.75,5,809,GL0005,202407,B7,System,2/14/2026 16:10
4899,9/22/2024,9/22/2024,DOC004899,Invoice,1,5,2,11,,5,1,505,75.75,1,505,GL0005,202409,B9,System,2/14/2026 16:10
4915,9/3/2024,9/3/2024,DOC004915,Invoice,2,5,1,2,,5,2,49190,7378.5,10,4919,GL0005,202409,B5,System,2/14/2026 16:10
4923,9/3/2024,9/3/2024,DOC004923,Invoice,4,5,1,39,,5,4,5913,886.95,8,739.125,GL0005,202409,B3,System,2/14/2026 16:10
4925,8/12/2024,8/12/2024,DOC004925,Invoice,5,5,2,15,,5,5,19965,2994.75,7,2852.142857,GL0005,202408,B5,System,2/14/2026 16:10
4932,7/18/2024,7/18/2024,DOC004932,Invoice,1,5,2,1,,5,1,9839,1475.85,2,4919.5,GL0005,202407,B2,System,2/14/2026 16:10
4946,7/18/2024,7/18/2024,DOC004946,Invoice,4,5,3,24,,5,4,24337,3650.55,6,4056.166667,GL0005,202407,B6,System,2/14/2026 16:10
4956,8/30/2024,8/30/2024,DOC004956,Invoice,3,5,1,3,,5,3,24410,3661.5,7,3487.142857,GL0005,202408,B6,System,2/14/2026 16:10
4964,9/26/2024,9/26/2024,DOC004964,Invoice,4,5,1,9,,5,4,8920,1338,5,1784,GL0005,202409,B4,System,2/14/2026 16:10
4969,7/9/2024,7/9/2024,DOC004969,Invoice,4,5,1,9,,5,4,20580,3087,7,2940,GL0005,202407,B9,System,2/14/2026 16:10
4976,7/8/2024,7/8/2024,DOC004976,Invoice,5,5,1,5,,5,5,18440,2766,8,2305,GL0005,202407,B6,System,2/14/2026 16:10
4985,9/7/2024,9/7/2024,DOC004985,Invoice,5,5,2,30,,5,5,14800,2220,8,1850,GL0005,202409,B5,System,2/14/2026 16:10
4,7/18/2024,7/18/2024,DOC000004,Invoice,4,6,2,4,,6,4,12169,1825.35,8,1521.125,GL0006,202407,B4,System,2/14/2026 16:10
10,8/5/2024,8/5/2024,DOC000010,Invoice,3,6,2,3,,6,3,13720,2058,4,3430,GL0006,202408,B0,System,2/14/2026 16:10
12,9/10/2024,9/10/2024,DOC000012,Invoice,3,6,1,38,,6,3,3805,570.75,6,634.1666667,GL0006,202409,B2,System,2/14/2026 16:10
26,9/13/2024,9/13/2024,DOC000026,Invoice,3,6,3,23,,6,3,4073,610.95,1,4073,GL0006,202409,B6,System,2/14/2026 16:10
29,7/3/2024,7/3/2024,DOC000029,Invoice,3,6,2,3,,6,3,4677,701.55,1,4677,GL0006,202407,B9,System,2/14/2026 16:10
62,9/9/2024,9/9/2024,DOC000062,Invoice,3,6,3,33,,6,3,23100,3465,5,4620,GL0006,202409,B2,System,2/14/2026 16:10
65,8/14/2024,8/14/2024,DOC000065,Invoice,2,6,2,2,,6,2,17980,2697,10,1798,GL0006,202408,B5,System,2/14/2026 16:10
72,7/12/2024,7/12/2024,DOC000072,Invoice,2,6,3,12,,6,2,4689,703.35,2,2344.5,GL0006,202407,B2,System,2/14/2026 16:10
80,7/6/2024,7/6/2024,DOC000080,Invoice,1,6,2,6,,6,1,14475,2171.25,5,2895,GL0006,202407,B0,System,2/14/2026 16:10
93,9/17/2024,9/17/2024,DOC000093,Invoice,2,6,3,12,,6,2,15850,2377.5,9,1761.111111,GL0006,202409,B3,System,2/14/2026 16:10
105,7/2/2024,7/2/2024,DOC000105,Invoice,1,6,2,36,,6,1,18385,2757.75,8,2298.125,GL0006,202407,B5,System,2/14/2026 16:10
125,7/21/2024,7/21/2024,DOC000125,Invoice,4,6,1,9,,6,4,12640,1896,4,3160,GL0006,202407,B5,System,2/14/2026 16:10
131,9/15/2024,9/15/2024,DOC000131,Invoice,4,6,3,19,,6,4,17185,2577.75,5,3437,GL0006,202409,B1,System,2/14/2026 16:10
140,9/1/2024,9/1/2024,DOC000140,Invoice,3,6,2,23,,6,3,8229,1234.35,4,2057.25,GL0006,202409,B0,System,2/14/2026 16:10
143,7/14/2024,7/14/2024,DOC000143,Invoice,5,6,1,5,,6,5,703,105.45,1,703,GL0006,202407,B3,System,2/14/2026 16:10
147,7/3/2024,7/3/2024,DOC000147,Invoice,3,6,3,13,,6,3,4593,688.95,1,4593,GL0006,202407,B7,System,2/14/2026 16:10
153,9/1/2024,9/1/2024,DOC000153,Invoice,2,6,1,17,,6,2,5215,782.25,6,869.1666667,GL0006,202409,B3,System,2/14/2026 16:10
154,8/5/2024,8/5/2024,DOC000154,Invoice,3,6,2,8,,6,3,7080,1062,6,1180,GL0006,202408,B4,System,2/14/2026 16:10
155,7/16/2024,7/16/2024,DOC000155,Invoice,1,6,2,21,,6,1,18160,2724,4,4540,GL0006,202407,B5,System,2/14/2026 16:10
156,7/17/2024,7/17/2024,DOC000156,Invoice,3,6,3,8,,6,3,4125,618.75,3,1375,GL0006,202407,B6,System,2/14/2026 16:10
162,8/15/2024,8/15/2024,DOC000162,Invoice,1,6,2,16,,6,1,9399,1409.85,2,4699.5,GL0006,202408,B2,System,2/14/2026 16:10
172,9/8/2024,9/8/2024,DOC000172,Invoice,3,6,3,38,,6,3,19710,2956.5,5,3942,GL0006,202409,B2,System,2/14/2026 16:10
180,7/20/2024,7/20/2024,DOC000180,Invoice,1,6,2,6,,6,1,16520,2478,5,3304,GL0006,202407,B0,System,2/14/2026 16:10
186,7/30/2024,7/30/2024,DOC000186,Invoice,1,6,2,11,,6,1,14305,2145.75,3,4768.333333,GL0006,202407,B6,System,2/14/2026 16:10
200,7/29/2024,7/29/2024,DOC000200,Invoice,4,6,2,24,,6,4,5129,769.35,4,1282.25,GL0006,202407,B0,System,2/14/2026 16:10
211,8/15/2024,8/15/2024,DOC000211,Invoice,2,6,2,12,,6,2,4613,691.95,2,2306.5,GL0006,202408,B1,System,2/14/2026 16:10
226,9/10/2024,9/10/2024,DOC000226,Invoice,1,6,1,6,,6,1,20868,3130.2,7,2981.142857,GL0006,202409,B6,System,2/14/2026 16:10
244,8/5/2024,8/5/2024,DOC000244,Invoice,4,6,3,39,,6,4,19793,2968.95,4,4948.25,GL0006,202408,B4,System,2/14/2026 16:10
248,9/10/2024,9/10/2024,DOC000248,Invoice,1,6,3,36,,6,1,1465,219.75,1,1465,GL0006,202409,B8,System,2/14/2026 16:10
253,9/4/2024,9/4/2024,DOC000253,Invoice,4,6,2,4,,6,4,4345,651.75,5,869,GL0006,202409,B3,System,2/14/2026 16:10
258,9/5/2024,9/5/2024,DOC000258,Invoice,2,6,1,37,,6,2,10288,1543.2,3,3429.333333,GL0006,202409,B8,System,2/14/2026 16:10
262,9/17/2024,9/17/2024,DOC000262,Invoice,2,6,1,27,,6,2,3478,521.7,1,3478,GL0006,202409,B2,System,2/14/2026 16:10
268,8/15/2024,8/15/2024,DOC000268,Invoice,5,6,3,5,,6,5,34257,5138.55,8,4282.125,GL0006,202408,B8,System,2/14/2026 16:10
271,8/1/2024,8/1/2024,DOC000271,Invoice,4,6,2,34,,6,4,5670,850.5,7,810,GL0006,202408,B1,System,2/14/2026 16:10
281,8/27/2024,8/27/2024,DOC000281,Invoice,5,6,1,35,,6,5,4767,715.05,2,2383.5,GL0006,202408,B1,System,2/14/2026 16:10
285,8/14/2024,8/14/2024,DOC000285,Invoice,4,6,2,34,,6,4,13785,2067.75,5,2757,GL0006,202408,B5,System,2/14/2026 16:10
300,7/3/2024,7/3/2024,DOC000300,Invoice,5,6,1,20,,6,5,13050,1957.5,6,2175,GL0006,202407,B0,System,2/14/2026 16:10
306,9/7/2024,9/7/2024,DOC000306,Invoice,5,6,1,15,,6,5,9880,1482,2,4940,GL0006,202409,B6,System,2/14/2026 16:10
314,8/3/2024,8/3/2024,DOC000314,Invoice,5,6,2,10,,6,5,6112,916.8,3,2037.333333,GL0006,202408,B4,System,2/14/2026 16:10
319,8/3/2024,8/3/2024,DOC000319,Invoice,3,6,2,33,,6,3,3533,529.95,4,883.25,GL0006,202408,B9,System,2/14/2026 16:10
335,9/22/2024,9/22/2024,DOC000335,Invoice,1,6,3,26,,6,1,3775,566.25,3,1258.333333,GL0006,202409,B5,System,2/14/2026 16:10
339,7/13/2024,7/13/2024,DOC000339,Invoice,3,6,3,18,,6,3,9535,1430.25,6,1589.166667,GL0006,202407,B9,System,2/14/2026 16:10
348,8/22/2024,8/22/2024,DOC000348,Invoice,2,6,3,27,,6,2,13400,2010,8,1675,GL0006,202408,B8,System,2/14/2026 16:10
350,8/11/2024,8/11/2024,DOC000350,Invoice,2,6,3,37,,6,2,29510,4426.5,10,2951,GL0006,202408,B0,System,2/14/2026 16:10
370,9/15/2024,9/15/2024,DOC000370,Invoice,2,6,2,27,,6,2,1760,264,1,1760,GL0006,202409,B0,System,2/14/2026 16:10
377,7/2/2024,7/2/2024,DOC000377,Invoice,3,6,3,33,,6,3,18943,2841.45,7,2706.142857,GL0006,202407,B7,System,2/14/2026 16:10
387,7/14/2024,7/14/2024,DOC000387,Invoice,1,6,1,6,,6,1,17020,2553,4,4255,GL0006,202407,B7,System,2/14/2026 16:10
397,9/17/2024,9/17/2024,DOC000397,Invoice,1,6,2,31,,6,1,4790,718.5,1,4790,GL0006,202409,B7,System,2/14/2026 16:10
403,9/26/2024,9/26/2024,DOC000403,Invoice,4,6,3,4,,6,4,34210,5131.5,7,4887.142857,GL0006,202409,B3,System,2/14/2026 16:10
404,7/3/2024,7/3/2024,DOC000404,Invoice,4,6,1,39,,6,4,46790,7018.5,10,4679,GL0006,202407,B4,System,2/14/2026 16:10
405,8/8/2024,8/8/2024,DOC000405,Invoice,5,6,3,10,,6,5,29475,4421.25,9,3275,GL0006,202408,B5,System,2/14/2026 16:10
440,8/8/2024,8/8/2024,DOC000440,Invoice,2,6,1,22,,6,2,7225,1083.75,8,903.125,GL0006,202408,B0,System,2/14/2026 16:10
449,8/27/2024,8/27/2024,DOC000449,Invoice,2,6,1,32,,6,2,13549,2032.35,4,3387.25,GL0006,202408,B9,System,2/14/2026 16:10
453,9/11/2024,9/11/2024,DOC000453,Invoice,4,6,2,29,,6,4,8455,1268.25,6,1409.166667,GL0006,202409,B3,System,2/14/2026 16:10
456,7/13/2024,7/13/2024,DOC000456,Invoice,2,6,3,2,,6,2,6505,975.75,2,3252.5,GL0006,202407,B6,System,2/14/2026 16:10
464,7/6/2024,7/6/2024,DOC000464,Invoice,2,6,1,37,,6,2,4805,720.75,5,961,GL0006,202407,B4,System,2/14/2026 16:10
469,9/12/2024,9/12/2024,DOC000469,Invoice,2,6,1,27,,6,2,21097,3164.55,6,3516.166667,GL0006,202409,B9,System,2/14/2026 16:10
475,9/5/2024,9/5/2024,DOC000475,Invoice,5,6,2,15,,6,5,12889,1933.35,6,2148.166667,GL0006,202409,B5,System,2/14/2026 16:10
481,7/27/2024,7/27/2024,DOC000481,Invoice,2,6,3,32,,6,2,9845,1476.75,2,4922.5,GL0006,202407,B1,System,2/14/2026 16:10
495,8/1/2024,8/1/2024,DOC000495,Invoice,5,6,3,15,,6,5,19865,2979.75,4,4966.25,GL0006,202408,B5,System,2/14/2026 16:10
499,7/19/2024,7/19/2024,DOC000499,Invoice,5,6,1,35,,6,5,15485,2322.75,5,3097,GL0006,202407,B9,System,2/14/2026 16:10
510,8/5/2024,8/5/2024,DOC000510,Invoice,5,6,1,40,,6,5,8877,1331.55,2,4438.5,GL0006,202408,B0,System,2/14/2026 16:10
520,8/12/2024,8/12/2024,DOC000520,Invoice,3,6,3,23,,6,3,5119,767.85,6,853.1666667,GL0006,202408,B0,System,2/14/2026 16:10
532,9/25/2024,9/25/2024,DOC000532,Invoice,4,6,2,4,,6,4,2733,409.95,4,683.25,GL0006,202409,B2,System,2/14/2026 16:10
535,7/5/2024,7/5/2024,DOC000535,Invoice,1,6,3,21,,6,1,6247,937.05,9,694.1111111,GL0006,202407,B5,System,2/14/2026 16:10
567,9/28/2024,9/28/2024,DOC000567,Invoice,2,6,1,2,,6,2,9289,1393.35,6,1548.166667,GL0006,202409,B7,System,2/14/2026 16:10
568,9/7/2024,9/7/2024,DOC000568,Invoice,1,6,3,1,,6,1,37620,5643,10,3762,GL0006,202409,B8,System,2/14/2026 16:10
570,9/9/2024,9/9/2024,DOC000570,Invoice,4,6,3,34,,6,4,5429,814.35,2,2714.5,GL0006,202409,B0,System,2/14/2026 16:10
573,8/1/2024,8/1/2024,DOC000573,Invoice,4,6,3,24,,6,4,13255,1988.25,5,2651,GL0006,202408,B3,System,2/14/2026 16:10
580,8/28/2024,8/28/2024,DOC000580,Invoice,5,6,2,40,,6,5,8668,1300.2,9,963.1111111,GL0006,202408,B0,System,2/14/2026 16:10
594,9/21/2024,9/21/2024,DOC000594,Invoice,1,6,2,16,,6,1,9360,1404,8,1170,GL0006,202409,B4,System,2/14/2026 16:10
597,8/8/2024,8/8/2024,DOC000597,Invoice,2,6,3,32,,6,2,16670,2500.5,10,1667,GL0006,202408,B7,System,2/14/2026 16:10
621,7/13/2024,7/13/2024,DOC000621,Invoice,4,6,1,39,,6,4,24409,3661.35,9,2712.111111,GL0006,202407,B1,System,2/14/2026 16:10
624,9/10/2024,9/10/2024,DOC000624,Invoice,3,6,1,33,,6,3,9780,1467,4,2445,GL0006,202409,B4,System,2/14/2026 16:10
629,9/12/2024,9/12/2024,DOC000629,Invoice,5,6,2,10,,6,5,3382,507.3,1,3382,GL0006,202409,B9,System,2/14/2026 16:10
632,9/19/2024,9/19/2024,DOC000632,Invoice,4,6,2,24,,6,4,8835,1325.25,7,1262.142857,GL0006,202409,B2,System,2/14/2026 16:10
636,8/19/2024,8/19/2024,DOC000636,Invoice,3,6,2,28,,6,3,7384,1107.6,3,2461.333333,GL0006,202408,B6,System,2/14/2026 16:10
639,9/3/2024,9/3/2024,DOC000639,Invoice,3,6,2,33,,6,3,3950,592.5,2,1975,GL0006,202409,B9,System,2/14/2026 16:10
641,8/7/2024,8/7/2024,DOC000641,Invoice,3,6,2,28,,6,3,6690,1003.5,5,1338,GL0006,202408,B1,System,2/14/2026 16:10
644,9/4/2024,9/4/2024,DOC000644,Invoice,2,6,2,37,,6,2,5695,854.25,3,1898.333333,GL0006,202409,B4,System,2/14/2026 16:10
650,8/18/2024,8/18/2024,DOC000650,Invoice,2,6,1,32,,6,2,3570,535.5,3,1190,GL0006,202408,B0,System,2/14/2026 16:10
652,8/21/2024,8/21/2024,DOC000652,Invoice,3,6,2,13,,6,3,13555,2033.25,6,2259.166667,GL0006,202408,B2,System,2/14/2026 16:10
653,8/11/2024,8/11/2024,DOC000653,Invoice,5,6,2,20,,6,5,7485,1122.75,3,2495,GL0006,202408,B3,System,2/14/2026 16:10
670,9/9/2024,9/9/2024,DOC000670,Invoice,3,6,2,23,,6,3,10690,1603.5,5,2138,GL0006,202409,B0,System,2/14/2026 16:10
694,8/17/2024,8/17/2024,DOC000694,Invoice,3,6,2,23,,6,3,30500,4575,10,3050,GL0006,202408,B4,System,2/14/2026 16:10
695,9/27/2024,9/27/2024,DOC000695,Invoice,2,6,1,32,,6,2,28610,4291.5,7,4087.142857,GL0006,202409,B5,System,2/14/2026 16:10
715,8/28/2024,8/28/2024,DOC000715,Invoice,3,6,1,28,,6,3,16530,2479.5,10,1653,GL0006,202408,B5,System,2/14/2026 16:10
733,7/22/2024,7/22/2024,DOC000733,Invoice,2,6,3,32,,6,2,27780,4167,6,4630,GL0006,202407,B3,System,2/14/2026 16:10
737,7/29/2024,7/29/2024,DOC000737,Invoice,1,6,2,6,,6,1,7560,1134,2,3780,GL0006,202407,B7,System,2/14/2026 16:10
741,7/24/2024,7/24/2024,DOC000741,Invoice,4,6,2,29,,6,4,17280,2592,8,2160,GL0006,202407,B1,System,2/14/2026 16:10
766,7/25/2024,7/25/2024,DOC000766,Invoice,5,6,2,30,,6,5,27637,4145.55,6,4606.166667,GL0006,202407,B6,System,2/14/2026 16:10
768,8/29/2024,8/29/2024,DOC000768,Invoice,3,6,1,3,,6,3,20084,3012.6,7,2869.142857,GL0006,202408,B8,System,2/14/2026 16:10
770,9/2/2024,9/2/2024,DOC000770,Invoice,5,6,1,30,,6,5,11940,1791,5,2388,GL0006,202409,B0,System,2/14/2026 16:10
773,9/16/2024,9/16/2024,DOC000773,Invoice,1,6,3,26,,6,1,6802,1020.3,3,2267.333333,GL0006,202409,B3,System,2/14/2026 16:10
778,7/24/2024,7/24/2024,DOC000778,Invoice,2,6,3,7,,6,2,16725,2508.75,4,4181.25,GL0006,202407,B8,System,2/14/2026 16:10
782,8/12/2024,8/12/2024,DOC000782,Invoice,1,6,3,26,,6,1,5895,884.25,5,1179,GL0006,202408,B2,System,2/14/2026 16:10
784,8/5/2024,8/5/2024,DOC000784,Invoice,5,6,1,25,,6,5,17803,2670.45,6,2967.166667,GL0006,202408,B4,System,2/14/2026 16:10
794,8/17/2024,8/17/2024,DOC000794,Invoice,1,6,3,16,,6,1,35325,5298.75,9,3925,GL0006,202408,B4,System,2/14/2026 16:10
814,9/27/2024,9/27/2024,DOC000814,Invoice,3,6,2,18,,6,3,2312,346.8,1,2312,GL0006,202409,B4,System,2/14/2026 16:10
816,9/20/2024,9/20/2024,DOC000816,Invoice,4,6,2,39,,6,4,16255,2438.25,9,1806.111111,GL0006,202409,B6,System,2/14/2026 16:10
829,7/22/2024,7/22/2024,DOC000829,Invoice,5,6,3,25,,6,5,19419,2912.85,7,2774.142857,GL0006,202407,B9,System,2/14/2026 16:10
838,7/22/2024,7/22/2024,DOC000838,Invoice,1,6,3,21,,6,1,23608,3541.2,9,2623.111111,GL0006,202407,B8,System,2/14/2026 16:10
839,7/3/2024,7/3/2024,DOC000839,Invoice,5,6,3,25,,6,5,10353,1552.95,4,2588.25,GL0006,202407,B9,System,2/14/2026 16:10
848,7/20/2024,7/20/2024,DOC000848,Invoice,3,6,3,18,,6,3,2750,412.5,1,2750,GL0006,202407,B8,System,2/14/2026 16:10
850,9/14/2024,9/14/2024,DOC000850,Invoice,3,6,1,3,,6,3,5140,771,5,1028,GL0006,202409,B0,System,2/14/2026 16:10
855,7/31/2024,7/31/2024,DOC000855,Invoice,4,6,1,39,,6,4,34050,5107.5,10,3405,GL0006,202407,B5,System,2/14/2026 16:10
857,8/13/2024,8/13/2024,DOC000857,Invoice,2,6,3,12,,6,2,13445,2016.75,4,3361.25,GL0006,202408,B7,System,2/14/2026 16:10
862,8/3/2024,8/3/2024,DOC000862,Invoice,5,6,2,35,,6,5,16423,2463.45,6,2737.166667,GL0006,202408,B2,System,2/14/2026 16:10
867,7/13/2024,7/13/2024,DOC000867,Invoice,4,6,1,19,,6,4,4259,638.85,2,2129.5,GL0006,202407,B7,System,2/14/2026 16:10
904,9/25/2024,9/25/2024,DOC000904,Invoice,1,6,1,11,,6,1,3634,545.1,3,1211.333333,GL0006,202409,B4,System,2/14/2026 16:10
906,8/7/2024,8/7/2024,DOC000906,Invoice,4,6,2,19,,6,4,14008,2101.2,3,4669.333333,GL0006,202408,B6,System,2/14/2026 16:10
907,7/24/2024,7/24/2024,DOC000907,Invoice,3,6,2,23,,6,3,5810,871.5,5,1162,GL0006,202407,B7,System,2/14/2026 16:10
909,7/18/2024,7/18/2024,DOC000909,Invoice,2,6,3,22,,6,2,21489,3223.35,8,2686.125,GL0006,202407,B9,System,2/14/2026 16:10
912,7/26/2024,7/26/2024,DOC000912,Invoice,3,6,3,13,,6,3,21375,3206.25,9,2375,GL0006,202407,B2,System,2/14/2026 16:10
969,7/21/2024,7/21/2024,DOC000969,Invoice,5,6,2,40,,6,5,15400,2310,8,1925,GL0006,202407,B9,System,2/14/2026 16:10
995,7/9/2024,7/9/2024,DOC000995,Invoice,2,6,1,22,,6,2,29212,4381.8,7,4173.142857,GL0006,202407,B5,System,2/14/2026 16:10
1002,8/28/2024,8/28/2024,DOC001002,Invoice,1,6,1,31,,6,1,3090,463.5,6,515,GL0006,202408,B2,System,2/14/2026 16:10
1012,8/26/2024,8/26/2024,DOC001012,Invoice,5,6,2,10,,6,5,25607,3841.05,7,3658.142857,GL0006,202408,B2,System,2/14/2026 16:10
1029,9/21/2024,9/21/2024,DOC001029,Invoice,2,6,2,37,,6,2,31520,4728,10,3152,GL0006,202409,B9,System,2/14/2026 16:10
1042,7/22/2024,7/22/2024,DOC001042,Invoice,3,6,2,28,,6,3,6690,1003.5,3,2230,GL0006,202407,B2,System,2/14/2026 16:10
1044,8/5/2024,8/5/2024,DOC001044,Invoice,5,6,3,30,,6,5,16740,2511,4,4185,GL0006,202408,B4,System,2/14/2026 16:10
1056,7/18/2024,7/18/2024,DOC001056,Invoice,3,6,3,33,,6,3,2139,320.85,1,2139,GL0006,202407,B6,System,2/14/2026 16:10
1057,8/31/2024,8/31/2024,DOC001057,Invoice,3,6,2,38,,6,3,29422,4413.3,9,3269.111111,GL0006,202408,B7,System,2/14/2026 16:10
1059,8/17/2024,8/17/2024,DOC001059,Invoice,2,6,1,22,,6,2,29037,4355.55,7,4148.142857,GL0006,202408,B9,System,2/14/2026 16:10
1066,9/18/2024,9/18/2024,DOC001066,Invoice,2,6,2,27,,6,2,14745,2211.75,3,4915,GL0006,202409,B6,System,2/14/2026 16:10
1083,7/23/2024,7/23/2024,DOC001083,Invoice,4,6,2,4,,6,4,7615,1142.25,2,3807.5,GL0006,202407,B3,System,2/14/2026 16:10
1092,8/24/2024,8/24/2024,DOC001092,Invoice,4,6,1,24,,6,4,10455,1568.25,5,2091,GL0006,202408,B2,System,2/14/2026 16:10
1095,8/21/2024,8/21/2024,DOC001095,Invoice,2,6,1,12,,6,2,9298,1394.7,9,1033.111111,GL0006,202408,B5,System,2/14/2026 16:10
1104,8/21/2024,8/21/2024,DOC001104,Invoice,2,6,2,22,,6,2,33209,4981.35,8,4151.125,GL0006,202408,B4,System,2/14/2026 16:10
1117,9/13/2024,9/13/2024,DOC001117,Invoice,1,6,1,11,,6,1,7905,1185.75,2,3952.5,GL0006,202409,B7,System,2/14/2026 16:10
1122,8/3/2024,8/3/2024,DOC001122,Invoice,4,6,3,34,,6,4,4035,605.25,1,4035,GL0006,202408,B2,System,2/14/2026 16:10
1124,8/30/2024,8/30/2024,DOC001124,Invoice,5,6,3,35,,6,5,16029,2404.35,4,4007.25,GL0006,202408,B4,System,2/14/2026 16:10
1130,9/11/2024,9/11/2024,DOC001130,Invoice,2,6,1,32,,6,2,4210,631.5,1,4210,GL0006,202409,B0,System,2/14/2026 16:10
1134,8/5/2024,8/5/2024,DOC001134,Invoice,2,6,3,22,,6,2,42949,6442.35,9,4772.111111,GL0006,202408,B4,System,2/14/2026 16:10
1137,7/27/2024,7/27/2024,DOC001137,Invoice,1,6,1,11,,6,1,6160,924,7,880,GL0006,202407,B7,System,2/14/2026 16:10
1144,9/22/2024,9/22/2024,DOC001144,Invoice,2,6,3,37,,6,2,27907,4186.05,6,4651.166667,GL0006,202409,B4,System,2/14/2026 16:10
1148,9/21/2024,9/21/2024,DOC001148,Invoice,4,6,1,39,,6,4,16740,2511,9,1860,GL0006,202409,B8,System,2/14/2026 16:10
1160,7/22/2024,7/22/2024,DOC001160,Invoice,5,6,1,35,,6,5,21939,3290.85,7,3134.142857,GL0006,202407,B0,System,2/14/2026 16:10
1176,8/10/2024,8/10/2024,DOC001176,Invoice,1,6,2,31,,6,1,19937,2990.55,7,2848.142857,GL0006,202408,B6,System,2/14/2026 16:10
1184,9/20/2024,9/20/2024,DOC001184,Invoice,4,6,2,19,,6,4,22270,3340.5,10,2227,GL0006,202409,B4,System,2/14/2026 16:10
1192,8/4/2024,8/4/2024,DOC001192,Invoice,2,6,1,22,,6,2,15517,2327.55,4,3879.25,GL0006,202408,B2,System,2/14/2026 16:10
1201,8/25/2024,8/25/2024,DOC001201,Invoice,3,6,2,13,,6,3,41185,6177.75,9,4576.111111,GL0006,202408,B1,System,2/14/2026 16:10
1205,8/23/2024,8/23/2024,DOC001205,Invoice,2,6,3,12,,6,2,40030,6004.5,10,4003,GL0006,202408,B5,System,2/14/2026 16:10
1213,9/16/2024,9/16/2024,DOC001213,Invoice,3,6,2,8,,6,3,1040,156,2,520,GL0006,202409,B3,System,2/14/2026 16:10
1214,7/10/2024,7/10/2024,DOC001214,Invoice,5,6,1,20,,6,5,22050,3307.5,9,2450,GL0006,202407,B4,System,2/14/2026 16:10
1220,9/22/2024,9/22/2024,DOC001220,Invoice,4,6,2,19,,6,4,3745,561.75,7,535,GL0006,202409,B0,System,2/14/2026 16:10
1228,8/7/2024,8/7/2024,DOC001228,Invoice,3,6,3,33,,6,3,4473,670.95,8,559.125,GL0006,202408,B8,System,2/14/2026 16:10
1240,8/19/2024,8/19/2024,DOC001240,Invoice,5,6,2,40,,6,5,10150,1522.5,3,3383.333333,GL0006,202408,B0,System,2/14/2026 16:10
1243,7/5/2024,7/5/2024,DOC001243,Invoice,3,6,2,38,,6,3,24080,3612,7,3440,GL0006,202407,B3,System,2/14/2026 16:10
1247,8/7/2024,8/7/2024,DOC001247,Invoice,3,6,2,3,,6,3,7745,1161.75,4,1936.25,GL0006,202408,B7,System,2/14/2026 16:10
1248,8/31/2024,8/31/2024,DOC001248,Invoice,4,6,1,9,,6,4,4603,690.45,3,1534.333333,GL0006,202408,B8,System,2/14/2026 16:10
1267,8/21/2024,8/21/2024,DOC001267,Invoice,3,6,3,13,,6,3,18769,2815.35,8,2346.125,GL0006,202408,B7,System,2/14/2026 16:10
1268,9/10/2024,9/10/2024,DOC001268,Invoice,4,6,3,4,,6,4,29227,4384.05,6,4871.166667,GL0006,202409,B8,System,2/14/2026 16:10
1276,7/11/2024,7/11/2024,DOC001276,Invoice,5,6,3,5,,6,5,31100,4665,10,3110,GL0006,202407,B6,System,2/14/2026 16:10
1279,9/18/2024,9/18/2024,DOC001279,Invoice,5,6,3,15,,6,5,28937,4340.55,8,3617.125,GL0006,202409,B9,System,2/14/2026 16:10
1284,7/28/2024,7/28/2024,DOC001284,Invoice,2,6,3,12,,6,2,14869,2230.35,7,2124.142857,GL0006,202407,B4,System,2/14/2026 16:10
1294,9/1/2024,9/1/2024,DOC001294,Invoice,2,6,1,32,,6,2,1073,160.95,2,536.5,GL0006,202409,B4,System,2/14/2026 16:10
1298,7/8/2024,7/8/2024,DOC001298,Invoice,5,6,2,40,,6,5,26505,3975.75,9,2945,GL0006,202407,B8,System,2/14/2026 16:10
1310,8/21/2024,8/21/2024,DOC001310,Invoice,2,6,3,12,,6,2,15433,2314.95,4,3858.25,GL0006,202408,B0,System,2/14/2026 16:10
1329,9/2/2024,9/2/2024,DOC001329,Invoice,3,6,1,13,,6,3,5300,795,2,2650,GL0006,202409,B9,System,2/14/2026 16:10
1334,9/14/2024,9/14/2024,DOC001334,Invoice,4,6,1,19,,6,4,17185,2577.75,5,3437,GL0006,202409,B4,System,2/14/2026 16:10
1335,9/8/2024,9/8/2024,DOC001335,Invoice,1,6,1,6,,6,1,16275,2441.25,7,2325,GL0006,202409,B5,System,2/14/2026 16:10
1344,9/14/2024,9/14/2024,DOC001344,Invoice,1,6,2,21,,6,1,17693,2653.95,4,4423.25,GL0006,202409,B4,System,2/14/2026 16:10
1355,9/24/2024,9/24/2024,DOC001355,Invoice,4,6,3,39,,6,4,43912,6586.8,9,4879.111111,GL0006,202409,B5,System,2/14/2026 16:10
1381,8/30/2024,8/30/2024,DOC001381,Invoice,1,6,3,16,,6,1,4477,671.55,2,2238.5,GL0006,202408,B1,System,2/14/2026 16:10
1387,9/22/2024,9/22/2024,DOC001387,Invoice,2,6,3,27,,6,2,27120,4068,10,2712,GL0006,202409,B7,System,2/14/2026 16:10
1395,8/28/2024,8/28/2024,DOC001395,Invoice,4,6,1,34,,6,4,3695,554.25,2,1847.5,GL0006,202408,B5,System,2/14/2026 16:10
1435,7/19/2024,7/19/2024,DOC001435,Invoice,3,6,2,13,,6,3,14935,2240.25,6,2489.166667,GL0006,202407,B5,System,2/14/2026 16:10
1436,8/5/2024,8/5/2024,DOC001436,Invoice,5,6,3,20,,6,5,7165,1074.75,9,796.1111111,GL0006,202408,B6,System,2/14/2026 16:10
1445,7/27/2024,7/27/2024,DOC001445,Invoice,3,6,3,23,,6,3,2173,325.95,2,1086.5,GL0006,202407,B5,System,2/14/2026 16:10
1452,7/17/2024,7/17/2024,DOC001452,Invoice,5,6,2,10,,6,5,12883,1932.45,6,2147.166667,GL0006,202407,B2,System,2/14/2026 16:10
1453,7/8/2024,7/8/2024,DOC001453,Invoice,2,6,2,32,,6,2,39609,5941.35,8,4951.125,GL0006,202407,B3,System,2/14/2026 16:10
1457,7/31/2024,7/31/2024,DOC001457,Invoice,2,6,1,22,,6,2,4692,703.8,1,4692,GL0006,202407,B7,System,2/14/2026 16:10
1462,8/19/2024,8/19/2024,DOC001462,Invoice,5,6,2,40,,6,5,17705,2655.75,5,3541,GL0006,202408,B2,System,2/14/2026 16:10
1465,7/30/2024,7/30/2024,DOC001465,Invoice,1,6,2,6,,6,1,18410,2761.5,7,2630,GL0006,202407,B5,System,2/14/2026 16:10
1467,9/18/2024,9/18/2024,DOC001467,Invoice,5,6,2,10,,6,5,1080,162,1,1080,GL0006,202409,B7,System,2/14/2026 16:10
1472,8/18/2024,8/18/2024,DOC001472,Invoice,4,6,2,29,,6,4,29689,4453.35,8,3711.125,GL0006,202408,B2,System,2/14/2026 16:10
1475,8/30/2024,8/30/2024,DOC001475,Invoice,4,6,2,14,,6,4,28324,4248.6,9,3147.111111,GL0006,202408,B5,System,2/14/2026 16:10
1479,7/8/2024,7/8/2024,DOC001479,Invoice,1,6,1,36,,6,1,2785,417.75,4,696.25,GL0006,202407,B9,System,2/14/2026 16:10
1482,9/17/2024,9/17/2024,DOC001482,Invoice,1,6,2,21,,6,1,10207,1531.05,7,1458.142857,GL0006,202409,B2,System,2/14/2026 16:10
1494,8/31/2024,8/31/2024,DOC001494,Invoice,3,6,2,3,,6,3,8632,1294.8,9,959.1111111,GL0006,202408,B4,System,2/14/2026 16:10
1507,8/17/2024,8/17/2024,DOC001507,Invoice,3,6,1,8,,6,3,12860,1929,7,1837.142857,GL0006,202408,B7,System,2/14/2026 16:10
1512,8/30/2024,8/30/2024,DOC001512,Invoice,2,6,2,7,,6,2,34920,5238,9,3880,GL0006,202408,B2,System,2/14/2026 16:10
1531,7/4/2024,7/4/2024,DOC001531,Invoice,4,6,2,19,,6,4,14760,2214,3,4920,GL0006,202407,B1,System,2/14/2026 16:10
1543,9/24/2024,9/24/2024,DOC001543,Invoice,5,6,3,35,,6,5,15633,2344.95,8,1954.125,GL0006,202409,B3,System,2/14/2026 16:10
1559,9/6/2024,9/6/2024,DOC001559,Invoice,3,6,3,28,,6,3,9613,1441.95,4,2403.25,GL0006,202409,B9,System,2/14/2026 16:10
1570,7/29/2024,7/29/2024,DOC001570,Invoice,1,6,3,16,,6,1,3215,482.25,5,643,GL0006,202407,B0,System,2/14/2026 16:10
1580,9/7/2024,9/7/2024,DOC001580,Invoice,3,6,2,13,,6,3,35407,5311.05,9,3934.111111,GL0006,202409,B0,System,2/14/2026 16:10
1581,8/26/2024,8/26/2024,DOC001581,Invoice,2,6,2,7,,6,2,11353,1702.95,6,1892.166667,GL0006,202408,B1,System,2/14/2026 16:10
1588,7/23/2024,7/23/2024,DOC001588,Invoice,3,6,1,8,,6,3,3130,469.5,3,1043.333333,GL0006,202407,B8,System,2/14/2026 16:10
1616,9/12/2024,9/12/2024,DOC001616,Invoice,5,6,3,40,,6,5,4495,674.25,2,2247.5,GL0006,202409,B6,System,2/14/2026 16:10
1622,8/10/2024,8/10/2024,DOC001622,Invoice,5,6,3,40,,6,5,11860,1779,5,2372,GL0006,202408,B2,System,2/14/2026 16:10
1636,7/26/2024,7/26/2024,DOC001636,Invoice,3,6,2,8,,6,3,17767,2665.05,9,1974.111111,GL0006,202407,B6,System,2/14/2026 16:10
1638,7/7/2024,7/7/2024,DOC001638,Invoice,5,6,1,30,,6,5,17493,2623.95,4,4373.25,GL0006,202407,B8,System,2/14/2026 16:10
1642,9/19/2024,9/19/2024,DOC001642,Invoice,5,6,1,10,,6,5,14169,2125.35,4,3542.25,GL0006,202409,B2,System,2/14/2026 16:10
1666,7/25/2024,7/25/2024,DOC001666,Invoice,3,6,1,28,,6,3,9820,1473,3,3273.333333,GL0006,202407,B6,System,2/14/2026 16:10
1678,8/12/2024,8/12/2024,DOC001678,Invoice,1,6,2,16,,6,1,14535,2180.25,5,2907,GL0006,202408,B8,System,2/14/2026 16:10
1683,8/23/2024,8/23/2024,DOC001683,Invoice,1,6,3,26,,6,1,10900,1635,4,2725,GL0006,202408,B3,System,2/14/2026 16:10
1688,9/10/2024,9/10/2024,DOC001688,Invoice,3,6,3,18,,6,3,4039,605.85,6,673.1666667,GL0006,202409,B8,System,2/14/2026 16:10
1689,8/20/2024,8/20/2024,DOC001689,Invoice,2,6,1,2,,6,2,2119,317.85,2,1059.5,GL0006,202408,B9,System,2/14/2026 16:10
1704,7/8/2024,7/8/2024,DOC001704,Invoice,1,6,3,1,,6,1,6793,1018.95,3,2264.333333,GL0006,202407,B4,System,2/14/2026 16:10
1705,9/27/2024,9/27/2024,DOC001705,Invoice,5,6,2,40,,6,5,13793,2068.95,8,1724.125,GL0006,202409,B5,System,2/14/2026 16:10
1710,9/12/2024,9/12/2024,DOC001710,Invoice,1,6,2,6,,6,1,7247,1087.05,2,3623.5,GL0006,202409,B0,System,2/14/2026 16:10
1715,8/26/2024,8/26/2024,DOC001715,Invoice,2,6,1,32,,6,2,21105,3165.75,5,4221,GL0006,202408,B5,System,2/14/2026 16:10
1730,9/28/2024,9/28/2024,DOC001730,Invoice,4,6,2,9,,6,4,4085,612.75,4,1021.25,GL0006,202409,B0,System,2/14/2026 16:10
1745,9/8/2024,9/8/2024,DOC001745,Invoice,1,6,1,26,,6,1,19290,2893.5,5,3858,GL0006,202409,B5,System,2/14/2026 16:10
1746,8/23/2024,8/23/2024,DOC001746,Invoice,4,6,2,39,,6,4,1923,288.45,2,961.5,GL0006,202408,B6,System,2/14/2026 16:10
1749,7/19/2024,7/19/2024,DOC001749,Invoice,1,6,2,21,,6,1,10713,1606.95,8,1339.125,GL0006,202407,B9,System,2/14/2026 16:10
1752,8/1/2024,8/1/2024,DOC001752,Invoice,5,6,1,40,,6,5,20145,3021.75,8,2518.125,GL0006,202408,B2,System,2/14/2026 16:10
1767,9/2/2024,9/2/2024,DOC001767,Invoice,1,6,2,1,,6,1,8595,1289.25,2,4297.5,GL0006,202409,B7,System,2/14/2026 16:10
1782,8/27/2024,8/27/2024,DOC001782,Invoice,2,6,2,27,,6,2,23640,3546,5,4728,GL0006,202408,B2,System,2/14/2026 16:10
1785,8/7/2024,8/7/2024,DOC001785,Invoice,5,6,2,40,,6,5,4490,673.5,1,4490,GL0006,202408,B5,System,2/14/2026 16:10
1790,9/15/2024,9/15/2024,DOC001790,Invoice,3,6,3,38,,6,3,5245,786.75,2,2622.5,GL0006,202409,B0,System,2/14/2026 16:10
1802,9/5/2024,9/5/2024,DOC001802,Invoice,2,6,3,37,,6,2,11458,1718.7,9,1273.111111,GL0006,202409,B2,System,2/14/2026 16:10
1810,9/12/2024,9/12/2024,DOC001810,Invoice,5,6,3,5,,6,5,5900,885,2,2950,GL0006,202409,B0,System,2/14/2026 16:10
1827,8/21/2024,8/21/2024,DOC001827,Invoice,3,6,3,3,,6,3,17029,2554.35,6,2838.166667,GL0006,202408,B7,System,2/14/2026 16:10
1844,9/11/2024,9/11/2024,DOC001844,Invoice,4,6,2,14,,6,4,8605,1290.75,3,2868.333333,GL0006,202409,B4,System,2/14/2026 16:10
1862,7/10/2024,7/10/2024,DOC001862,Invoice,5,6,3,10,,6,5,3204,480.6,1,3204,GL0006,202407,B2,System,2/14/2026 16:10
1867,8/31/2024,8/31/2024,DOC001867,Invoice,5,6,3,5,,6,5,30250,4537.5,9,3361.111111,GL0006,202408,B7,System,2/14/2026 16:10
1868,7/12/2024,7/12/2024,DOC001868,Invoice,2,6,1,12,,6,2,25507,3826.05,6,4251.166667,GL0006,202407,B8,System,2/14/2026 16:10
1879,7/13/2024,7/13/2024,DOC001879,Invoice,1,6,2,31,,6,1,7590,1138.5,2,3795,GL0006,202407,B9,System,2/14/2026 16:10
1880,8/25/2024,8/25/2024,DOC001880,Invoice,1,6,2,21,,6,1,20053,3007.95,6,3342.166667,GL0006,202408,B0,System,2/14/2026 16:10
1883,8/18/2024,8/18/2024,DOC001883,Invoice,1,6,2,36,,6,1,30394,4559.1,9,3377.111111,GL0006,202408,B3,System,2/14/2026 16:10
1890,9/11/2024,9/11/2024,DOC001890,Invoice,1,6,2,31,,6,1,4193,628.95,8,524.125,GL0006,202409,B0,System,2/14/2026 16:10
1905,8/18/2024,8/18/2024,DOC001905,Invoice,1,6,1,26,,6,1,6055,908.25,7,865,GL0006,202408,B5,System,2/14/2026 16:10
1908,8/4/2024,8/4/2024,DOC001908,Invoice,1,6,2,11,,6,1,13798,2069.7,7,1971.142857,GL0006,202408,B8,System,2/14/2026 16:10
1913,9/18/2024,9/18/2024,DOC001913,Invoice,2,6,1,37,,6,2,5975,896.25,2,2987.5,GL0006,202409,B3,System,2/14/2026 16:10
1915,9/25/2024,9/25/2024,DOC001915,Invoice,3,6,1,13,,6,3,49540,7431,10,4954,GL0006,202409,B5,System,2/14/2026 16:10
1916,8/16/2024,8/16/2024,DOC001916,Invoice,1,6,3,21,,6,1,12210,1831.5,3,4070,GL0006,202408,B6,System,2/14/2026 16:10
1926,8/18/2024,8/18/2024,DOC001926,Invoice,3,6,2,8,,6,3,8673,1300.95,8,1084.125,GL0006,202408,B6,System,2/14/2026 16:10
1934,9/16/2024,9/16/2024,DOC001934,Invoice,1,6,2,1,,6,1,4087,613.05,2,2043.5,GL0006,202409,B4,System,2/14/2026 16:10
1938,9/2/2024,9/2/2024,DOC001938,Invoice,2,6,1,2,,6,2,12665,1899.75,4,3166.25,GL0006,202409,B8,System,2/14/2026 16:10
1952,8/16/2024,8/16/2024,DOC001952,Invoice,1,6,2,11,,6,1,6609,991.35,4,1652.25,GL0006,202408,B2,System,2/14/2026 16:10
1956,7/19/2024,7/19/2024,DOC001956,Invoice,4,6,1,4,,6,4,35960,5394,10,3596,GL0006,202407,B6,System,2/14/2026 16:10
1960,7/29/2024,7/29/2024,DOC001960,Invoice,1,6,3,26,,6,1,2007,301.05,2,1003.5,GL0006,202407,B0,System,2/14/2026 16:10
1963,9/21/2024,9/21/2024,DOC001963,Invoice,2,6,2,37,,6,2,39393,5908.95,8,4924.125,GL0006,202409,B3,System,2/14/2026 16:10
1977,9/12/2024,9/12/2024,DOC001977,Invoice,2,6,3,17,,6,2,12718,1907.7,3,4239.333333,GL0006,202409,B7,System,2/14/2026 16:10
1979,8/28/2024,8/28/2024,DOC001979,Invoice,1,6,3,31,,6,1,26145,3921.75,8,3268.125,GL0006,202408,B9,System,2/14/2026 16:10
1994,8/30/2024,8/30/2024,DOC001994,Invoice,3,6,1,23,,6,3,22490,3373.5,5,4498,GL0006,202408,B4,System,2/14/2026 16:10
2007,8/28/2024,8/28/2024,DOC002007,Invoice,3,6,1,28,,6,3,21809,3271.35,8,2726.125,GL0006,202408,B7,System,2/14/2026 16:10
2019,9/10/2024,9/10/2024,DOC002019,Invoice,1,6,2,6,,6,1,28345,4251.75,8,3543.125,GL0006,202409,B9,System,2/14/2026 16:10
2020,7/19/2024,7/19/2024,DOC002020,Invoice,3,6,2,8,,6,3,22513,3376.95,7,3216.142857,GL0006,202407,B0,System,2/14/2026 16:10
2047,7/22/2024,7/22/2024,DOC002047,Invoice,1,6,3,36,,6,1,13040,1956,5,2608,GL0006,202407,B7,System,2/14/2026 16:10
2058,7/24/2024,7/24/2024,DOC002058,Invoice,5,6,2,15,,6,5,2995,449.25,5,599,GL0006,202407,B8,System,2/14/2026 16:10
2060,8/16/2024,8/16/2024,DOC002060,Invoice,3,6,1,28,,6,3,9655,1448.25,6,1609.166667,GL0006,202408,B0,System,2/14/2026 16:10
2098,7/16/2024,7/16/2024,DOC002098,Invoice,1,6,1,11,,6,1,880,132,1,880,GL0006,202407,B8,System,2/14/2026 16:10
2111,7/12/2024,7/12/2024,DOC002111,Invoice,2,6,1,27,,6,2,1057,158.55,1,1057,GL0006,202407,B1,System,2/14/2026 16:10
2114,7/30/2024,7/30/2024,DOC002114,Invoice,2,6,3,7,,6,2,3595,539.25,3,1198.333333,GL0006,202407,B4,System,2/14/2026 16:10
2140,8/25/2024,8/25/2024,DOC002140,Invoice,3,6,1,8,,6,3,10228,1534.2,3,3409.333333,GL0006,202408,B0,System,2/14/2026 16:10
2146,7/29/2024,7/29/2024,DOC002146,Invoice,1,6,2,31,,6,1,20820,3123,10,2082,GL0006,202407,B6,System,2/14/2026 16:10
2176,8/21/2024,8/21/2024,DOC002176,Invoice,2,6,1,22,,6,2,8850,1327.5,5,1770,GL0006,202408,B6,System,2/14/2026 16:10
2178,9/9/2024,9/9/2024,DOC002178,Invoice,2,6,3,12,,6,2,35290,5293.5,9,3921.111111,GL0006,202409,B8,System,2/14/2026 16:10
2190,7/25/2024,7/25/2024,DOC002190,Invoice,3,6,3,3,,6,3,9175,1376.25,5,1835,GL0006,202407,B0,System,2/14/2026 16:10
2204,7/21/2024,7/21/2024,DOC002204,Invoice,3,6,3,38,,6,3,10327,1549.05,6,1721.166667,GL0006,202407,B4,System,2/14/2026 16:10
2214,9/27/2024,9/27/2024,DOC002214,Invoice,4,6,2,24,,6,4,13588,2038.2,7,1941.142857,GL0006,202409,B4,System,2/14/2026 16:10
2237,8/31/2024,8/31/2024,DOC002237,Invoice,1,6,3,26,,6,1,15377,2306.55,4,3844.25,GL0006,202408,B7,System,2/14/2026 16:10
2240,9/28/2024,9/28/2024,DOC002240,Invoice,5,6,3,10,,6,5,13105,1965.75,4,3276.25,GL0006,202409,B0,System,2/14/2026 16:10
2245,8/25/2024,8/25/2024,DOC002245,Invoice,2,6,1,12,,6,2,14477,2171.55,7,2068.142857,GL0006,202408,B5,System,2/14/2026 16:10
2253,7/16/2024,7/16/2024,DOC002253,Invoice,3,6,3,38,,6,3,23377,3506.55,8,2922.125,GL0006,202407,B3,System,2/14/2026 16:10
2255,9/11/2024,9/11/2024,DOC002255,Invoice,5,6,2,40,,6,5,32305,4845.75,8,4038.125,GL0006,202409,B5,System,2/14/2026 16:10
2274,9/16/2024,9/16/2024,DOC002274,Invoice,1,6,2,21,,6,1,17273,2590.95,4,4318.25,GL0006,202409,B4,System,2/14/2026 16:10
2275,8/2/2024,8/2/2024,DOC002275,Invoice,5,6,2,25,,6,5,48410,7261.5,10,4841,GL0006,202408,B5,System,2/14/2026 16:10
2284,7/10/2024,7/10/2024,DOC002284,Invoice,2,6,2,27,,6,2,13753,2062.95,6,2292.166667,GL0006,202407,B4,System,2/14/2026 16:10
2286,7/6/2024,7/6/2024,DOC002286,Invoice,3,6,1,33,,6,3,15950,2392.5,10,1595,GL0006,202407,B6,System,2/14/2026 16:10
2292,9/16/2024,9/16/2024,DOC002292,Invoice,1,6,1,31,,6,1,12385,1857.75,8,1548.125,GL0006,202409,B2,System,2/14/2026 16:10
2301,9/21/2024,9/21/2024,DOC002301,Invoice,1,6,3,6,,6,1,41290,6193.5,10,4129,GL0006,202409,B1,System,2/14/2026 16:10
2306,9/12/2024,9/12/2024,DOC002306,Invoice,5,6,1,10,,6,5,11170,1675.5,5,2234,GL0006,202409,B6,System,2/14/2026 16:10
2323,9/6/2024,9/6/2024,DOC002323,Invoice,3,6,1,38,,6,3,14057,2108.55,7,2008.142857,GL0006,202409,B3,System,2/14/2026 16:10
2326,9/12/2024,9/12/2024,DOC002326,Invoice,2,6,1,22,,6,2,41068,6160.2,9,4563.111111,GL0006,202409,B6,System,2/14/2026 16:10
2335,9/8/2024,9/8/2024,DOC002335,Invoice,5,6,1,35,,6,5,28039,4205.85,6,4673.166667,GL0006,202409,B5,System,2/14/2026 16:10
2336,9/17/2024,9/17/2024,DOC002336,Invoice,1,6,2,21,,6,1,8537,1280.55,8,1067.125,GL0006,202409,B6,System,2/14/2026 16:10
2345,8/1/2024,8/1/2024,DOC002345,Invoice,4,6,2,39,,6,4,5525,828.75,4,1381.25,GL0006,202408,B5,System,2/14/2026 16:10
2373,9/25/2024,9/25/2024,DOC002373,Invoice,2,6,3,22,,6,2,3337,500.55,6,556.1666667,GL0006,202409,B3,System,2/14/2026 16:10
2402,7/5/2024,7/5/2024,DOC002402,Invoice,3,6,2,8,,6,3,4164,624.6,1,4164,GL0006,202407,B2,System,2/14/2026 16:10
2403,8/28/2024,8/28/2024,DOC002403,Invoice,3,6,1,13,,6,3,28633,4294.95,6,4772.166667,GL0006,202408,B3,System,2/14/2026 16:10
2420,8/24/2024,8/24/2024,DOC002420,Invoice,4,6,2,4,,6,4,26945,4041.75,8,3368.125,GL0006,202408,B0,System,2/14/2026 16:10
2427,8/28/2024,8/28/2024,DOC002427,Invoice,1,6,2,1,,6,1,8180,1227,2,4090,GL0006,202408,B7,System,2/14/2026 16:10
2442,8/8/2024,8/8/2024,DOC002442,Invoice,3,6,3,38,,6,3,23580,3537,10,2358,GL0006,202408,B2,System,2/14/2026 16:10
2443,9/24/2024,9/24/2024,DOC002443,Invoice,4,6,1,29,,6,4,5884,882.6,3,1961.333333,GL0006,202409,B3,System,2/14/2026 16:10
2449,9/10/2024,9/10/2024,DOC002449,Invoice,4,6,1,24,,6,4,37880,5682,10,3788,GL0006,202409,B9,System,2/14/2026 16:10
2465,9/5/2024,9/5/2024,DOC002465,Invoice,2,6,2,7,,6,2,20440,3066,10,2044,GL0006,202409,B5,System,2/14/2026 16:10
2484,7/30/2024,7/30/2024,DOC002484,Invoice,4,6,2,29,,6,4,9525,1428.75,2,4762.5,GL0006,202407,B4,System,2/14/2026 16:10
2489,8/2/2024,8/2/2024,DOC002489,Invoice,3,6,3,18,,6,3,21150,3172.5,5,4230,GL0006,202408,B9,System,2/14/2026 16:10
2497,8/27/2024,8/27/2024,DOC002497,Invoice,2,6,1,37,,6,2,8830,1324.5,3,2943.333333,GL0006,202408,B7,System,2/14/2026 16:10
2511,9/10/2024,9/10/2024,DOC002511,Invoice,4,6,3,24,,6,4,19300,2895,10,1930,GL0006,202409,B1,System,2/14/2026 16:10
2526,7/30/2024,7/30/2024,DOC002526,Invoice,5,6,3,40,,6,5,35450,5317.5,10,3545,GL0006,202407,B6,System,2/14/2026 16:10
2558,9/7/2024,9/7/2024,DOC002558,Invoice,3,6,3,8,,6,3,27217,4082.55,6,4536.166667,GL0006,202409,B8,System,2/14/2026 16:10
2561,8/13/2024,8/13/2024,DOC002561,Invoice,5,6,2,10,,6,5,36940,5541,10,3694,GL0006,202408,B1,System,2/14/2026 16:10
2567,7/21/2024,7/21/2024,DOC002567,Invoice,3,6,3,18,,6,3,2065,309.75,1,2065,GL0006,202407,B7,System,2/14/2026 16:10
2585,7/21/2024,7/21/2024,DOC002585,Invoice,5,6,3,25,,6,5,16283,2442.45,7,2326.142857,GL0006,202407,B5,System,2/14/2026 16:10
2586,8/30/2024,8/30/2024,DOC002586,Invoice,4,6,3,39,,6,4,19225,2883.75,4,4806.25,GL0006,202408,B6,System,2/14/2026 16:10
2590,7/14/2024,7/14/2024,DOC002590,Invoice,4,6,2,34,,6,4,12090,1813.5,7,1727.142857,GL0006,202407,B0,System,2/14/2026 16:10
2609,8/6/2024,8/6/2024,DOC002609,Invoice,3,6,1,3,,6,3,7785,1167.75,8,973.125,GL0006,202408,B9,System,2/14/2026 16:10
2626,8/7/2024,8/7/2024,DOC002626,Invoice,2,6,1,37,,6,2,5455,818.25,2,2727.5,GL0006,202408,B6,System,2/14/2026 16:10
2634,8/7/2024,8/7/2024,DOC002634,Invoice,4,6,2,24,,6,4,8585,1287.75,8,1073.125,GL0006,202408,B4,System,2/14/2026 16:10
2652,9/27/2024,9/27/2024,DOC002652,Invoice,2,6,1,2,,6,2,6520,978,8,815,GL0006,202409,B2,System,2/14/2026 16:10
2657,8/6/2024,8/6/2024,DOC002657,Invoice,4,6,3,9,,6,4,9025,1353.75,5,1805,GL0006,202408,B7,System,2/14/2026 16:10
2660,7/27/2024,7/27/2024,DOC002660,Invoice,3,6,3,13,,6,3,11597,1739.55,4,2899.25,GL0006,202407,B0,System,2/14/2026 16:10
2664,8/19/2024,8/19/2024,DOC002664,Invoice,4,6,3,19,,6,4,17872,2680.8,7,2553.142857,GL0006,202408,B4,System,2/14/2026 16:10
2671,7/28/2024,7/28/2024,DOC002671,Invoice,3,6,3,8,,6,3,32365,4854.75,9,3596.111111,GL0006,202407,B1,System,2/14/2026 16:10
2691,8/23/2024,8/23/2024,DOC002691,Invoice,1,6,2,16,,6,1,25929,3889.35,7,3704.142857,GL0006,202408,B1,System,2/14/2026 16:10
2712,8/25/2024,8/25/2024,DOC002712,Invoice,2,6,1,32,,6,2,7743,1161.45,2,3871.5,GL0006,202408,B2,System,2/14/2026 16:10
2720,8/11/2024,8/11/2024,DOC002720,Invoice,1,6,3,6,,6,1,22365,3354.75,5,4473,GL0006,202408,B0,System,2/14/2026 16:10
2726,7/12/2024,7/12/2024,DOC002726,Invoice,2,6,1,27,,6,2,30337,4550.55,8,3792.125,GL0006,202407,B6,System,2/14/2026 16:10
2731,8/25/2024,8/25/2024,DOC002731,Invoice,5,6,3,5,,6,5,16169,2425.35,4,4042.25,GL0006,202408,B1,System,2/14/2026 16:10
2736,9/6/2024,9/6/2024,DOC002736,Invoice,3,6,2,13,,6,3,38692,5803.8,9,4299.111111,GL0006,202409,B6,System,2/14/2026 16:10
2752,7/17/2024,7/17/2024,DOC002752,Invoice,1,6,3,21,,6,1,2309,346.35,4,577.25,GL0006,202407,B2,System,2/14/2026 16:10
2760,9/16/2024,9/16/2024,DOC002760,Invoice,1,6,1,11,,6,1,8497,1274.55,8,1062.125,GL0006,202409,B0,System,2/14/2026 16:10
2768,7/8/2024,7/8/2024,DOC002768,Invoice,3,6,2,38,,6,3,11425,1713.75,5,2285,GL0006,202407,B8,System,2/14/2026 16:10
2774,9/13/2024,9/13/2024,DOC002774,Invoice,2,6,3,7,,6,2,20577,3086.55,8,2572.125,GL0006,202409,B4,System,2/14/2026 16:10
2787,9/22/2024,9/22/2024,DOC002787,Invoice,3,6,3,3,,6,3,6280,942,7,897.1428571,GL0006,202409,B7,System,2/14/2026 16:10
2788,8/19/2024,8/19/2024,DOC002788,Invoice,2,6,1,22,,6,2,12199,1829.85,3,4066.333333,GL0006,202408,B8,System,2/14/2026 16:10
2806,7/28/2024,7/28/2024,DOC002806,Invoice,3,6,1,3,,6,3,11660,1749,10,1166,GL0006,202407,B6,System,2/14/2026 16:10
2815,7/28/2024,7/28/2024,DOC002815,Invoice,2,6,3,12,,6,2,29009,4351.35,7,4144.142857,GL0006,202407,B5,System,2/14/2026 16:10
2817,7/23/2024,7/23/2024,DOC002817,Invoice,2,6,3,12,,6,2,14580,2187,9,1620,GL0006,202407,B7,System,2/14/2026 16:10
2820,8/6/2024,8/6/2024,DOC002820,Invoice,3,6,1,18,,6,3,7269,1090.35,4,1817.25,GL0006,202408,B0,System,2/14/2026 16:10
2821,7/5/2024,7/5/2024,DOC002821,Invoice,5,6,3,25,,6,5,5625,843.75,5,1125,GL0006,202407,B1,System,2/14/2026 16:10
2827,8/28/2024,8/28/2024,DOC002827,Invoice,3,6,3,18,,6,3,1795,269.25,1,1795,GL0006,202408,B7,System,2/14/2026 16:10
2831,7/21/2024,7/21/2024,DOC002831,Invoice,2,6,2,12,,6,2,4099,614.85,6,683.1666667,GL0006,202407,B1,System,2/14/2026 16:10
2832,8/13/2024,8/13/2024,DOC002832,Invoice,2,6,3,27,,6,2,26050,3907.5,10,2605,GL0006,202408,B2,System,2/14/2026 16:10
2834,9/21/2024,9/21/2024,DOC002834,Invoice,2,6,2,17,,6,2,10150,1522.5,5,2030,GL0006,202409,B4,System,2/14/2026 16:10
2836,8/20/2024,8/20/2024,DOC002836,Invoice,2,6,1,27,,6,2,17545,2631.75,4,4386.25,GL0006,202408,B6,System,2/14/2026 16:10
2857,9/20/2024,9/20/2024,DOC002857,Invoice,4,6,3,19,,6,4,13353,2002.95,8,1669.125,GL0006,202409,B7,System,2/14/2026 16:10
2863,8/28/2024,8/28/2024,DOC002863,Invoice,4,6,2,34,,6,4,5760,864,10,576,GL0006,202408,B3,System,2/14/2026 16:10
2875,9/26/2024,9/26/2024,DOC002875,Invoice,4,6,2,39,,6,4,19792,2968.8,9,2199.111111,GL0006,202409,B5,System,2/14/2026 16:10
2885,7/28/2024,7/28/2024,DOC002885,Invoice,1,6,2,36,,6,1,14932,2239.8,7,2133.142857,GL0006,202407,B5,System,2/14/2026 16:10
2886,9/22/2024,9/22/2024,DOC002886,Invoice,2,6,3,37,,6,2,4390,658.5,5,878,GL0006,202409,B6,System,2/14/2026 16:10
2889,9/21/2024,9/21/2024,DOC002889,Invoice,2,6,1,17,,6,2,12040,1806,7,1720,GL0006,202409,B9,System,2/14/2026 16:10
2896,8/7/2024,8/7/2024,DOC002896,Invoice,1,6,2,36,,6,1,1052,157.8,1,1052,GL0006,202408,B6,System,2/14/2026 16:10
2905,7/13/2024,7/13/2024,DOC002905,Invoice,1,6,3,36,,6,1,17107,2566.05,6,2851.166667,GL0006,202407,B5,System,2/14/2026 16:10
2933,7/22/2024,7/22/2024,DOC002933,Invoice,3,6,3,23,,6,3,10325,1548.75,4,2581.25,GL0006,202407,B3,System,2/14/2026 16:10
2936,9/4/2024,9/4/2024,DOC002936,Invoice,5,6,1,30,,6,5,12835,1925.25,6,2139.166667,GL0006,202409,B6,System,2/14/2026 16:10
2940,8/14/2024,8/14/2024,DOC002940,Invoice,3,6,1,18,,6,3,9017,1352.55,2,4508.5,GL0006,202408,B0,System,2/14/2026 16:10
2954,9/21/2024,9/21/2024,DOC002954,Invoice,3,6,2,8,,6,3,39960,5994,9,4440,GL0006,202409,B4,System,2/14/2026 16:10
2967,9/14/2024,9/14/2024,DOC002967,Invoice,4,6,3,24,,6,4,9075,1361.25,2,4537.5,GL0006,202409,B7,System,2/14/2026 16:10
2976,7/26/2024,7/26/2024,DOC002976,Invoice,3,6,1,18,,6,3,26118,3917.7,7,3731.142857,GL0006,202407,B6,System,2/14/2026 16:10
2993,7/29/2024,7/29/2024,DOC002993,Invoice,5,6,3,10,,6,5,18404,2760.6,7,2629.142857,GL0006,202407,B3,System,2/14/2026 16:10
2998,8/21/2024,8/21/2024,DOC002998,Invoice,5,6,2,5,,6,5,8529,1279.35,2,4264.5,GL0006,202408,B8,System,2/14/2026 16:10
3003,9/19/2024,9/19/2024,DOC003003,Invoice,3,6,3,8,,6,3,32113,4816.95,9,3568.111111,GL0006,202409,B3,System,2/14/2026 16:10
3011,7/29/2024,7/29/2024,DOC003011,Invoice,4,6,2,29,,6,4,24364,3654.6,9,2707.111111,GL0006,202407,B1,System,2/14/2026 16:10
3019,9/21/2024,9/21/2024,DOC003019,Invoice,5,6,1,35,,6,5,34077,5111.55,7,4868.142857,GL0006,202409,B9,System,2/14/2026 16:10
3026,7/31/2024,7/31/2024,DOC003026,Invoice,3,6,3,38,,6,3,3357,503.55,1,3357,GL0006,202407,B6,System,2/14/2026 16:10
3033,7/11/2024,7/11/2024,DOC003033,Invoice,1,6,1,1,,6,1,4382,657.3,1,4382,GL0006,202407,B3,System,2/14/2026 16:10
3037,7/13/2024,7/13/2024,DOC003037,Invoice,1,6,3,26,,6,1,4707,706.05,1,4707,GL0006,202407,B7,System,2/14/2026 16:10
3048,9/20/2024,9/20/2024,DOC003048,Invoice,1,6,3,11,,6,1,3893,583.95,2,1946.5,GL0006,202409,B8,System,2/14/2026 16:10
3054,7/20/2024,7/20/2024,DOC003054,Invoice,4,6,2,39,,6,4,5719,857.85,2,2859.5,GL0006,202407,B4,System,2/14/2026 16:10
3063,7/22/2024,7/22/2024,DOC003063,Invoice,2,6,1,22,,6,2,3997,599.55,3,1332.333333,GL0006,202407,B3,System,2/14/2026 16:10
3070,7/25/2024,7/25/2024,DOC003070,Invoice,2,6,2,12,,6,2,4053,607.95,1,4053,GL0006,202407,B0,System,2/14/2026 16:10
3072,8/27/2024,8/27/2024,DOC003072,Invoice,4,6,1,24,,6,4,28729,4309.35,6,4788.166667,GL0006,202408,B2,System,2/14/2026 16:10
3090,8/10/2024,8/10/2024,DOC003090,Invoice,3,6,2,18,,6,3,9519,1427.85,2,4759.5,GL0006,202408,B0,System,2/14/2026 16:10
3099,9/17/2024,9/17/2024,DOC003099,Invoice,5,6,2,30,,6,5,17785,2667.75,6,2964.166667,GL0006,202409,B9,System,2/14/2026 16:10
3103,7/24/2024,7/24/2024,DOC003103,Invoice,5,6,3,35,,6,5,4312,646.8,3,1437.333333,GL0006,202407,B3,System,2/14/2026 16:10
3104,9/11/2024,9/11/2024,DOC003104,Invoice,5,6,1,35,,6,5,22150,3322.5,9,2461.111111,GL0006,202409,B4,System,2/14/2026 16:10
3112,8/2/2024,8/2/2024,DOC003112,Invoice,5,6,3,40,,6,5,13585,2037.75,4,3396.25,GL0006,202408,B2,System,2/14/2026 16:10
3135,7/21/2024,7/21/2024,DOC003135,Invoice,5,6,3,20,,6,5,33930,5089.5,9,3770,GL0006,202407,B5,System,2/14/2026 16:10
3147,8/29/2024,8/29/2024,DOC003147,Invoice,3,6,1,13,,6,3,5070,760.5,5,1014,GL0006,202408,B7,System,2/14/2026 16:10
3162,7/13/2024,7/13/2024,DOC003162,Invoice,1,6,3,21,,6,1,24967,3745.05,6,4161.166667,GL0006,202407,B2,System,2/14/2026 16:10
3166,7/6/2024,7/6/2024,DOC003166,Invoice,5,6,1,20,,6,5,6675,1001.25,3,2225,GL0006,202407,B6,System,2/14/2026 16:10
3167,9/14/2024,9/14/2024,DOC003167,Invoice,2,6,3,32,,6,2,8165,1224.75,4,2041.25,GL0006,202409,B7,System,2/14/2026 16:10
3196,7/15/2024,7/15/2024,DOC003196,Invoice,3,6,3,38,,6,3,3145,471.75,1,3145,GL0006,202407,B6,System,2/14/2026 16:10
3207,9/14/2024,9/14/2024,DOC003207,Invoice,4,6,3,19,,6,4,34917,5237.55,7,4988.142857,GL0006,202409,B7,System,2/14/2026 16:10
3209,8/2/2024,8/2/2024,DOC003209,Invoice,1,6,2,36,,6,1,16570,2485.5,10,1657,GL0006,202408,B9,System,2/14/2026 16:10
3221,9/22/2024,9/22/2024,DOC003221,Invoice,4,6,1,34,,6,4,5393,808.95,8,674.125,GL0006,202409,B1,System,2/14/2026 16:10
3231,7/24/2024,7/24/2024,DOC003231,Invoice,5,6,1,30,,6,5,12457,1868.55,3,4152.333333,GL0006,202407,B1,System,2/14/2026 16:10
3237,7/16/2024,7/16/2024,DOC003237,Invoice,2,6,2,37,,6,2,11600,1740,10,1160,GL0006,202407,B7,System,2/14/2026 16:10
3238,8/14/2024,8/14/2024,DOC003238,Invoice,4,6,2,29,,6,4,10200,1530,3,3400,GL0006,202408,B8,System,2/14/2026 16:10
3244,8/23/2024,8/23/2024,DOC003244,Invoice,3,6,3,3,,6,3,13995,2099.25,5,2799,GL0006,202408,B4,System,2/14/2026 16:10
3245,9/20/2024,9/20/2024,DOC003245,Invoice,4,6,1,19,,6,4,10500,1575,7,1500,GL0006,202409,B5,System,2/14/2026 16:10
3251,9/26/2024,9/26/2024,DOC003251,Invoice,1,6,1,21,,6,1,575,86.25,1,575,GL0006,202409,B1,System,2/14/2026 16:10
3259,9/3/2024,9/3/2024,DOC003259,Invoice,3,6,2,33,,6,3,4185,627.75,1,4185,GL0006,202409,B9,System,2/14/2026 16:10
3268,8/14/2024,8/14/2024,DOC003268,Invoice,4,6,3,4,,6,4,21079,3161.85,6,3513.166667,GL0006,202408,B8,System,2/14/2026 16:10
3272,9/17/2024,9/17/2024,DOC003272,Invoice,2,6,2,7,,6,2,4600,690,7,657.1428571,GL0006,202409,B2,System,2/14/2026 16:10
3279,8/2/2024,8/2/2024,DOC003279,Invoice,4,6,2,14,,6,4,3865,579.75,4,966.25,GL0006,202408,B9,System,2/14/2026 16:10
3286,8/20/2024,8/20/2024,DOC003286,Invoice,4,6,2,39,,6,4,10750,1612.5,3,3583.333333,GL0006,202408,B6,System,2/14/2026 16:10
3296,8/8/2024,8/8/2024,DOC003296,Invoice,4,6,1,39,,6,4,27300,4095,6,4550,GL0006,202408,B6,System,2/14/2026 16:10
3309,7/20/2024,7/20/2024,DOC003309,Invoice,5,6,2,15,,6,5,7180,1077,3,2393.333333,GL0006,202407,B9,System,2/14/2026 16:10
3328,7/12/2024,7/12/2024,DOC003328,Invoice,1,6,1,6,,6,1,4397,659.55,1,4397,GL0006,202407,B8,System,2/14/2026 16:10
3331,9/27/2024,9/27/2024,DOC003331,Invoice,5,6,3,10,,6,5,3158,473.7,1,3158,GL0006,202409,B1,System,2/14/2026 16:10
3343,8/4/2024,8/4/2024,DOC003343,Invoice,2,6,2,32,,6,2,36262,5439.3,9,4029.111111,GL0006,202408,B3,System,2/14/2026 16:10
3353,9/23/2024,9/23/2024,DOC003353,Invoice,4,6,1,19,,6,4,16705,2505.75,5,3341,GL0006,202409,B3,System,2/14/2026 16:10
3362,9/14/2024,9/14/2024,DOC003362,Invoice,1,6,1,6,,6,1,18725,2808.75,7,2675,GL0006,202409,B2,System,2/14/2026 16:10
3363,7/14/2024,7/14/2024,DOC003363,Invoice,3,6,2,18,,6,3,32935,4940.25,7,4705,GL0006,202407,B3,System,2/14/2026 16:10
3367,9/27/2024,9/27/2024,DOC003367,Invoice,2,6,1,27,,6,2,10282,1542.3,3,3427.333333,GL0006,202409,B7,System,2/14/2026 16:10
3373,9/15/2024,9/15/2024,DOC003373,Invoice,5,6,2,5,,6,5,1785,267.75,1,1785,GL0006,202409,B3,System,2/14/2026 16:10
3380,7/7/2024,7/7/2024,DOC003380,Invoice,4,6,2,4,,6,4,17240,2586,4,4310,GL0006,202407,B0,System,2/14/2026 16:10
3382,8/19/2024,8/19/2024,DOC003382,Invoice,4,6,3,14,,6,4,19920,2988,8,2490,GL0006,202408,B2,System,2/14/2026 16:10
3385,7/6/2024,7/6/2024,DOC003385,Invoice,4,6,1,14,,6,4,28577,4286.55,8,3572.125,GL0006,202407,B5,System,2/14/2026 16:10
3392,9/13/2024,9/13/2024,DOC003392,Invoice,4,6,1,29,,6,4,17360,2604,5,3472,GL0006,202409,B2,System,2/14/2026 16:10
3397,8/27/2024,8/27/2024,DOC003397,Invoice,3,6,1,18,,6,3,34195,5129.25,7,4885,GL0006,202408,B7,System,2/14/2026 16:10
3404,8/22/2024,8/22/2024,DOC003404,Invoice,1,6,2,16,,6,1,4905,735.75,1,4905,GL0006,202408,B4,System,2/14/2026 16:10
3422,7/20/2024,7/20/2024,DOC003422,Invoice,1,6,3,31,,6,1,3580,537,2,1790,GL0006,202407,B2,System,2/14/2026 16:10
3425,9/27/2024,9/27/2024,DOC003425,Invoice,4,6,3,9,,6,4,16749,2512.35,4,4187.25,GL0006,202409,B5,System,2/14/2026 16:10
3426,8/19/2024,8/19/2024,DOC003426,Invoice,2,6,2,12,,6,2,7735,1160.25,5,1547,GL0006,202408,B6,System,2/14/2026 16:10
3430,7/17/2024,7/17/2024,DOC003430,Invoice,2,6,2,2,,6,2,12745,1911.75,6,2124.166667,GL0006,202407,B0,System,2/14/2026 16:10
3437,7/13/2024,7/13/2024,DOC003437,Invoice,1,6,2,31,,6,1,31377,4706.55,8,3922.125,GL0006,202407,B7,System,2/14/2026 16:10
3439,8/28/2024,8/28/2024,DOC003439,Invoice,1,6,3,16,,6,1,22577,3386.55,8,2822.125,GL0006,202408,B9,System,2/14/2026 16:10
3442,8/26/2024,8/26/2024,DOC003442,Invoice,1,6,1,36,,6,1,18262,2739.3,9,2029.111111,GL0006,202408,B2,System,2/14/2026 16:10
3443,8/1/2024,8/1/2024,DOC003443,Invoice,4,6,1,4,,6,4,7510,1126.5,5,1502,GL0006,202408,B3,System,2/14/2026 16:10
3457,8/27/2024,8/27/2024,DOC003457,Invoice,4,6,3,24,,6,4,6305,945.75,4,1576.25,GL0006,202408,B7,System,2/14/2026 16:10
3458,9/19/2024,9/19/2024,DOC003458,Invoice,5,6,3,40,,6,5,3493,523.95,3,1164.333333,GL0006,202409,B8,System,2/14/2026 16:10
3464,9/7/2024,9/7/2024,DOC003464,Invoice,3,6,2,13,,6,3,4640,696,2,2320,GL0006,202409,B4,System,2/14/2026 16:10
3477,7/8/2024,7/8/2024,DOC003477,Invoice,1,6,2,21,,6,1,8017,1202.55,2,4008.5,GL0006,202407,B7,System,2/14/2026 16:10
3485,7/6/2024,7/6/2024,DOC003485,Invoice,1,6,2,36,,6,1,17713,2656.95,6,2952.166667,GL0006,202407,B5,System,2/14/2026 16:10
3488,7/15/2024,7/15/2024,DOC003488,Invoice,2,6,2,37,,6,2,8898,1334.7,7,1271.142857,GL0006,202407,B8,System,2/14/2026 16:10
3496,8/22/2024,8/22/2024,DOC003496,Invoice,3,6,2,18,,6,3,5795,869.25,5,1159,GL0006,202408,B6,System,2/14/2026 16:10
3500,8/6/2024,8/6/2024,DOC003500,Invoice,5,6,3,30,,6,5,6590,988.5,5,1318,GL0006,202408,B0,System,2/14/2026 16:10
3504,7/31/2024,7/31/2024,DOC003504,Invoice,3,6,2,33,,6,3,9750,1462.5,6,1625,GL0006,202407,B4,System,2/14/2026 16:10
3506,8/16/2024,8/16/2024,DOC003506,Invoice,5,6,1,25,,6,5,1503,225.45,2,751.5,GL0006,202408,B6,System,2/14/2026 16:10
3524,9/16/2024,9/16/2024,DOC003524,Invoice,4,6,1,34,,6,4,22510,3376.5,5,4502,GL0006,202409,B4,System,2/14/2026 16:10
3531,7/28/2024,7/28/2024,DOC003531,Invoice,1,6,2,21,,6,1,22080,3312,5,4416,GL0006,202407,B1,System,2/14/2026 16:10
3541,9/12/2024,9/12/2024,DOC003541,Invoice,3,6,1,33,,6,3,10249,1537.35,8,1281.125,GL0006,202409,B1,System,2/14/2026 16:10
3542,7/24/2024,7/24/2024,DOC003542,Invoice,4,6,1,9,,6,4,49400,7410,10,4940,GL0006,202407,B2,System,2/14/2026 16:10
3550,8/18/2024,8/18/2024,DOC003550,Invoice,2,6,1,27,,6,2,7972,1195.8,3,2657.333333,GL0006,202408,B0,System,2/14/2026 16:10
3561,8/15/2024,8/15/2024,DOC003561,Invoice,2,6,3,32,,6,2,13335,2000.25,3,4445,GL0006,202408,B1,System,2/14/2026 16:10
3567,8/16/2024,8/16/2024,DOC003567,Invoice,4,6,1,29,,6,4,49640,7446,10,4964,GL0006,202408,B7,System,2/14/2026 16:10
3578,8/18/2024,8/18/2024,DOC003578,Invoice,4,6,2,4,,6,4,13348,2002.2,3,4449.333333,GL0006,202408,B8,System,2/14/2026 16:10
3584,8/4/2024,8/4/2024,DOC003584,Invoice,2,6,3,2,,6,2,25817,3872.55,8,3227.125,GL0006,202408,B4,System,2/14/2026 16:10
3592,7/31/2024,7/31/2024,DOC003592,Invoice,4,6,2,19,,6,4,13847,2077.05,7,1978.142857,GL0006,202407,B2,System,2/14/2026 16:10
3594,9/6/2024,9/6/2024,DOC003594,Invoice,2,6,2,17,,6,2,5835,875.25,5,1167,GL0006,202409,B4,System,2/14/2026 16:10
3611,8/3/2024,8/3/2024,DOC003611,Invoice,4,6,3,24,,6,4,7400,1110,10,740,GL0006,202408,B1,System,2/14/2026 16:10
3612,9/18/2024,9/18/2024,DOC003612,Invoice,1,6,2,26,,6,1,28865,4329.75,8,3608.125,GL0006,202409,B2,System,2/14/2026 16:10
3616,7/6/2024,7/6/2024,DOC003616,Invoice,4,6,1,39,,6,4,15420,2313,6,2570,GL0006,202407,B6,System,2/14/2026 16:10
3618,9/13/2024,9/13/2024,DOC003618,Invoice,1,6,2,31,,6,1,2967,445.05,1,2967,GL0006,202409,B8,System,2/14/2026 16:10
3629,8/23/2024,8/23/2024,DOC003629,Invoice,1,6,1,6,,6,1,30038,4505.7,7,4291.142857,GL0006,202408,B9,System,2/14/2026 16:10
3634,8/24/2024,8/24/2024,DOC003634,Invoice,4,6,2,14,,6,4,9680,1452,5,1936,GL0006,202408,B4,System,2/14/2026 16:10
3635,7/19/2024,7/19/2024,DOC003635,Invoice,3,6,1,3,,6,3,5745,861.75,8,718.125,GL0006,202407,B5,System,2/14/2026 16:10
3639,8/28/2024,8/28/2024,DOC003639,Invoice,5,6,3,40,,6,5,4909,736.35,3,1636.333333,GL0006,202408,B9,System,2/14/2026 16:10
3640,9/11/2024,9/11/2024,DOC003640,Invoice,1,6,3,31,,6,1,6877,1031.55,2,3438.5,GL0006,202409,B0,System,2/14/2026 16:10
3647,7/5/2024,7/5/2024,DOC003647,Invoice,5,6,1,5,,6,5,8213,1231.95,2,4106.5,GL0006,202407,B7,System,2/14/2026 16:10
3652,9/23/2024,9/23/2024,DOC003652,Invoice,4,6,2,14,,6,4,38143,5721.45,9,4238.111111,GL0006,202409,B2,System,2/14/2026 16:10
3663,7/1/2024,7/1/2024,DOC003663,Invoice,1,6,2,1,,6,1,24769,3715.35,8,3096.125,GL0006,202407,B3,System,2/14/2026 16:10
3666,8/10/2024,8/10/2024,DOC003666,Invoice,2,6,2,7,,6,2,3860,579,4,965,GL0006,202408,B6,System,2/14/2026 16:10
3670,8/28/2024,8/28/2024,DOC003670,Invoice,4,6,1,19,,6,4,40267,6040.05,9,4474.111111,GL0006,202408,B0,System,2/14/2026 16:10
3671,8/31/2024,8/31/2024,DOC003671,Invoice,4,6,1,9,,6,4,5307,796.05,2,2653.5,GL0006,202408,B1,System,2/14/2026 16:10
3678,7/27/2024,7/27/2024,DOC003678,Invoice,4,6,1,29,,6,4,31480,4722,10,3148,GL0006,202407,B8,System,2/14/2026 16:10
3680,8/7/2024,8/7/2024,DOC003680,Invoice,3,6,2,8,,6,3,9217,1382.55,4,2304.25,GL0006,202408,B0,System,2/14/2026 16:10
3686,9/6/2024,9/6/2024,DOC003686,Invoice,5,6,2,5,,6,5,7269,1090.35,2,3634.5,GL0006,202409,B6,System,2/14/2026 16:10
3689,7/22/2024,7/22/2024,DOC003689,Invoice,3,6,1,38,,6,3,9590,1438.5,5,1918,GL0006,202407,B9,System,2/14/2026 16:10
3696,7/18/2024,7/18/2024,DOC003696,Invoice,4,6,1,34,,6,4,47220,7083,10,4722,GL0006,202407,B6,System,2/14/2026 16:10
3700,7/3/2024,7/3/2024,DOC003700,Invoice,3,6,2,28,,6,3,2219,332.85,2,1109.5,GL0006,202407,B0,System,2/14/2026 16:10
3705,7/19/2024,7/19/2024,DOC003705,Invoice,5,6,2,10,,6,5,15680,2352,4,3920,GL0006,202407,B5,System,2/14/2026 16:10
3719,7/26/2024,7/26/2024,DOC003719,Invoice,2,6,1,32,,6,2,26065,3909.75,8,3258.125,GL0006,202407,B9,System,2/14/2026 16:10
3725,9/28/2024,9/28/2024,DOC003725,Invoice,5,6,3,20,,6,5,15320,2298,10,1532,GL0006,202409,B5,System,2/14/2026 16:10
3726,7/30/2024,7/30/2024,DOC003726,Invoice,4,6,3,4,,6,4,11649,1747.35,4,2912.25,GL0006,202407,B6,System,2/14/2026 16:10
3729,8/4/2024,8/4/2024,DOC003729,Invoice,2,6,1,22,,6,2,21583,3237.45,6,3597.166667,GL0006,202408,B9,System,2/14/2026 16:10
3731,8/13/2024,8/13/2024,DOC003731,Invoice,3,6,2,3,,6,3,9359,1403.85,2,4679.5,GL0006,202408,B1,System,2/14/2026 16:10
3741,9/14/2024,9/14/2024,DOC003741,Invoice,5,6,1,15,,6,5,7090,1063.5,5,1418,GL0006,202409,B1,System,2/14/2026 16:10
3743,9/14/2024,9/14/2024,DOC003743,Invoice,2,6,2,12,,6,2,17180,2577,4,4295,GL0006,202409,B3,System,2/14/2026 16:10
3745,8/23/2024,8/23/2024,DOC003745,Invoice,5,6,3,5,,6,5,23870,3580.5,5,4774,GL0006,202408,B5,System,2/14/2026 16:10
3750,7/1/2024,7/1/2024,DOC003750,Invoice,2,6,2,37,,6,2,9795,1469.25,2,4897.5,GL0006,202407,B0,System,2/14/2026 16:10
3751,8/16/2024,8/16/2024,DOC003751,Invoice,2,6,3,37,,6,2,24120,3618,9,2680,GL0006,202408,B1,System,2/14/2026 16:10
3758,8/10/2024,8/10/2024,DOC003758,Invoice,5,6,2,10,,6,5,5700,855,10,570,GL0006,202408,B8,System,2/14/2026 16:10
3777,9/25/2024,9/25/2024,DOC003777,Invoice,1,6,3,36,,6,1,3320,498,2,1660,GL0006,202409,B7,System,2/14/2026 16:10
3797,7/27/2024,7/27/2024,DOC003797,Invoice,3,6,3,23,,6,3,16822,2523.3,9,1869.111111,GL0006,202407,B7,System,2/14/2026 16:10
3814,7/18/2024,7/18/2024,DOC003814,Invoice,4,6,3,39,,6,4,24333,3649.95,7,3476.142857,GL0006,202407,B4,System,2/14/2026 16:10
3820,7/11/2024,7/11/2024,DOC003820,Invoice,4,6,3,39,,6,4,17535,2630.25,5,3507,GL0006,202407,B0,System,2/14/2026 16:10
3829,8/28/2024,8/28/2024,DOC003829,Invoice,1,6,1,31,,6,1,5935,890.25,3,1978.333333,GL0006,202408,B9,System,2/14/2026 16:10
3840,8/19/2024,8/19/2024,DOC003840,Invoice,4,6,2,19,,6,4,30164,4524.6,7,4309.142857,GL0006,202408,B0,System,2/14/2026 16:10
3843,7/24/2024,7/24/2024,DOC003843,Invoice,3,6,3,28,,6,3,15585,2337.75,8,1948.125,GL0006,202407,B3,System,2/14/2026 16:10
3854,7/13/2024,7/13/2024,DOC003854,Invoice,5,6,2,20,,6,5,26633,3994.95,8,3329.125,GL0006,202407,B4,System,2/14/2026 16:10
3864,9/24/2024,9/24/2024,DOC003864,Invoice,1,6,3,6,,6,1,22240,3336,8,2780,GL0006,202409,B4,System,2/14/2026 16:10
3868,7/31/2024,7/31/2024,DOC003868,Invoice,4,6,1,24,,6,4,5539,830.85,3,1846.333333,GL0006,202407,B8,System,2/14/2026 16:10
3871,9/18/2024,9/18/2024,DOC003871,Invoice,1,6,3,11,,6,1,32383,4857.45,7,4626.142857,GL0006,202409,B1,System,2/14/2026 16:10
3873,7/16/2024,7/16/2024,DOC003873,Invoice,5,6,2,25,,6,5,6040,906,2,3020,GL0006,202407,B3,System,2/14/2026 16:10
3879,7/5/2024,7/5/2024,DOC003879,Invoice,5,6,2,20,,6,5,14295,2144.25,7,2042.142857,GL0006,202407,B9,System,2/14/2026 16:10
3884,7/29/2024,7/29/2024,DOC003884,Invoice,3,6,2,18,,6,3,10160,1524,10,1016,GL0006,202407,B4,System,2/14/2026 16:10
3900,8/19/2024,8/19/2024,DOC003900,Invoice,4,6,1,39,,6,4,25735,3860.25,6,4289.166667,GL0006,202408,B0,System,2/14/2026 16:10
3901,7/23/2024,7/23/2024,DOC003901,Invoice,3,6,1,23,,6,3,11185,1677.75,6,1864.166667,GL0006,202407,B1,System,2/14/2026 16:10
3902,7/8/2024,7/8/2024,DOC003902,Invoice,3,6,2,23,,6,3,11949,1792.35,4,2987.25,GL0006,202407,B2,System,2/14/2026 16:10
3909,7/21/2024,7/21/2024,DOC003909,Invoice,4,6,2,29,,6,4,42130,6319.5,9,4681.111111,GL0006,202407,B9,System,2/14/2026 16:10
3915,8/18/2024,8/18/2024,DOC003915,Invoice,5,6,3,40,,6,5,3554,533.1,1,3554,GL0006,202408,B5,System,2/14/2026 16:10
3917,7/30/2024,7/30/2024,DOC003917,Invoice,2,6,1,37,,6,2,10579,1586.85,6,1763.166667,GL0006,202407,B7,System,2/14/2026 16:10
3922,9/21/2024,9/21/2024,DOC003922,Invoice,4,6,2,29,,6,4,6619,992.85,2,3309.5,GL0006,202409,B2,System,2/14/2026 16:10
3938,8/3/2024,8/3/2024,DOC003938,Invoice,2,6,3,12,,6,2,6015,902.25,2,3007.5,GL0006,202408,B8,System,2/14/2026 16:10
3948,9/10/2024,9/10/2024,DOC003948,Invoice,3,6,3,38,,6,3,9975,1496.25,5,1995,GL0006,202409,B8,System,2/14/2026 16:10
3960,7/7/2024,7/7/2024,DOC003960,Invoice,5,6,3,25,,6,5,10368,1555.2,7,1481.142857,GL0006,202407,B0,System,2/14/2026 16:10
3961,7/14/2024,7/14/2024,DOC003961,Invoice,5,6,1,5,,6,5,6019,902.85,6,1003.166667,GL0006,202407,B1,System,2/14/2026 16:10
3967,8/6/2024,8/6/2024,DOC003967,Invoice,5,6,2,15,,6,5,22275,3341.25,9,2475,GL0006,202408,B7,System,2/14/2026 16:10
3977,9/26/2024,9/26/2024,DOC003977,Invoice,4,6,2,29,,6,4,5370,805.5,3,1790,GL0006,202409,B7,System,2/14/2026 16:10
3980,8/30/2024,8/30/2024,DOC003980,Invoice,4,6,1,34,,6,4,21480,3222,5,4296,GL0006,202408,B0,System,2/14/2026 16:10
4000,8/11/2024,8/11/2024,DOC004000,Invoice,2,6,2,27,,6,2,7029,1054.35,4,1757.25,GL0006,202408,B0,System,2/14/2026 16:10
4015,9/11/2024,9/11/2024,DOC004015,Invoice,4,6,3,9,,6,4,7270,1090.5,5,1454,GL0006,202409,B5,System,2/14/2026 16:10
4021,8/11/2024,8/11/2024,DOC004021,Invoice,3,6,1,23,,6,3,8240,1236,10,824,GL0006,202408,B1,System,2/14/2026 16:10
4024,7/23/2024,7/23/2024,DOC004024,Invoice,3,6,3,3,,6,3,6265,939.75,7,895,GL0006,202407,B4,System,2/14/2026 16:10
4039,7/9/2024,7/9/2024,DOC004039,Invoice,2,6,3,27,,6,2,27097,4064.55,6,4516.166667,GL0006,202407,B9,System,2/14/2026 16:10
4044,7/30/2024,7/30/2024,DOC004044,Invoice,3,6,2,33,,6,3,5074,761.1,3,1691.333333,GL0006,202407,B4,System,2/14/2026 16:10
4046,9/2/2024,9/2/2024,DOC004046,Invoice,3,6,3,38,,6,3,11865,1779.75,8,1483.125,GL0006,202409,B6,System,2/14/2026 16:10
4049,7/6/2024,7/6/2024,DOC004049,Invoice,5,6,1,40,,6,5,9205,1380.75,4,2301.25,GL0006,202407,B9,System,2/14/2026 16:10
4053,8/31/2024,8/31/2024,DOC004053,Invoice,1,6,2,26,,6,1,17725,2658.75,6,2954.166667,GL0006,202408,B3,System,2/14/2026 16:10
4066,7/18/2024,7/18/2024,DOC004066,Invoice,2,6,2,12,,6,2,9412,1411.8,3,3137.333333,GL0006,202407,B6,System,2/14/2026 16:10
4070,9/10/2024,9/10/2024,DOC004070,Invoice,3,6,3,8,,6,3,4095,614.25,1,4095,GL0006,202409,B0,System,2/14/2026 16:10
4084,9/3/2024,9/3/2024,DOC004084,Invoice,1,6,3,6,,6,1,10180,1527,5,2036,GL0006,202409,B4,System,2/14/2026 16:10
4088,9/14/2024,9/14/2024,DOC004088,Invoice,4,6,2,39,,6,4,25449,3817.35,8,3181.125,GL0006,202409,B8,System,2/14/2026 16:10
4112,8/16/2024,8/16/2024,DOC004112,Invoice,2,6,1,37,,6,2,28953,4342.95,7,4136.142857,GL0006,202408,B2,System,2/14/2026 16:10
4117,7/12/2024,7/12/2024,DOC004117,Invoice,5,6,3,15,,6,5,28684,4302.6,9,3187.111111,GL0006,202407,B7,System,2/14/2026 16:10
4123,9/23/2024,9/23/2024,DOC004123,Invoice,2,6,1,17,,6,2,21375,3206.25,9,2375,GL0006,202409,B3,System,2/14/2026 16:10
4135,8/6/2024,8/6/2024,DOC004135,Invoice,1,6,3,36,,6,1,6439,965.85,3,2146.333333,GL0006,202408,B5,System,2/14/2026 16:10
4136,9/7/2024,9/7/2024,DOC004136,Invoice,2,6,1,17,,6,2,3820,573,1,3820,GL0006,202409,B6,System,2/14/2026 16:10
4150,7/18/2024,7/18/2024,DOC004150,Invoice,2,6,1,12,,6,2,12538,1880.7,7,1791.142857,GL0006,202407,B0,System,2/14/2026 16:10
4154,8/11/2024,8/11/2024,DOC004154,Invoice,1,6,2,1,,6,1,13804,2070.6,3,4601.333333,GL0006,202408,B4,System,2/14/2026 16:10
4163,8/16/2024,8/16/2024,DOC004163,Invoice,4,6,1,29,,6,4,10990,1648.5,7,1570,GL0006,202408,B3,System,2/14/2026 16:10
4166,9/10/2024,9/10/2024,DOC004166,Invoice,5,6,1,10,,6,5,23905,3585.75,6,3984.166667,GL0006,202409,B6,System,2/14/2026 16:10
4177,8/6/2024,8/6/2024,DOC004177,Invoice,5,6,3,15,,6,5,10435,1565.25,3,3478.333333,GL0006,202408,B7,System,2/14/2026 16:10
4183,8/10/2024,8/10/2024,DOC004183,Invoice,3,6,3,13,,6,3,13960,2094,10,1396,GL0006,202408,B3,System,2/14/2026 16:10
4194,9/7/2024,9/7/2024,DOC004194,Invoice,1,6,1,31,,6,1,37257,5588.55,8,4657.125,GL0006,202409,B4,System,2/14/2026 16:10
4208,7/30/2024,7/30/2024,DOC004208,Invoice,4,6,1,14,,6,4,17965,2694.75,6,2994.166667,GL0006,202407,B8,System,2/14/2026 16:10
4212,7/20/2024,7/20/2024,DOC004212,Invoice,5,6,3,25,,6,5,890,133.5,1,890,GL0006,202407,B2,System,2/14/2026 16:10
4214,8/10/2024,8/10/2024,DOC004214,Invoice,3,6,2,13,,6,3,30060,4509,9,3340,GL0006,202408,B4,System,2/14/2026 16:10
4225,7/3/2024,7/3/2024,DOC004225,Invoice,2,6,2,22,,6,2,4217,632.55,4,1054.25,GL0006,202407,B5,System,2/14/2026 16:10
4227,7/23/2024,7/23/2024,DOC004227,Invoice,4,6,3,24,,6,4,10243,1536.45,3,3414.333333,GL0006,202407,B7,System,2/14/2026 16:10
4275,8/12/2024,8/12/2024,DOC004275,Invoice,2,6,2,7,,6,2,12937,1940.55,4,3234.25,GL0006,202408,B5,System,2/14/2026 16:10
4300,8/23/2024,8/23/2024,DOC004300,Invoice,4,6,2,9,,6,4,46540,6981,10,4654,GL0006,202408,B0,System,2/14/2026 16:10
4308,7/17/2024,7/17/2024,DOC004308,Invoice,3,6,2,33,,6,3,13219,1982.85,6,2203.166667,GL0006,202407,B8,System,2/14/2026 16:10
4312,9/23/2024,9/23/2024,DOC004312,Invoice,5,6,2,5,,6,5,44550,6682.5,10,4455,GL0006,202409,B2,System,2/14/2026 16:10
4330,7/14/2024,7/14/2024,DOC004330,Invoice,2,6,1,27,,6,2,4489,673.35,8,561.125,GL0006,202407,B0,System,2/14/2026 16:10
4336,9/8/2024,9/8/2024,DOC004336,Invoice,3,6,2,18,,6,3,6975,1046.25,5,1395,GL0006,202409,B6,System,2/14/2026 16:10
4341,8/10/2024,8/10/2024,DOC004341,Invoice,3,6,2,28,,6,3,2428,364.2,3,809.3333333,GL0006,202408,B1,System,2/14/2026 16:10
4359,7/25/2024,7/25/2024,DOC004359,Invoice,1,6,3,36,,6,1,20245,3036.75,6,3374.166667,GL0006,202407,B9,System,2/14/2026 16:10
4378,9/13/2024,9/13/2024,DOC004378,Invoice,5,6,2,20,,6,5,11500,1725,4,2875,GL0006,202409,B8,System,2/14/2026 16:10
4393,9/2/2024,9/2/2024,DOC004393,Invoice,4,6,2,9,,6,4,8433,1264.95,4,2108.25,GL0006,202409,B3,System,2/14/2026 16:10
4397,9/10/2024,9/10/2024,DOC004397,Invoice,2,6,1,22,,6,2,26665,3999.75,6,4444.166667,GL0006,202409,B7,System,2/14/2026 16:10
4401,8/8/2024,8/8/2024,DOC004401,Invoice,3,6,1,33,,6,3,14920,2238,5,2984,GL0006,202408,B1,System,2/14/2026 16:10
4403,8/25/2024,8/25/2024,DOC004403,Invoice,1,6,1,21,,6,1,8317,1247.55,9,924.1111111,GL0006,202408,B3,System,2/14/2026 16:10
4406,8/19/2024,8/19/2024,DOC004406,Invoice,4,6,1,14,,6,4,28840,4326,7,4120,GL0006,202408,B6,System,2/14/2026 16:10
4412,8/30/2024,8/30/2024,DOC004412,Invoice,5,6,2,25,,6,5,2817,422.55,1,2817,GL0006,202408,B2,System,2/14/2026 16:10
4413,7/24/2024,7/24/2024,DOC004413,Invoice,5,6,2,15,,6,5,1190,178.5,2,595,GL0006,202407,B3,System,2/14/2026 16:10
4426,9/13/2024,9/13/2024,DOC004426,Invoice,4,6,1,9,,6,4,7835,1175.25,2,3917.5,GL0006,202409,B6,System,2/14/2026 16:10
4436,8/31/2024,8/31/2024,DOC004436,Invoice,5,6,3,35,,6,5,3360,504,1,3360,GL0006,202408,B6,System,2/14/2026 16:10
4437,7/11/2024,7/11/2024,DOC004437,Invoice,3,6,2,8,,6,3,1550,232.5,1,1550,GL0006,202407,B7,System,2/14/2026 16:10
4442,8/16/2024,8/16/2024,DOC004442,Invoice,5,6,3,35,,6,5,7669,1150.35,4,1917.25,GL0006,202408,B2,System,2/14/2026 16:10
4456,8/13/2024,8/13/2024,DOC004456,Invoice,3,6,3,18,,6,3,5765,864.75,4,1441.25,GL0006,202408,B6,System,2/14/2026 16:10
4464,8/22/2024,8/22/2024,DOC004464,Invoice,3,6,1,18,,6,3,21979,3296.85,9,2442.111111,GL0006,202408,B4,System,2/14/2026 16:10
4477,8/16/2024,8/16/2024,DOC004477,Invoice,4,6,1,34,,6,4,29880,4482,10,2988,GL0006,202408,B7,System,2/14/2026 16:10
4484,7/9/2024,7/9/2024,DOC004484,Invoice,4,6,2,29,,6,4,10130,1519.5,10,1013,GL0006,202407,B4,System,2/14/2026 16:10
4485,9/22/2024,9/22/2024,DOC004485,Invoice,4,6,3,34,,6,4,26370,3955.5,10,2637,GL0006,202409,B5,System,2/14/2026 16:10
4493,9/13/2024,9/13/2024,DOC004493,Invoice,5,6,2,30,,6,5,29478,4421.7,7,4211.142857,GL0006,202409,B3,System,2/14/2026 16:10
4511,7/10/2024,7/10/2024,DOC004511,Invoice,3,6,1,23,,6,3,15689,2353.35,8,1961.125,GL0006,202407,B1,System,2/14/2026 16:10
4512,9/15/2024,9/15/2024,DOC004512,Invoice,3,6,3,3,,6,3,10385,1557.75,8,1298.125,GL0006,202409,B2,System,2/14/2026 16:10
4513,9/13/2024,9/13/2024,DOC004513,Invoice,1,6,3,1,,6,1,27924,4188.6,7,3989.142857,GL0006,202409,B3,System,2/14/2026 16:10
4517,7/4/2024,7/4/2024,DOC004517,Invoice,1,6,3,26,,6,1,2685,402.75,1,2685,GL0006,202407,B7,System,2/14/2026 16:10
4528,7/14/2024,7/14/2024,DOC004528,Invoice,3,6,3,38,,6,3,7534,1130.1,3,2511.333333,GL0006,202407,B8,System,2/14/2026 16:10
4531,7/27/2024,7/27/2024,DOC004531,Invoice,3,6,3,33,,6,3,40860,6129,9,4540,GL0006,202407,B1,System,2/14/2026 16:10
4551,8/19/2024,8/19/2024,DOC004551,Invoice,5,6,2,40,,6,5,25929,3889.35,7,3704.142857,GL0006,202408,B1,System,2/14/2026 16:10
4552,9/21/2024,9/21/2024,DOC004552,Invoice,4,6,3,24,,6,4,24969,3745.35,8,3121.125,GL0006,202409,B2,System,2/14/2026 16:10
4557,9/1/2024,9/1/2024,DOC004557,Invoice,5,6,3,40,,6,5,7420,1113,7,1060,GL0006,202409,B7,System,2/14/2026 16:10
4558,8/15/2024,8/15/2024,DOC004558,Invoice,3,6,3,33,,6,3,33313,4996.95,8,4164.125,GL0006,202408,B8,System,2/14/2026 16:10
4570,9/17/2024,9/17/2024,DOC004570,Invoice,1,6,1,36,,6,1,15795,2369.25,9,1755,GL0006,202409,B0,System,2/14/2026 16:10
4578,7/22/2024,7/22/2024,DOC004578,Invoice,1,6,1,21,,6,1,9807,1471.05,2,4903.5,GL0006,202407,B8,System,2/14/2026 16:10
4581,8/12/2024,8/12/2024,DOC004581,Invoice,2,6,3,17,,6,2,5845,876.75,7,835,GL0006,202408,B1,System,2/14/2026 16:10
4589,9/12/2024,9/12/2024,DOC004589,Invoice,4,6,2,29,,6,4,18593,2788.95,7,2656.142857,GL0006,202409,B9,System,2/14/2026 16:10
4606,7/3/2024,7/3/2024,DOC004606,Invoice,4,6,2,9,,6,4,12364,1854.6,3,4121.333333,GL0006,202407,B6,System,2/14/2026 16:10
4630,9/12/2024,9/12/2024,DOC004630,Invoice,4,6,1,14,,6,4,13777,2066.55,7,1968.142857,GL0006,202409,B0,System,2/14/2026 16:10
4636,8/14/2024,8/14/2024,DOC004636,Invoice,5,6,1,25,,6,5,18550,2782.5,10,1855,GL0006,202408,B6,System,2/14/2026 16:10
4642,7/22/2024,7/22/2024,DOC004642,Invoice,1,6,2,16,,6,1,504,75.6,1,504,GL0006,202407,B2,System,2/14/2026 16:10
4643,8/15/2024,8/15/2024,DOC004643,Invoice,4,6,3,14,,6,4,1830,274.5,2,915,GL0006,202408,B3,System,2/14/2026 16:10
4669,9/20/2024,9/20/2024,DOC004669,Invoice,3,6,1,23,,6,3,7869,1180.35,2,3934.5,GL0006,202409,B9,System,2/14/2026 16:10
4690,9/27/2024,9/27/2024,DOC004690,Invoice,1,6,1,16,,6,1,15120,2268,10,1512,GL0006,202409,B0,System,2/14/2026 16:10
4695,7/5/2024,7/5/2024,DOC004695,Invoice,4,6,2,24,,6,4,2002,300.3,3,667.3333333,GL0006,202407,B5,System,2/14/2026 16:10
4696,9/22/2024,9/22/2024,DOC004696,Invoice,5,6,3,25,,6,5,26010,3901.5,10,2601,GL0006,202409,B6,System,2/14/2026 16:10
4697,9/3/2024,9/3/2024,DOC004697,Invoice,5,6,3,35,,6,5,4315,647.25,6,719.1666667,GL0006,202409,B7,System,2/14/2026 16:10
4701,9/24/2024,9/24/2024,DOC004701,Invoice,3,6,2,18,,6,3,17093,2563.95,4,4273.25,GL0006,202409,B1,System,2/14/2026 16:10
4718,9/23/2024,9/23/2024,DOC004718,Invoice,4,6,2,9,,6,4,10300,1545,3,3433.333333,GL0006,202409,B8,System,2/14/2026 16:10
4734,9/19/2024,9/19/2024,DOC004734,Invoice,3,6,2,38,,6,3,3675,551.25,5,735,GL0006,202409,B4,System,2/14/2026 16:10
4746,7/9/2024,7/9/2024,DOC004746,Invoice,3,6,2,23,,6,3,5870,880.5,10,587,GL0006,202407,B6,System,2/14/2026 16:10
4747,7/31/2024,7/31/2024,DOC004747,Invoice,1,6,3,11,,6,1,30565,4584.75,9,3396.111111,GL0006,202407,B7,System,2/14/2026 16:10
4756,8/3/2024,8/3/2024,DOC004756,Invoice,5,6,2,10,,6,5,8497,1274.55,3,2832.333333,GL0006,202408,B6,System,2/14/2026 16:10
4759,8/5/2024,8/5/2024,DOC004759,Invoice,3,6,2,13,,6,3,36713,5506.95,8,4589.125,GL0006,202408,B9,System,2/14/2026 16:10
4762,8/9/2024,8/9/2024,DOC004762,Invoice,2,6,2,7,,6,2,29925,4488.75,7,4275,GL0006,202408,B2,System,2/14/2026 16:10
4766,9/7/2024,9/7/2024,DOC004766,Invoice,5,6,3,35,,6,5,9567,1435.05,2,4783.5,GL0006,202409,B6,System,2/14/2026 16:10
4767,9/2/2024,9/2/2024,DOC004767,Invoice,2,6,1,12,,6,2,5594,839.1,7,799.1428571,GL0006,202409,B7,System,2/14/2026 16:10
4770,8/7/2024,8/7/2024,DOC004770,Invoice,4,6,2,24,,6,4,1233,184.95,2,616.5,GL0006,202408,B0,System,2/14/2026 16:10
4778,8/4/2024,8/4/2024,DOC004778,Invoice,2,6,1,32,,6,2,11005,1650.75,4,2751.25,GL0006,202408,B8,System,2/14/2026 16:10
4786,9/4/2024,9/4/2024,DOC004786,Invoice,5,6,2,30,,6,5,2700,405,3,900,GL0006,202409,B6,System,2/14/2026 16:10
4788,7/3/2024,7/3/2024,DOC004788,Invoice,3,6,1,3,,6,3,33727,5059.05,7,4818.142857,GL0006,202407,B8,System,2/14/2026 16:10
4798,8/28/2024,8/28/2024,DOC004798,Invoice,3,6,1,28,,6,3,8050,1207.5,5,1610,GL0006,202408,B8,System,2/14/2026 16:10
4806,8/2/2024,8/2/2024,DOC004806,Invoice,1,6,1,16,,6,1,13820,2073,5,2764,GL0006,202408,B6,System,2/14/2026 16:10
4835,7/20/2024,7/20/2024,DOC004835,Invoice,5,6,1,35,,6,5,3085,462.75,3,1028.333333,GL0006,202407,B5,System,2/14/2026 16:10
4839,9/11/2024,9/11/2024,DOC004839,Invoice,2,6,1,17,,6,2,31080,4662,7,4440,GL0006,202409,B9,System,2/14/2026 16:10
4841,7/25/2024,7/25/2024,DOC004841,Invoice,5,6,2,35,,6,5,15780,2367,5,3156,GL0006,202407,B1,System,2/14/2026 16:10
4846,7/20/2024,7/20/2024,DOC004846,Invoice,1,6,2,36,,6,1,24220,3633,10,2422,GL0006,202407,B6,System,2/14/2026 16:10
4851,8/16/2024,8/16/2024,DOC004851,Invoice,3,6,1,38,,6,3,4359,653.85,1,4359,GL0006,202408,B1,System,2/14/2026 16:10
4882,7/24/2024,7/24/2024,DOC004882,Invoice,3,6,1,13,,6,3,37865,5679.75,8,4733.125,GL0006,202407,B2,System,2/14/2026 16:10
4886,7/11/2024,7/11/2024,DOC004886,Invoice,5,6,2,20,,6,5,24215,3632.25,5,4843,GL0006,202407,B6,System,2/14/2026 16:10
4888,7/19/2024,7/19/2024,DOC004888,Invoice,5,6,3,40,,6,5,39433,5914.95,8,4929.125,GL0006,202407,B8,System,2/14/2026 16:10
4893,8/16/2024,8/16/2024,DOC004893,Invoice,5,6,1,35,,6,5,4150,622.5,1,4150,GL0006,202408,B3,System,2/14/2026 16:10
4905,7/14/2024,7/14/2024,DOC004905,Invoice,5,6,3,5,,6,5,20905,3135.75,8,2613.125,GL0006,202407,B5,System,2/14/2026 16:10
4906,9/26/2024,9/26/2024,DOC004906,Invoice,2,6,3,37,,6,2,29935,4490.25,9,3326.111111,GL0006,202409,B6,System,2/14/2026 16:10
4914,8/29/2024,8/29/2024,DOC004914,Invoice,3,6,3,18,,6,3,23285,3492.75,5,4657,GL0006,202408,B4,System,2/14/2026 16:10
4924,9/28/2024,9/28/2024,DOC004924,Invoice,1,6,1,36,,6,1,3587,538.05,1,3587,GL0006,202409,B4,System,2/14/2026 16:10
4931,9/4/2024,9/4/2024,DOC004931,Invoice,3,6,2,8,,6,3,8715,1307.25,3,2905,GL0006,202409,B1,System,2/14/2026 16:10
4940,9/24/2024,9/24/2024,DOC004940,Invoice,1,6,1,11,,6,1,41824,6273.6,9,4647.111111,GL0006,202409,B0,System,2/14/2026 16:10
4941,8/30/2024,8/30/2024,DOC004941,Invoice,1,6,3,31,,6,1,16875,2531.25,5,3375,GL0006,202408,B1,System,2/14/2026 16:10
4950,9/23/2024,9/23/2024,DOC004950,Invoice,1,6,2,6,,6,1,2883,432.45,2,1441.5,GL0006,202409,B0,System,2/14/2026 16:10
4955,8/29/2024,8/29/2024,DOC004955,Invoice,5,6,2,30,,6,5,7769,1165.35,8,971.125,GL0006,202408,B5,System,2/14/2026 16:10
4960,7/10/2024,7/10/2024,DOC004960,Invoice,3,6,3,28,,6,3,4809,721.35,8,601.125,GL0006,202407,B0,System,2/14/2026 16:10
4961,8/28/2024,8/28/2024,DOC004961,Invoice,4,6,1,39,,6,4,9085,1362.75,3,3028.333333,GL0006,202408,B1,System,2/14/2026 16:10
4968,8/22/2024,8/22/2024,DOC004968,Invoice,2,6,3,2,,6,2,12757,1913.55,6,2126.166667,GL0006,202408,B8,System,2/14/2026 16:10
4970,8/1/2024,8/1/2024,DOC004970,Invoice,2,6,3,17,,6,2,49240,7386,10,4924,GL0006,202408,B0,System,2/14/2026 16:10
4977,7/30/2024,7/30/2024,DOC004977,Invoice,4,6,1,29,,6,4,22549,3382.35,6,3758.166667,GL0006,202407,B7,System,2/14/2026 16:10
4993,8/3/2024,8/3/2024,DOC004993,Invoice,4,6,2,34,,6,4,5370,805.5,7,767.1428571,GL0006,202408,B3,System,2/14/2026 16:10
4998,7/26/2024,7/26/2024,DOC004998,Invoice,2,6,3,2,,6,2,4124,618.6,1,4124,GL0006,202407,B8,System,2/14/2026 16:10
1,7/10/2024,7/10/2024,DOC000001,Invoice,3,7,4,8,18,7,3,6866,1029.9,2,3433,GL0007,202407,B1,System,2/14/2026 16:10
18,9/16/2024,9/16/2024,DOC000018,Invoice,5,7,4,35,8,7,5,15978,2396.7,4,3994.5,GL0007,202409,B8,System,2/14/2026 16:10
32,9/16/2024,9/16/2024,DOC000032,Invoice,2,7,4,22,19,7,2,1188,178.2,1,1188,GL0007,202409,B2,System,2/14/2026 16:10
41,8/7/2024,8/7/2024,DOC000041,Invoice,1,7,4,21,5,7,1,23727,3559.05,6,3954.5,GL0007,202408,B1,System,2/14/2026 16:10
64,9/5/2024,9/5/2024,DOC000064,Invoice,3,7,4,3,12,7,3,23386,3507.9,8,2923.25,GL0007,202409,B4,System,2/14/2026 16:10
96,8/2/2024,8/2/2024,DOC000096,Invoice,4,7,4,19,19,7,4,14118,2117.7,7,2016.857143,GL0007,202408,B6,System,2/14/2026 16:10
99,7/14/2024,7/14/2024,DOC000099,Invoice,1,7,4,16,13,7,1,34445,5166.75,9,3827.222222,GL0007,202407,B9,System,2/14/2026 16:10
100,8/17/2024,8/17/2024,DOC000100,Invoice,4,7,4,14,10,7,4,2900,435,2,1450,GL0007,202408,B0,System,2/14/2026 16:10
107,7/2/2024,7/2/2024,DOC000107,Invoice,1,7,4,21,15,7,1,6948,1042.2,2,3474,GL0007,202407,B7,System,2/14/2026 16:10
109,9/16/2024,9/16/2024,DOC000109,Invoice,5,7,4,30,17,7,5,19623,2943.45,7,2803.285714,GL0007,202409,B9,System,2/14/2026 16:10
138,7/20/2024,7/20/2024,DOC000138,Invoice,3,7,4,3,17,7,3,2434,365.1,3,811.3333333,GL0007,202407,B8,System,2/14/2026 16:10
141,9/26/2024,9/26/2024,DOC000141,Invoice,3,7,4,33,1,7,3,6424,963.6,5,1284.8,GL0007,202409,B1,System,2/14/2026 16:10
142,7/23/2024,7/23/2024,DOC000142,Invoice,3,7,4,18,1,7,3,1748,262.2,1,1748,GL0007,202407,B2,System,2/14/2026 16:10
148,8/23/2024,8/23/2024,DOC000148,Invoice,1,7,4,11,12,7,1,33584,5037.6,10,3358.4,GL0007,202408,B8,System,2/14/2026 16:10
175,9/9/2024,9/9/2024,DOC000175,Invoice,2,7,4,2,7,7,2,7272,1090.8,10,727.2,GL0007,202409,B5,System,2/14/2026 16:10
195,8/4/2024,8/4/2024,DOC000195,Invoice,2,7,4,7,6,7,2,872,130.8,1,872,GL0007,202408,B5,System,2/14/2026 16:10
196,9/12/2024,9/12/2024,DOC000196,Invoice,2,7,4,7,10,7,2,5383,807.45,2,2691.5,GL0007,202409,B6,System,2/14/2026 16:10
204,7/3/2024,7/3/2024,DOC000204,Invoice,3,7,4,3,13,7,3,16916,2537.4,6,2819.333333,GL0007,202407,B4,System,2/14/2026 16:10
212,7/22/2024,7/22/2024,DOC000212,Invoice,5,7,4,10,16,7,5,16613,2491.95,6,2768.833333,GL0007,202407,B2,System,2/14/2026 16:10
218,8/1/2024,8/1/2024,DOC000218,Invoice,4,7,4,19,7,7,4,10683,1602.45,3,3561,GL0007,202408,B8,System,2/14/2026 16:10
219,8/24/2024,8/24/2024,DOC000219,Invoice,3,7,4,38,10,7,3,4389,658.35,2,2194.5,GL0007,202408,B9,System,2/14/2026 16:10
229,8/22/2024,8/22/2024,DOC000229,Invoice,3,7,4,3,10,7,3,17856,2678.4,10,1785.6,GL0007,202408,B9,System,2/14/2026 16:10
237,8/18/2024,8/18/2024,DOC000237,Invoice,3,7,4,18,3,7,3,5799,869.85,8,724.875,GL0007,202408,B7,System,2/14/2026 16:10
239,7/8/2024,7/8/2024,DOC000239,Invoice,3,7,4,13,1,7,3,2375,356.25,4,593.75,GL0007,202407,B9,System,2/14/2026 16:10
245,9/4/2024,9/4/2024,DOC000245,Invoice,4,7,4,24,18,7,4,5933,889.95,3,1977.666667,GL0007,202409,B5,System,2/14/2026 16:10
252,8/19/2024,8/19/2024,DOC000252,Invoice,3,7,4,33,2,7,3,6589,988.35,2,3294.5,GL0007,202408,B2,System,2/14/2026 16:10
255,8/7/2024,8/7/2024,DOC000255,Invoice,4,7,4,4,12,7,4,1933,289.95,1,1933,GL0007,202408,B5,System,2/14/2026 16:10
260,7/24/2024,7/24/2024,DOC000260,Invoice,1,7,4,31,5,7,1,4527,679.05,6,754.5,GL0007,202407,B0,System,2/14/2026 16:10
264,8/28/2024,8/28/2024,DOC000264,Invoice,3,7,4,18,11,7,3,17019,2552.85,7,2431.285714,GL0007,202408,B4,System,2/14/2026 16:10
282,7/30/2024,7/30/2024,DOC000282,Invoice,3,7,4,13,20,7,3,2884,432.6,1,2884,GL0007,202407,B2,System,2/14/2026 16:10
283,7/2/2024,7/2/2024,DOC000283,Invoice,2,7,4,22,9,7,2,6996,1049.4,4,1749,GL0007,202407,B3,System,2/14/2026 16:10
287,7/3/2024,7/3/2024,DOC000287,Invoice,1,7,4,26,4,7,1,9600,1440,4,2400,GL0007,202407,B7,System,2/14/2026 16:10
288,8/20/2024,8/20/2024,DOC000288,Invoice,4,7,4,14,4,7,4,17544,2631.6,5,3508.8,GL0007,202408,B8,System,2/14/2026 16:10
289,8/21/2024,8/21/2024,DOC000289,Invoice,4,7,4,34,1,7,4,25892,3883.8,9,2876.888889,GL0007,202408,B9,System,2/14/2026 16:10
290,8/27/2024,8/27/2024,DOC000290,Invoice,5,7,4,10,3,7,5,10080,1512,8,1260,GL0007,202408,B0,System,2/14/2026 16:10
303,8/25/2024,8/25/2024,DOC000303,Invoice,2,7,4,12,16,7,2,4095,614.25,6,682.5,GL0007,202408,B3,System,2/14/2026 16:10
305,8/29/2024,8/29/2024,DOC000305,Invoice,4,7,4,19,15,7,4,10704,1605.6,3,3568,GL0007,202408,B5,System,2/14/2026 16:10
331,7/17/2024,7/17/2024,DOC000331,Invoice,5,7,4,15,6,7,5,21272,3190.8,10,2127.2,GL0007,202407,B1,System,2/14/2026 16:10
342,7/17/2024,7/17/2024,DOC000342,Invoice,3,7,4,18,8,7,3,2461,369.15,2,1230.5,GL0007,202407,B2,System,2/14/2026 16:10
343,7/10/2024,7/10/2024,DOC000343,Invoice,4,7,4,34,1,7,4,3038,455.7,1,3038,GL0007,202407,B3,System,2/14/2026 16:10
345,7/13/2024,7/13/2024,DOC000345,Invoice,1,7,4,26,2,7,1,5360,804,10,536,GL0007,202407,B5,System,2/14/2026 16:10
355,7/16/2024,7/16/2024,DOC000355,Invoice,5,7,4,35,20,7,5,3314,497.1,2,1657,GL0007,202407,B5,System,2/14/2026 16:10
364,8/16/2024,8/16/2024,DOC000364,Invoice,1,7,4,21,4,7,1,3940,591,1,3940,GL0007,202408,B4,System,2/14/2026 16:10
373,9/18/2024,9/18/2024,DOC000373,Invoice,4,7,4,9,10,7,4,26640,3996,10,2664,GL0007,202409,B3,System,2/14/2026 16:10
380,8/13/2024,8/13/2024,DOC000380,Invoice,2,7,4,7,13,7,2,5653,847.95,2,2826.5,GL0007,202408,B0,System,2/14/2026 16:10
383,8/20/2024,8/20/2024,DOC000383,Invoice,4,7,4,24,16,7,4,2644,396.6,1,2644,GL0007,202408,B3,System,2/14/2026 16:10
399,7/18/2024,7/18/2024,DOC000399,Invoice,1,7,4,21,19,7,1,23725,3558.75,8,2965.625,GL0007,202407,B9,System,2/14/2026 16:10
419,8/7/2024,8/7/2024,DOC000419,Invoice,2,7,4,2,2,7,2,7104,1065.6,3,2368,GL0007,202408,B9,System,2/14/2026 16:10
422,9/24/2024,9/24/2024,DOC000422,Invoice,2,7,4,7,12,7,2,11453,1717.95,6,1908.833333,GL0007,202409,B2,System,2/14/2026 16:10
437,7/3/2024,7/3/2024,DOC000437,Invoice,4,7,4,29,10,7,4,2125,318.75,2,1062.5,GL0007,202407,B7,System,2/14/2026 16:10
461,9/2/2024,9/2/2024,DOC000461,Invoice,5,7,4,5,4,7,5,4152,622.8,10,415.2,GL0007,202409,B1,System,2/14/2026 16:10
474,8/6/2024,8/6/2024,DOC000474,Invoice,1,7,4,36,12,7,1,4832,724.8,8,604,GL0007,202408,B4,System,2/14/2026 16:10
502,8/1/2024,8/1/2024,DOC000502,Invoice,4,7,4,39,10,7,4,9733,1459.95,7,1390.428571,GL0007,202408,B2,System,2/14/2026 16:10
503,9/27/2024,9/27/2024,DOC000503,Invoice,3,7,4,3,12,7,3,5900,885,2,2950,GL0007,202409,B3,System,2/14/2026 16:10
508,8/21/2024,8/21/2024,DOC000508,Invoice,5,7,4,35,17,7,5,2600,390,3,866.6666667,GL0007,202408,B8,System,2/14/2026 16:10
512,8/11/2024,8/11/2024,DOC000512,Invoice,2,7,4,12,8,7,2,14904,2235.6,10,1490.4,GL0007,202408,B2,System,2/14/2026 16:10
522,7/11/2024,7/11/2024,DOC000522,Invoice,4,7,4,4,16,7,4,3536,530.4,2,1768,GL0007,202407,B2,System,2/14/2026 16:10
524,9/17/2024,9/17/2024,DOC000524,Invoice,2,7,4,22,1,7,2,27840,4176,10,2784,GL0007,202409,B4,System,2/14/2026 16:10
525,7/12/2024,7/12/2024,DOC000525,Invoice,1,7,4,16,17,7,1,14496,2174.4,5,2899.2,GL0007,202407,B5,System,2/14/2026 16:10
539,7/16/2024,7/16/2024,DOC000539,Invoice,2,7,4,32,8,7,2,15305,2295.75,7,2186.428571,GL0007,202407,B9,System,2/14/2026 16:10
540,7/2/2024,7/2/2024,DOC000540,Invoice,3,7,4,38,2,7,3,14215,2132.25,8,1776.875,GL0007,202407,B0,System,2/14/2026 16:10
550,9/12/2024,9/12/2024,DOC000550,Invoice,2,7,4,7,13,7,2,5428,814.2,5,1085.6,GL0007,202409,B0,System,2/14/2026 16:10
557,8/10/2024,8/10/2024,DOC000557,Invoice,2,7,4,7,14,7,2,18298,2744.7,8,2287.25,GL0007,202408,B7,System,2/14/2026 16:10
563,7/26/2024,7/26/2024,DOC000563,Invoice,3,7,4,33,13,7,3,39992,5998.8,10,3999.2,GL0007,202407,B3,System,2/14/2026 16:10
566,8/14/2024,8/14/2024,DOC000566,Invoice,5,7,4,15,18,7,5,23638,3545.7,9,2626.444444,GL0007,202408,B6,System,2/14/2026 16:10
578,9/19/2024,9/19/2024,DOC000578,Invoice,4,7,4,9,4,7,4,1261,189.15,1,1261,GL0007,202409,B8,System,2/14/2026 16:10
586,9/3/2024,9/3/2024,DOC000586,Invoice,5,7,4,10,15,7,5,11710,1756.5,3,3903.333333,GL0007,202409,B6,System,2/14/2026 16:10
593,8/20/2024,8/20/2024,DOC000593,Invoice,4,7,4,14,18,7,4,15473,2320.95,7,2210.428571,GL0007,202408,B3,System,2/14/2026 16:10
612,9/1/2024,9/1/2024,DOC000612,Invoice,2,7,4,17,6,7,2,5794,869.1,6,965.6666667,GL0007,202409,B2,System,2/14/2026 16:10
614,7/23/2024,7/23/2024,DOC000614,Invoice,2,7,4,22,4,7,2,5780,867,8,722.5,GL0007,202407,B4,System,2/14/2026 16:10
618,9/7/2024,9/7/2024,DOC000618,Invoice,1,7,4,21,3,7,1,22253,3337.95,8,2781.625,GL0007,202409,B8,System,2/14/2026 16:10
622,7/28/2024,7/28/2024,DOC000622,Invoice,3,7,4,3,11,7,3,5998,899.7,7,856.8571429,GL0007,202407,B2,System,2/14/2026 16:10
628,7/13/2024,7/13/2024,DOC000628,Invoice,4,7,4,9,8,7,4,3610,541.5,1,3610,GL0007,202407,B8,System,2/14/2026 16:10
631,8/7/2024,8/7/2024,DOC000631,Invoice,3,7,4,33,20,7,3,26279,3941.85,8,3284.875,GL0007,202408,B1,System,2/14/2026 16:10
634,8/10/2024,8/10/2024,DOC000634,Invoice,3,7,4,23,18,7,3,27096,4064.4,10,2709.6,GL0007,202408,B4,System,2/14/2026 16:10
655,7/13/2024,7/13/2024,DOC000655,Invoice,4,7,4,24,17,7,4,19042,2856.3,6,3173.666667,GL0007,202407,B5,System,2/14/2026 16:10
661,8/24/2024,8/24/2024,DOC000661,Invoice,5,7,4,25,17,7,5,9408,1411.2,7,1344,GL0007,202408,B1,System,2/14/2026 16:10
674,8/6/2024,8/6/2024,DOC000674,Invoice,1,7,4,11,14,7,1,16820,2523,5,3364,GL0007,202408,B4,System,2/14/2026 16:10
676,8/1/2024,8/1/2024,DOC000676,Invoice,3,7,4,8,5,7,3,3664,549.6,1,3664,GL0007,202408,B6,System,2/14/2026 16:10
679,8/24/2024,8/24/2024,DOC000679,Invoice,1,7,4,26,7,7,1,26416,3962.4,10,2641.6,GL0007,202408,B9,System,2/14/2026 16:10
683,7/20/2024,7/20/2024,DOC000683,Invoice,1,7,4,26,14,7,1,2187,328.05,1,2187,GL0007,202407,B3,System,2/14/2026 16:10
685,7/6/2024,7/6/2024,DOC000685,Invoice,2,7,4,17,9,7,2,4983,747.45,2,2491.5,GL0007,202407,B5,System,2/14/2026 16:10
712,8/9/2024,8/9/2024,DOC000712,Invoice,1,7,4,16,1,7,1,21868,3280.2,7,3124,GL0007,202408,B2,System,2/14/2026 16:10
713,8/28/2024,8/28/2024,DOC000713,Invoice,4,7,4,19,9,7,4,13052,1957.8,6,2175.333333,GL0007,202408,B3,System,2/14/2026 16:10
716,8/24/2024,8/24/2024,DOC000716,Invoice,4,7,4,19,20,7,4,13978,2096.7,4,3494.5,GL0007,202408,B6,System,2/14/2026 16:10
717,7/12/2024,7/12/2024,DOC000717,Invoice,1,7,4,31,3,7,1,4292,643.8,2,2146,GL0007,202407,B7,System,2/14/2026 16:10
732,9/1/2024,9/1/2024,DOC000732,Invoice,5,7,4,10,16,7,5,10996,1649.4,5,2199.2,GL0007,202409,B2,System,2/14/2026 16:10
743,9/26/2024,9/26/2024,DOC000743,Invoice,4,7,4,24,18,7,4,12752,1912.8,9,1416.888889,GL0007,202409,B3,System,2/14/2026 16:10
746,7/5/2024,7/5/2024,DOC000746,Invoice,2,7,4,37,7,7,2,16445,2466.75,6,2740.833333,GL0007,202407,B6,System,2/14/2026 16:10
751,9/3/2024,9/3/2024,DOC000751,Invoice,3,7,4,28,12,7,3,12001,1800.15,7,1714.428571,GL0007,202409,B1,System,2/14/2026 16:10
752,9/5/2024,9/5/2024,DOC000752,Invoice,1,7,4,16,3,7,1,13652,2047.8,5,2730.4,GL0007,202409,B2,System,2/14/2026 16:10
755,7/1/2024,7/1/2024,DOC000755,Invoice,1,7,4,16,13,7,1,28800,4320,10,2880,GL0007,202407,B5,System,2/14/2026 16:10
767,8/14/2024,8/14/2024,DOC000767,Invoice,1,7,4,16,3,7,1,30096,4514.4,9,3344,GL0007,202408,B7,System,2/14/2026 16:10
776,9/23/2024,9/23/2024,DOC000776,Invoice,3,7,4,3,6,7,3,9408,1411.2,7,1344,GL0007,202409,B6,System,2/14/2026 16:10
779,9/22/2024,9/22/2024,DOC000779,Invoice,5,7,4,20,20,7,5,14314,2147.1,6,2385.666667,GL0007,202409,B9,System,2/14/2026 16:10
785,8/4/2024,8/4/2024,DOC000785,Invoice,3,7,4,38,13,7,3,15132,2269.8,5,3026.4,GL0007,202408,B5,System,2/14/2026 16:10
787,9/15/2024,9/15/2024,DOC000787,Invoice,3,7,4,8,10,7,3,34294,5144.1,9,3810.444444,GL0007,202409,B7,System,2/14/2026 16:10
789,8/8/2024,8/8/2024,DOC000789,Invoice,2,7,4,22,11,7,2,20300,3045,7,2900,GL0007,202408,B9,System,2/14/2026 16:10
792,8/23/2024,8/23/2024,DOC000792,Invoice,2,7,4,37,4,7,2,17028,2554.2,9,1892,GL0007,202408,B2,System,2/14/2026 16:10
835,8/3/2024,8/3/2024,DOC000835,Invoice,3,7,4,8,2,7,3,9668,1450.2,3,3222.666667,GL0007,202408,B5,System,2/14/2026 16:10
866,8/17/2024,8/17/2024,DOC000866,Invoice,5,7,4,5,18,7,5,29628,4444.2,9,3292,GL0007,202408,B6,System,2/14/2026 16:10
873,7/22/2024,7/22/2024,DOC000873,Invoice,1,7,4,16,8,7,1,3934,590.1,3,1311.333333,GL0007,202407,B3,System,2/14/2026 16:10
875,7/6/2024,7/6/2024,DOC000875,Invoice,5,7,4,40,7,7,5,9833,1474.95,3,3277.666667,GL0007,202407,B5,System,2/14/2026 16:10
893,8/8/2024,8/8/2024,DOC000893,Invoice,1,7,4,1,11,7,1,15293,2293.95,4,3823.25,GL0007,202408,B3,System,2/14/2026 16:10
920,7/24/2024,7/24/2024,DOC000920,Invoice,3,7,4,23,5,7,3,14252,2137.8,7,2036,GL0007,202407,B0,System,2/14/2026 16:10
923,7/31/2024,7/31/2024,DOC000923,Invoice,2,7,4,22,3,7,2,2190,328.5,1,2190,GL0007,202407,B3,System,2/14/2026 16:10
924,7/10/2024,7/10/2024,DOC000924,Invoice,3,7,4,18,13,7,3,22132,3319.8,7,3161.714286,GL0007,202407,B4,System,2/14/2026 16:10
930,8/14/2024,8/14/2024,DOC000930,Invoice,2,7,4,27,10,7,2,11381,1707.15,3,3793.666667,GL0007,202408,B0,System,2/14/2026 16:10
931,7/28/2024,7/28/2024,DOC000931,Invoice,4,7,4,39,19,7,4,11396,1709.4,4,2849,GL0007,202407,B1,System,2/14/2026 16:10
938,7/10/2024,7/10/2024,DOC000938,Invoice,2,7,4,32,10,7,2,719,107.85,1,719,GL0007,202407,B8,System,2/14/2026 16:10
939,9/26/2024,9/26/2024,DOC000939,Invoice,1,7,4,6,15,7,1,4300,645,2,2150,GL0007,202409,B9,System,2/14/2026 16:10
957,8/16/2024,8/16/2024,DOC000957,Invoice,4,7,4,14,12,7,4,19456,2918.4,10,1945.6,GL0007,202408,B7,System,2/14/2026 16:10
959,7/22/2024,7/22/2024,DOC000959,Invoice,3,7,4,33,9,7,3,2016,302.4,4,504,GL0007,202407,B9,System,2/14/2026 16:10
977,8/11/2024,8/11/2024,DOC000977,Invoice,2,7,4,2,14,7,2,9252,1387.8,4,2313,GL0007,202408,B7,System,2/14/2026 16:10
978,9/2/2024,9/2/2024,DOC000978,Invoice,1,7,4,31,13,7,1,2247,337.05,1,2247,GL0007,202409,B8,System,2/14/2026 16:10
986,7/24/2024,7/24/2024,DOC000986,Invoice,1,7,4,31,10,7,1,30190,4528.5,9,3354.444444,GL0007,202407,B6,System,2/14/2026 16:10
1006,7/17/2024,7/17/2024,DOC001006,Invoice,4,7,4,29,14,7,4,15488,2323.2,10,1548.8,GL0007,202407,B6,System,2/14/2026 16:10
1017,9/25/2024,9/25/2024,DOC001017,Invoice,5,7,4,20,6,7,5,4848,727.2,6,808,GL0007,202409,B7,System,2/14/2026 16:10
1020,9/21/2024,9/21/2024,DOC001020,Invoice,2,7,4,22,19,7,2,2999,449.85,2,1499.5,GL0007,202409,B0,System,2/14/2026 16:10
1035,9/7/2024,9/7/2024,DOC001035,Invoice,2,7,4,32,11,7,2,11213,1681.95,8,1401.625,GL0007,202409,B5,System,2/14/2026 16:10
1039,8/23/2024,8/23/2024,DOC001039,Invoice,3,7,4,23,6,7,3,22472,3370.8,9,2496.888889,GL0007,202408,B9,System,2/14/2026 16:10
1054,7/12/2024,7/12/2024,DOC001054,Invoice,5,7,4,40,7,7,5,10904,1635.6,3,3634.666667,GL0007,202407,B4,System,2/14/2026 16:10
1058,8/24/2024,8/24/2024,DOC001058,Invoice,2,7,4,32,12,7,2,17184,2577.6,5,3436.8,GL0007,202408,B8,System,2/14/2026 16:10
1077,9/24/2024,9/24/2024,DOC001077,Invoice,2,7,4,27,14,7,2,22976,3446.4,10,2297.6,GL0007,202409,B7,System,2/14/2026 16:10
1081,9/24/2024,9/24/2024,DOC001081,Invoice,5,7,4,30,19,7,5,1799,269.85,4,449.75,GL0007,202409,B1,System,2/14/2026 16:10
1082,9/25/2024,9/25/2024,DOC001082,Invoice,5,7,4,10,1,7,5,26108,3916.2,7,3729.714286,GL0007,202409,B2,System,2/14/2026 16:10
1087,9/2/2024,9/2/2024,DOC001087,Invoice,2,7,4,17,8,7,2,21888,3283.2,8,2736,GL0007,202409,B7,System,2/14/2026 16:10
1101,7/30/2024,7/30/2024,DOC001101,Invoice,1,7,4,36,6,7,1,17976,2696.4,10,1797.6,GL0007,202407,B1,System,2/14/2026 16:10
1115,7/14/2024,7/14/2024,DOC001115,Invoice,1,7,4,1,13,7,1,16232,2434.8,10,1623.2,GL0007,202407,B5,System,2/14/2026 16:10
1116,7/18/2024,7/18/2024,DOC001116,Invoice,2,7,4,12,12,7,2,1992,298.8,2,996,GL0007,202407,B6,System,2/14/2026 16:10
1125,9/4/2024,9/4/2024,DOC001125,Invoice,3,7,4,33,19,7,3,10080,1512,9,1120,GL0007,202409,B5,System,2/14/2026 16:10
1139,8/18/2024,8/18/2024,DOC001139,Invoice,1,7,4,16,9,7,1,26707,4006.05,7,3815.285714,GL0007,202408,B9,System,2/14/2026 16:10
1164,9/28/2024,9/28/2024,DOC001164,Invoice,5,7,4,35,16,7,5,1588,238.2,1,1588,GL0007,202409,B4,System,2/14/2026 16:10
1168,8/21/2024,8/21/2024,DOC001168,Invoice,3,7,4,33,20,7,3,1663,249.45,1,1663,GL0007,202408,B8,System,2/14/2026 16:10
1173,8/25/2024,8/25/2024,DOC001173,Invoice,3,7,4,38,18,7,3,19016,2852.4,5,3803.2,GL0007,202408,B3,System,2/14/2026 16:10
1177,7/6/2024,7/6/2024,DOC001177,Invoice,4,7,4,14,8,7,4,4529,679.35,3,1509.666667,GL0007,202407,B7,System,2/14/2026 16:10
1178,9/12/2024,9/12/2024,DOC001178,Invoice,1,7,4,11,14,7,1,7683,1152.45,9,853.6666667,GL0007,202409,B8,System,2/14/2026 16:10
1179,9/10/2024,9/10/2024,DOC001179,Invoice,5,7,4,10,3,7,5,1680,252,1,1680,GL0007,202409,B9,System,2/14/2026 16:10
1181,8/3/2024,8/3/2024,DOC001181,Invoice,3,7,4,8,18,7,3,12725,1908.75,6,2120.833333,GL0007,202408,B1,System,2/14/2026 16:10
1182,7/5/2024,7/5/2024,DOC001182,Invoice,5,7,4,15,7,7,5,1360,204,1,1360,GL0007,202407,B2,System,2/14/2026 16:10
1187,9/14/2024,9/14/2024,DOC001187,Invoice,2,7,4,37,8,7,2,1398,209.7,1,1398,GL0007,202409,B7,System,2/14/2026 16:10
1190,7/20/2024,7/20/2024,DOC001190,Invoice,5,7,4,40,13,7,5,4738,710.7,3,1579.333333,GL0007,202407,B0,System,2/14/2026 16:10
1195,8/31/2024,8/31/2024,DOC001195,Invoice,5,7,4,25,15,7,5,31984,4797.6,10,3198.4,GL0007,202408,B5,System,2/14/2026 16:10
1210,8/15/2024,8/15/2024,DOC001210,Invoice,4,7,4,19,9,7,4,6154,923.1,4,1538.5,GL0007,202408,B0,System,2/14/2026 16:10
1241,9/21/2024,9/21/2024,DOC001241,Invoice,3,7,4,23,3,7,3,37384,5607.6,10,3738.4,GL0007,202409,B1,System,2/14/2026 16:10
1253,9/3/2024,9/3/2024,DOC001253,Invoice,4,7,4,29,3,7,4,611,91.65,1,611,GL0007,202409,B3,System,2/14/2026 16:10
1254,9/20/2024,9/20/2024,DOC001254,Invoice,3,7,4,3,19,7,3,18416,2762.4,5,3683.2,GL0007,202409,B4,System,2/14/2026 16:10
1256,8/9/2024,8/9/2024,DOC001256,Invoice,5,7,4,10,16,7,5,8813,1321.95,4,2203.25,GL0007,202408,B6,System,2/14/2026 16:10
1264,8/29/2024,8/29/2024,DOC001264,Invoice,3,7,4,23,5,7,3,7138,1070.7,2,3569,GL0007,202408,B4,System,2/14/2026 16:10
1269,8/9/2024,8/9/2024,DOC001269,Invoice,3,7,4,13,15,7,3,23568,3535.2,10,2356.8,GL0007,202408,B9,System,2/14/2026 16:10
1277,8/10/2024,8/10/2024,DOC001277,Invoice,2,7,4,7,12,7,2,18476,2771.4,9,2052.888889,GL0007,202408,B7,System,2/14/2026 16:10
1291,9/18/2024,9/18/2024,DOC001291,Invoice,1,7,4,21,19,7,1,10856,1628.4,5,2171.2,GL0007,202409,B1,System,2/14/2026 16:10
1307,9/6/2024,9/6/2024,DOC001307,Invoice,2,7,4,2,2,7,2,15232,2284.8,5,3046.4,GL0007,202409,B7,System,2/14/2026 16:10
1309,9/5/2024,9/5/2024,DOC001309,Invoice,1,7,4,16,5,7,1,820,123,2,410,GL0007,202409,B9,System,2/14/2026 16:10
1317,7/18/2024,7/18/2024,DOC001317,Invoice,5,7,4,20,17,7,5,8186,1227.9,4,2046.5,GL0007,202407,B7,System,2/14/2026 16:10
1320,8/17/2024,8/17/2024,DOC001320,Invoice,4,7,4,24,14,7,4,34856,5228.4,10,3485.6,GL0007,202408,B0,System,2/14/2026 16:10
1333,7/28/2024,7/28/2024,DOC001333,Invoice,5,7,4,25,8,7,5,25532,3829.8,9,2836.888889,GL0007,202407,B3,System,2/14/2026 16:10
1347,9/23/2024,9/23/2024,DOC001347,Invoice,5,7,4,40,3,7,5,11261,1689.15,9,1251.222222,GL0007,202409,B7,System,2/14/2026 16:10
1368,9/7/2024,9/7/2024,DOC001368,Invoice,4,7,4,14,15,7,4,15400,2310,7,2200,GL0007,202409,B8,System,2/14/2026 16:10
1371,8/24/2024,8/24/2024,DOC001371,Invoice,2,7,4,32,8,7,2,20788,3118.2,7,2969.714286,GL0007,202408,B1,System,2/14/2026 16:10
1373,9/15/2024,9/15/2024,DOC001373,Invoice,1,7,4,6,17,7,1,28909,4336.35,8,3613.625,GL0007,202409,B3,System,2/14/2026 16:10
1374,8/3/2024,8/3/2024,DOC001374,Invoice,1,7,4,6,4,7,1,11424,1713.6,4,2856,GL0007,202408,B4,System,2/14/2026 16:10
1378,8/12/2024,8/12/2024,DOC001378,Invoice,4,7,4,14,20,7,4,3817,572.55,1,3817,GL0007,202408,B8,System,2/14/2026 16:10
1388,9/1/2024,9/1/2024,DOC001388,Invoice,3,7,4,23,13,7,3,22528,3379.2,8,2816,GL0007,202409,B8,System,2/14/2026 16:10
1390,9/6/2024,9/6/2024,DOC001390,Invoice,2,7,4,7,2,7,2,2503,375.45,2,1251.5,GL0007,202409,B0,System,2/14/2026 16:10
1393,9/7/2024,9/7/2024,DOC001393,Invoice,1,7,4,21,3,7,1,4968,745.2,7,709.7142857,GL0007,202409,B3,System,2/14/2026 16:10
1394,9/1/2024,9/1/2024,DOC001394,Invoice,4,7,4,14,7,7,4,7532,1129.8,5,1506.4,GL0007,202409,B4,System,2/14/2026 16:10
1400,9/17/2024,9/17/2024,DOC001400,Invoice,1,7,4,36,17,7,1,9960,1494,10,996,GL0007,202409,B0,System,2/14/2026 16:10
1411,7/16/2024,7/16/2024,DOC001411,Invoice,1,7,4,1,13,7,1,6365,954.75,4,1591.25,GL0007,202407,B1,System,2/14/2026 16:10
1420,8/7/2024,8/7/2024,DOC001420,Invoice,4,7,4,29,9,7,4,7044,1056.6,2,3522,GL0007,202408,B0,System,2/14/2026 16:10
1424,9/19/2024,9/19/2024,DOC001424,Invoice,3,7,4,18,11,7,3,18800,2820,7,2685.714286,GL0007,202409,B4,System,2/14/2026 16:10
1426,9/21/2024,9/21/2024,DOC001426,Invoice,5,7,4,40,1,7,5,2224,333.6,2,1112,GL0007,202409,B6,System,2/14/2026 16:10
1428,7/7/2024,7/7/2024,DOC001428,Invoice,5,7,4,40,9,7,5,10824,1623.6,6,1804,GL0007,202407,B8,System,2/14/2026 16:10
1433,8/19/2024,8/19/2024,DOC001433,Invoice,2,7,4,22,4,7,2,3284,492.6,6,547.3333333,GL0007,202408,B3,System,2/14/2026 16:10
1454,7/26/2024,7/26/2024,DOC001454,Invoice,4,7,4,9,20,7,4,27373,4105.95,8,3421.625,GL0007,202407,B4,System,2/14/2026 16:10
1474,7/7/2024,7/7/2024,DOC001474,Invoice,5,7,4,40,5,7,5,20500,3075,8,2562.5,GL0007,202407,B4,System,2/14/2026 16:10
1489,8/24/2024,8/24/2024,DOC001489,Invoice,5,7,4,35,11,7,5,2130,319.5,1,2130,GL0007,202408,B9,System,2/14/2026 16:10
1510,7/27/2024,7/27/2024,DOC001510,Invoice,1,7,4,26,5,7,1,8796,1319.4,5,1759.2,GL0007,202407,B0,System,2/14/2026 16:10
1517,7/8/2024,7/8/2024,DOC001517,Invoice,2,7,4,22,3,7,2,11698,1754.7,3,3899.333333,GL0007,202407,B7,System,2/14/2026 16:10
1524,7/20/2024,7/20/2024,DOC001524,Invoice,4,7,4,4,5,7,4,13292,1993.8,6,2215.333333,GL0007,202407,B4,System,2/14/2026 16:10
1526,7/24/2024,7/24/2024,DOC001526,Invoice,4,7,4,24,6,7,4,13728,2059.2,8,1716,GL0007,202407,B6,System,2/14/2026 16:10
1530,8/19/2024,8/19/2024,DOC001530,Invoice,4,7,4,9,14,7,4,30759,4613.85,8,3844.875,GL0007,202408,B0,System,2/14/2026 16:10
1532,7/10/2024,7/10/2024,DOC001532,Invoice,2,7,4,37,15,7,2,9856,1478.4,10,985.6,GL0007,202407,B2,System,2/14/2026 16:10
1544,8/12/2024,8/12/2024,DOC001544,Invoice,1,7,4,16,5,7,1,948,142.2,1,948,GL0007,202408,B4,System,2/14/2026 16:10
1548,7/10/2024,7/10/2024,DOC001548,Invoice,2,7,4,32,15,7,2,11923,1788.45,7,1703.285714,GL0007,202407,B8,System,2/14/2026 16:10
1552,8/24/2024,8/24/2024,DOC001552,Invoice,3,7,4,8,12,7,3,1297,194.55,1,1297,GL0007,202408,B2,System,2/14/2026 16:10
1556,8/6/2024,8/6/2024,DOC001556,Invoice,4,7,4,24,16,7,4,5159,773.85,8,644.875,GL0007,202408,B6,System,2/14/2026 16:10
1562,7/31/2024,7/31/2024,DOC001562,Invoice,4,7,4,4,14,7,4,13716,2057.4,5,2743.2,GL0007,202407,B2,System,2/14/2026 16:10
1564,7/16/2024,7/16/2024,DOC001564,Invoice,5,7,4,5,7,7,5,27527,4129.05,8,3440.875,GL0007,202407,B4,System,2/14/2026 16:10
1565,8/2/2024,8/2/2024,DOC001565,Invoice,5,7,4,30,12,7,5,35944,5391.6,10,3594.4,GL0007,202408,B5,System,2/14/2026 16:10
1574,8/20/2024,8/20/2024,DOC001574,Invoice,3,7,4,3,13,7,3,11456,1718.4,5,2291.2,GL0007,202408,B4,System,2/14/2026 16:10
1584,9/23/2024,9/23/2024,DOC001584,Invoice,5,7,4,15,14,7,5,1400,210,1,1400,GL0007,202409,B4,System,2/14/2026 16:10
1597,8/28/2024,8/28/2024,DOC001597,Invoice,4,7,4,4,15,7,4,4599,689.85,4,1149.75,GL0007,202408,B7,System,2/14/2026 16:10
1606,7/6/2024,7/6/2024,DOC001606,Invoice,3,7,4,23,18,7,3,13731,2059.65,9,1525.666667,GL0007,202407,B6,System,2/14/2026 16:10
1613,8/9/2024,8/9/2024,DOC001613,Invoice,5,7,4,20,12,7,5,2400,360,5,480,GL0007,202408,B3,System,2/14/2026 16:10
1618,8/7/2024,8/7/2024,DOC001618,Invoice,4,7,4,24,11,7,4,7647,1147.05,3,2549,GL0007,202408,B8,System,2/14/2026 16:10
1626,7/18/2024,7/18/2024,DOC001626,Invoice,3,7,4,8,1,7,3,12305,1845.75,9,1367.222222,GL0007,202407,B6,System,2/14/2026 16:10
1650,9/24/2024,9/24/2024,DOC001650,Invoice,3,7,4,18,5,7,3,31584,4737.6,10,3158.4,GL0007,202409,B0,System,2/14/2026 16:10
1654,8/25/2024,8/25/2024,DOC001654,Invoice,3,7,4,23,20,7,3,7344,1101.6,5,1468.8,GL0007,202408,B4,System,2/14/2026 16:10
1656,7/11/2024,7/11/2024,DOC001656,Invoice,1,7,4,36,17,7,1,6938,1040.7,4,1734.5,GL0007,202407,B6,System,2/14/2026 16:10
1664,9/6/2024,9/6/2024,DOC001664,Invoice,5,7,4,10,2,7,5,36768,5515.2,10,3676.8,GL0007,202409,B4,System,2/14/2026 16:10
1670,9/4/2024,9/4/2024,DOC001670,Invoice,3,7,4,13,2,7,3,4544,681.6,10,454.4,GL0007,202409,B0,System,2/14/2026 16:10
1675,9/23/2024,9/23/2024,DOC001675,Invoice,1,7,4,6,13,7,1,5504,825.6,5,1100.8,GL0007,202409,B5,System,2/14/2026 16:10
1680,8/12/2024,8/12/2024,DOC001680,Invoice,5,7,4,10,13,7,5,2952,442.8,5,590.4,GL0007,202408,B0,System,2/14/2026 16:10
1682,9/26/2024,9/26/2024,DOC001682,Invoice,5,7,4,35,14,7,5,10244,1536.6,6,1707.333333,GL0007,202409,B2,System,2/14/2026 16:10
1693,8/16/2024,8/16/2024,DOC001693,Invoice,4,7,4,39,7,7,4,21322,3198.3,6,3553.666667,GL0007,202408,B3,System,2/14/2026 16:10
1714,7/25/2024,7/25/2024,DOC001714,Invoice,1,7,4,6,12,7,1,3278,491.7,1,3278,GL0007,202407,B4,System,2/14/2026 16:10
1727,8/2/2024,8/2/2024,DOC001727,Invoice,3,7,4,33,1,7,3,8560,1284,4,2140,GL0007,202408,B7,System,2/14/2026 16:10
1736,7/12/2024,7/12/2024,DOC001736,Invoice,1,7,4,26,18,7,1,10272,1540.8,5,2054.4,GL0007,202407,B6,System,2/14/2026 16:10
1739,9/16/2024,9/16/2024,DOC001739,Invoice,2,7,4,27,9,7,2,9276,1391.4,3,3092,GL0007,202409,B9,System,2/14/2026 16:10
1741,9/14/2024,9/14/2024,DOC001741,Invoice,5,7,4,10,17,7,5,12007,1801.05,7,1715.285714,GL0007,202409,B1,System,2/14/2026 16:10
1747,7/6/2024,7/6/2024,DOC001747,Invoice,2,7,4,12,17,7,2,1274,191.1,1,1274,GL0007,202407,B7,System,2/14/2026 16:10
1750,7/23/2024,7/23/2024,DOC001750,Invoice,4,7,4,14,19,7,4,14176,2126.4,10,1417.6,GL0007,202407,B0,System,2/14/2026 16:10
1754,7/1/2024,7/1/2024,DOC001754,Invoice,3,7,4,18,17,7,3,7768,1165.2,5,1553.6,GL0007,202407,B4,System,2/14/2026 16:10
1756,8/29/2024,8/29/2024,DOC001756,Invoice,3,7,4,33,15,7,3,7596,1139.4,2,3798,GL0007,202408,B6,System,2/14/2026 16:10
1757,7/23/2024,7/23/2024,DOC001757,Invoice,2,7,4,32,5,7,2,28839,4325.85,8,3604.875,GL0007,202407,B7,System,2/14/2026 16:10
1760,8/15/2024,8/15/2024,DOC001760,Invoice,2,7,4,37,15,7,2,3904,585.6,4,976,GL0007,202408,B0,System,2/14/2026 16:10
1764,8/9/2024,8/9/2024,DOC001764,Invoice,2,7,4,27,19,7,2,8768,1315.2,8,1096,GL0007,202408,B4,System,2/14/2026 16:10
1783,8/16/2024,8/16/2024,DOC001783,Invoice,1,7,4,26,18,7,1,11376,1706.4,4,2844,GL0007,202408,B3,System,2/14/2026 16:10
1792,7/21/2024,7/21/2024,DOC001792,Invoice,1,7,4,11,13,7,1,7073,1060.95,7,1010.428571,GL0007,202407,B2,System,2/14/2026 16:10
1801,9/2/2024,9/2/2024,DOC001801,Invoice,3,7,4,3,17,7,3,17336,2600.4,5,3467.2,GL0007,202409,B1,System,2/14/2026 16:10
1805,7/31/2024,7/31/2024,DOC001805,Invoice,5,7,4,40,16,7,5,18872,2830.8,5,3774.4,GL0007,202407,B5,System,2/14/2026 16:10
1808,7/14/2024,7/14/2024,DOC001808,Invoice,3,7,4,23,9,7,3,2100,315,3,700,GL0007,202407,B8,System,2/14/2026 16:10
1813,7/9/2024,7/9/2024,DOC001813,Invoice,4,7,4,29,16,7,4,8372,1255.8,3,2790.666667,GL0007,202407,B3,System,2/14/2026 16:10
1816,7/21/2024,7/21/2024,DOC001816,Invoice,5,7,4,30,3,7,5,39992,5998.8,10,3999.2,GL0007,202407,B6,System,2/14/2026 16:10
1819,7/30/2024,7/30/2024,DOC001819,Invoice,3,7,4,38,18,7,3,5140,771,5,1028,GL0007,202407,B9,System,2/14/2026 16:10
1825,9/1/2024,9/1/2024,DOC001825,Invoice,1,7,4,11,5,7,1,24621,3693.15,8,3077.625,GL0007,202409,B5,System,2/14/2026 16:10
1828,8/7/2024,8/7/2024,DOC001828,Invoice,4,7,4,19,12,7,4,3263,489.45,1,3263,GL0007,202408,B8,System,2/14/2026 16:10
1835,9/13/2024,9/13/2024,DOC001835,Invoice,5,7,4,20,14,7,5,18385,2757.75,7,2626.428571,GL0007,202409,B5,System,2/14/2026 16:10
1845,8/27/2024,8/27/2024,DOC001845,Invoice,4,7,4,39,11,7,4,36648,5497.2,10,3664.8,GL0007,202408,B5,System,2/14/2026 16:10
1846,8/9/2024,8/9/2024,DOC001846,Invoice,2,7,4,37,13,7,2,1213,181.95,1,1213,GL0007,202408,B6,System,2/14/2026 16:10
1847,8/15/2024,8/15/2024,DOC001847,Invoice,3,7,4,13,8,7,3,2385,357.75,1,2385,GL0007,202408,B7,System,2/14/2026 16:10
1857,7/4/2024,7/4/2024,DOC001857,Invoice,3,7,4,33,19,7,3,7117,1067.55,4,1779.25,GL0007,202407,B7,System,2/14/2026 16:10
1864,9/4/2024,9/4/2024,DOC001864,Invoice,4,7,4,4,13,7,4,8352,1252.8,4,2088,GL0007,202409,B4,System,2/14/2026 16:10
1869,8/19/2024,8/19/2024,DOC001869,Invoice,1,7,4,26,15,7,1,15565,2334.75,8,1945.625,GL0007,202408,B9,System,2/14/2026 16:10
1893,7/23/2024,7/23/2024,DOC001893,Invoice,3,7,4,8,4,7,3,13165,1974.75,4,3291.25,GL0007,202407,B3,System,2/14/2026 16:10
1909,8/21/2024,8/21/2024,DOC001909,Invoice,3,7,4,28,6,7,3,1911,286.65,2,955.5,GL0007,202408,B9,System,2/14/2026 16:10
1920,8/5/2024,8/5/2024,DOC001920,Invoice,5,7,4,15,9,7,5,3123,468.45,1,3123,GL0007,202408,B0,System,2/14/2026 16:10
1922,8/31/2024,8/31/2024,DOC001922,Invoice,2,7,4,12,4,7,2,2840,426,3,946.6666667,GL0007,202408,B2,System,2/14/2026 16:10
1925,9/13/2024,9/13/2024,DOC001925,Invoice,3,7,4,8,9,7,3,13800,2070,6,2300,GL0007,202409,B5,System,2/14/2026 16:10
1931,9/8/2024,9/8/2024,DOC001931,Invoice,3,7,4,38,14,7,3,21678,3251.7,7,3096.857143,GL0007,202409,B1,System,2/14/2026 16:10
1949,9/23/2024,9/23/2024,DOC001949,Invoice,1,7,4,31,6,7,1,6847,1027.05,2,3423.5,GL0007,202409,B9,System,2/14/2026 16:10
1962,8/21/2024,8/21/2024,DOC001962,Invoice,3,7,4,3,10,7,3,3376,506.4,2,1688,GL0007,202408,B2,System,2/14/2026 16:10
1969,9/8/2024,9/8/2024,DOC001969,Invoice,2,7,4,37,16,7,2,4087,613.05,4,1021.75,GL0007,202409,B9,System,2/14/2026 16:10
2004,9/1/2024,9/1/2024,DOC002004,Invoice,2,7,4,32,7,7,2,7263,1089.45,2,3631.5,GL0007,202409,B4,System,2/14/2026 16:10
2009,8/16/2024,8/16/2024,DOC002009,Invoice,1,7,4,31,4,7,1,35540,5331,9,3948.888889,GL0007,202408,B9,System,2/14/2026 16:10
2024,7/22/2024,7/22/2024,DOC002024,Invoice,4,7,4,29,9,7,4,1202,180.3,1,1202,GL0007,202407,B4,System,2/14/2026 16:10
2049,8/11/2024,8/11/2024,DOC002049,Invoice,3,7,4,18,5,7,3,581,87.15,1,581,GL0007,202408,B9,System,2/14/2026 16:10
2057,8/13/2024,8/13/2024,DOC002057,Invoice,2,7,4,32,19,7,2,8388,1258.2,9,932,GL0007,202408,B7,System,2/14/2026 16:10
2076,9/27/2024,9/27/2024,DOC002076,Invoice,1,7,4,31,20,7,1,15204,2280.6,5,3040.8,GL0007,202409,B6,System,2/14/2026 16:10
2107,7/15/2024,7/15/2024,DOC002107,Invoice,3,7,4,18,15,7,3,22504,3375.6,10,2250.4,GL0007,202407,B7,System,2/14/2026 16:10
2125,7/30/2024,7/30/2024,DOC002125,Invoice,4,7,4,19,12,7,4,10240,1536,5,2048,GL0007,202407,B5,System,2/14/2026 16:10
2126,9/9/2024,9/9/2024,DOC002126,Invoice,2,7,4,27,5,7,2,2391,358.65,3,797,GL0007,202409,B6,System,2/14/2026 16:10
2128,9/14/2024,9/14/2024,DOC002128,Invoice,5,7,4,40,11,7,5,6351,952.65,2,3175.5,GL0007,202409,B8,System,2/14/2026 16:10
2152,9/7/2024,9/7/2024,DOC002152,Invoice,3,7,4,3,5,7,3,14816,2222.4,10,1481.6,GL0007,202409,B2,System,2/14/2026 16:10
2170,7/14/2024,7/14/2024,DOC002170,Invoice,1,7,4,21,3,7,1,19400,2910,10,1940,GL0007,202407,B0,System,2/14/2026 16:10
2180,8/25/2024,8/25/2024,DOC002180,Invoice,3,7,4,3,14,7,3,7637,1145.55,2,3818.5,GL0007,202408,B0,System,2/14/2026 16:10
2182,7/18/2024,7/18/2024,DOC002182,Invoice,5,7,4,10,6,7,5,1292,193.8,3,430.6666667,GL0007,202407,B2,System,2/14/2026 16:10
2183,8/27/2024,8/27/2024,DOC002183,Invoice,2,7,4,37,16,7,2,4312,646.8,5,862.4,GL0007,202408,B3,System,2/14/2026 16:10
2199,7/16/2024,7/16/2024,DOC002199,Invoice,5,7,4,20,3,7,5,8714,1307.1,7,1244.857143,GL0007,202407,B9,System,2/14/2026 16:10
2215,8/3/2024,8/3/2024,DOC002215,Invoice,4,7,4,24,20,7,4,5580,837,3,1860,GL0007,202408,B5,System,2/14/2026 16:10
2222,8/28/2024,8/28/2024,DOC002222,Invoice,3,7,4,8,10,7,3,9960,1494,3,3320,GL0007,202408,B2,System,2/14/2026 16:10
2226,9/1/2024,9/1/2024,DOC002226,Invoice,5,7,4,10,12,7,5,22421,3363.15,9,2491.222222,GL0007,202409,B6,System,2/14/2026 16:10
2230,9/12/2024,9/12/2024,DOC002230,Invoice,2,7,4,2,3,7,2,3349,502.35,7,478.4285714,GL0007,202409,B0,System,2/14/2026 16:10
2232,7/29/2024,7/29/2024,DOC002232,Invoice,3,7,4,38,7,7,3,22468,3370.2,7,3209.714286,GL0007,202407,B2,System,2/14/2026 16:10
2246,7/9/2024,7/9/2024,DOC002246,Invoice,3,7,4,8,6,7,3,29139,4370.85,9,3237.666667,GL0007,202407,B6,System,2/14/2026 16:10
2257,7/3/2024,7/3/2024,DOC002257,Invoice,2,7,4,22,4,7,2,3228,484.2,2,1614,GL0007,202407,B7,System,2/14/2026 16:10
2259,8/22/2024,8/22/2024,DOC002259,Invoice,4,7,4,14,3,7,4,5896,884.4,2,2948,GL0007,202408,B9,System,2/14/2026 16:10
2263,8/29/2024,8/29/2024,DOC002263,Invoice,1,7,4,1,1,7,1,22688,3403.2,10,2268.8,GL0007,202408,B3,System,2/14/2026 16:10
2277,8/1/2024,8/1/2024,DOC002277,Invoice,5,7,4,15,19,7,5,5936,890.4,3,1978.666667,GL0007,202408,B7,System,2/14/2026 16:10
2289,9/12/2024,9/12/2024,DOC002289,Invoice,2,7,4,37,11,7,2,2935,440.25,1,2935,GL0007,202409,B9,System,2/14/2026 16:10
2298,8/11/2024,8/11/2024,DOC002298,Invoice,3,7,4,38,1,7,3,4665,699.75,7,666.4285714,GL0007,202408,B8,System,2/14/2026 16:10
2320,7/2/2024,7/2/2024,DOC002320,Invoice,3,7,4,3,10,7,3,17616,2642.4,6,2936,GL0007,202407,B0,System,2/14/2026 16:10
2338,9/25/2024,9/25/2024,DOC002338,Invoice,4,7,4,34,18,7,4,7208,1081.2,9,800.8888889,GL0007,202409,B8,System,2/14/2026 16:10
2343,8/2/2024,8/2/2024,DOC002343,Invoice,4,7,4,4,7,7,4,6020,903,5,1204,GL0007,202408,B3,System,2/14/2026 16:10
2344,7/18/2024,7/18/2024,DOC002344,Invoice,5,7,4,35,5,7,5,24618,3692.7,7,3516.857143,GL0007,202407,B4,System,2/14/2026 16:10
2347,8/4/2024,8/4/2024,DOC002347,Invoice,5,7,4,20,14,7,5,4680,702,6,780,GL0007,202408,B7,System,2/14/2026 16:10
2361,8/4/2024,8/4/2024,DOC002361,Invoice,2,7,4,22,15,7,2,10212,1531.8,3,3404,GL0007,202408,B1,System,2/14/2026 16:10
2369,9/5/2024,9/5/2024,DOC002369,Invoice,4,7,4,34,10,7,4,5785,867.75,7,826.4285714,GL0007,202409,B9,System,2/14/2026 16:10
2374,9/2/2024,9/2/2024,DOC002374,Invoice,2,7,4,32,11,7,2,6121,918.15,7,874.4285714,GL0007,202409,B4,System,2/14/2026 16:10
2379,8/3/2024,8/3/2024,DOC002379,Invoice,2,7,4,22,18,7,2,7284,1092.6,8,910.5,GL0007,202408,B9,System,2/14/2026 16:10
2404,9/24/2024,9/24/2024,DOC002404,Invoice,1,7,4,11,14,7,1,16349,2452.35,6,2724.833333,GL0007,202409,B4,System,2/14/2026 16:10
2405,9/14/2024,9/14/2024,DOC002405,Invoice,5,7,4,20,1,7,5,7107,1066.05,9,789.6666667,GL0007,202409,B5,System,2/14/2026 16:10
2406,8/17/2024,8/17/2024,DOC002406,Invoice,4,7,4,24,8,7,4,5344,801.6,4,1336,GL0007,202408,B6,System,2/14/2026 16:10
2407,8/17/2024,8/17/2024,DOC002407,Invoice,4,7,4,39,17,7,4,25511,3826.65,8,3188.875,GL0007,202408,B7,System,2/14/2026 16:10
2414,8/27/2024,8/27/2024,DOC002414,Invoice,1,7,4,11,8,7,1,2279,341.85,2,1139.5,GL0007,202408,B4,System,2/14/2026 16:10
2417,8/16/2024,8/16/2024,DOC002417,Invoice,2,7,4,37,19,7,2,10407,1561.05,6,1734.5,GL0007,202408,B7,System,2/14/2026 16:10
2418,9/21/2024,9/21/2024,DOC002418,Invoice,2,7,4,27,20,7,2,3636,545.4,5,727.2,GL0007,202409,B8,System,2/14/2026 16:10
2421,7/30/2024,7/30/2024,DOC002421,Invoice,3,7,4,18,14,7,3,2696,404.4,1,2696,GL0007,202407,B1,System,2/14/2026 16:10
2424,9/20/2024,9/20/2024,DOC002424,Invoice,4,7,4,4,12,7,4,10634,1595.1,4,2658.5,GL0007,202409,B4,System,2/14/2026 16:10
2425,9/14/2024,9/14/2024,DOC002425,Invoice,3,7,4,33,9,7,3,3204,480.6,1,3204,GL0007,202409,B5,System,2/14/2026 16:10
2429,8/18/2024,8/18/2024,DOC002429,Invoice,1,7,4,21,3,7,1,8576,1286.4,8,1072,GL0007,202408,B9,System,2/14/2026 16:10
2436,9/11/2024,9/11/2024,DOC002436,Invoice,5,7,4,20,3,7,5,3406,510.9,3,1135.333333,GL0007,202409,B6,System,2/14/2026 16:10
2453,7/4/2024,7/4/2024,DOC002453,Invoice,5,7,4,15,7,7,5,12914,1937.1,7,1844.857143,GL0007,202407,B3,System,2/14/2026 16:10
2464,7/31/2024,7/31/2024,DOC002464,Invoice,1,7,4,36,6,7,1,18736,2810.4,5,3747.2,GL0007,202407,B4,System,2/14/2026 16:10
2467,9/24/2024,9/24/2024,DOC002467,Invoice,3,7,4,3,17,7,3,6797,1019.55,8,849.625,GL0007,202409,B7,System,2/14/2026 16:10
2475,8/27/2024,8/27/2024,DOC002475,Invoice,1,7,4,1,10,7,1,27631,4144.65,7,3947.285714,GL0007,202408,B5,System,2/14/2026 16:10
2496,9/14/2024,9/14/2024,DOC002496,Invoice,4,7,4,39,9,7,4,26701,4005.15,7,3814.428571,GL0007,202409,B6,System,2/14/2026 16:10
2501,7/1/2024,7/1/2024,DOC002501,Invoice,4,7,4,34,6,7,4,12998,1949.7,7,1856.857143,GL0007,202407,B1,System,2/14/2026 16:10
2502,9/28/2024,9/28/2024,DOC002502,Invoice,4,7,4,39,20,7,4,4788,718.2,8,598.5,GL0007,202409,B2,System,2/14/2026 16:10
2509,7/3/2024,7/3/2024,DOC002509,Invoice,5,7,4,15,13,7,5,3064,459.6,1,3064,GL0007,202407,B9,System,2/14/2026 16:10
2514,7/20/2024,7/20/2024,DOC002514,Invoice,2,7,4,12,16,7,2,6816,1022.4,7,973.7142857,GL0007,202407,B4,System,2/14/2026 16:10
2515,9/2/2024,9/2/2024,DOC002515,Invoice,1,7,4,36,19,7,1,14928,2239.2,10,1492.8,GL0007,202409,B5,System,2/14/2026 16:10
2519,9/3/2024,9/3/2024,DOC002519,Invoice,1,7,4,1,5,7,1,7948,1192.2,2,3974,GL0007,202409,B9,System,2/14/2026 16:10
2522,7/1/2024,7/1/2024,DOC002522,Invoice,4,7,4,24,4,7,4,7311,1096.65,6,1218.5,GL0007,202407,B2,System,2/14/2026 16:10
2525,9/19/2024,9/19/2024,DOC002525,Invoice,4,7,4,4,18,7,4,19623,2943.45,6,3270.5,GL0007,202409,B5,System,2/14/2026 16:10
2536,9/21/2024,9/21/2024,DOC002536,Invoice,4,7,4,29,7,7,4,6324,948.6,3,2108,GL0007,202409,B6,System,2/14/2026 16:10
2539,7/20/2024,7/20/2024,DOC002539,Invoice,4,7,4,34,1,7,4,14388,2158.2,8,1798.5,GL0007,202407,B9,System,2/14/2026 16:10
2541,7/12/2024,7/12/2024,DOC002541,Invoice,5,7,4,5,15,7,5,16983,2547.45,6,2830.5,GL0007,202407,B1,System,2/14/2026 16:10
2549,7/24/2024,7/24/2024,DOC002549,Invoice,4,7,4,9,5,7,4,10896,1634.4,4,2724,GL0007,202407,B9,System,2/14/2026 16:10
2552,8/12/2024,8/12/2024,DOC002552,Invoice,3,7,4,18,5,7,3,12528,1879.2,7,1789.714286,GL0007,202408,B2,System,2/14/2026 16:10
2553,7/2/2024,7/2/2024,DOC002553,Invoice,3,7,4,38,18,7,3,11584,1737.6,5,2316.8,GL0007,202407,B3,System,2/14/2026 16:10
2571,8/17/2024,8/17/2024,DOC002571,Invoice,4,7,4,29,14,7,4,18644,2796.6,5,3728.8,GL0007,202408,B1,System,2/14/2026 16:10
2573,8/13/2024,8/13/2024,DOC002573,Invoice,1,7,4,6,14,7,1,10292,1543.8,8,1286.5,GL0007,202408,B3,System,2/14/2026 16:10
2576,7/17/2024,7/17/2024,DOC002576,Invoice,1,7,4,21,19,7,1,25344,3801.6,10,2534.4,GL0007,202407,B6,System,2/14/2026 16:10
2579,7/12/2024,7/12/2024,DOC002579,Invoice,4,7,4,39,15,7,4,10836,1625.4,4,2709,GL0007,202407,B9,System,2/14/2026 16:10
2587,8/24/2024,8/24/2024,DOC002587,Invoice,3,7,4,8,13,7,3,1501,225.15,1,1501,GL0007,202408,B7,System,2/14/2026 16:10
2589,8/5/2024,8/5/2024,DOC002589,Invoice,4,7,4,9,11,7,4,7924,1188.6,8,990.5,GL0007,202408,B9,System,2/14/2026 16:10
2593,7/31/2024,7/31/2024,DOC002593,Invoice,1,7,4,36,1,7,1,12852,1927.8,9,1428,GL0007,202407,B3,System,2/14/2026 16:10
2600,8/6/2024,8/6/2024,DOC002600,Invoice,1,7,4,16,15,7,1,25749,3862.35,7,3678.428571,GL0007,202408,B0,System,2/14/2026 16:10
2602,9/25/2024,9/25/2024,DOC002602,Invoice,1,7,4,31,10,7,1,13888,2083.2,7,1984,GL0007,202409,B2,System,2/14/2026 16:10
2608,8/19/2024,8/19/2024,DOC002608,Invoice,3,7,4,8,4,7,3,28352,4252.8,8,3544,GL0007,202408,B8,System,2/14/2026 16:10
2636,8/8/2024,8/8/2024,DOC002636,Invoice,2,7,4,7,18,7,2,20247,3037.05,6,3374.5,GL0007,202408,B6,System,2/14/2026 16:10
2640,9/26/2024,9/26/2024,DOC002640,Invoice,4,7,4,39,16,7,4,5000,750,2,2500,GL0007,202409,B0,System,2/14/2026 16:10
2663,9/19/2024,9/19/2024,DOC002663,Invoice,2,7,4,2,15,7,2,8109,1216.35,7,1158.428571,GL0007,202409,B3,System,2/14/2026 16:10
2667,9/6/2024,9/6/2024,DOC002667,Invoice,2,7,4,2,16,7,2,2080,312,1,2080,GL0007,202409,B7,System,2/14/2026 16:10
2690,8/8/2024,8/8/2024,DOC002690,Invoice,1,7,4,21,2,7,1,3639,545.85,4,909.75,GL0007,202408,B0,System,2/14/2026 16:10
2693,9/11/2024,9/11/2024,DOC002693,Invoice,3,7,4,8,11,7,3,22452,3367.8,8,2806.5,GL0007,202409,B3,System,2/14/2026 16:10
2696,8/18/2024,8/18/2024,DOC002696,Invoice,1,7,4,26,8,7,1,10743,1611.45,6,1790.5,GL0007,202408,B6,System,2/14/2026 16:10
2698,9/1/2024,9/1/2024,DOC002698,Invoice,3,7,4,23,2,7,3,18828,2824.2,7,2689.714286,GL0007,202409,B8,System,2/14/2026 16:10
2704,7/25/2024,7/25/2024,DOC002704,Invoice,5,7,4,30,5,7,5,648,97.2,1,648,GL0007,202407,B4,System,2/14/2026 16:10
2706,9/17/2024,9/17/2024,DOC002706,Invoice,2,7,4,2,15,7,2,26276,3941.4,7,3753.714286,GL0007,202409,B6,System,2/14/2026 16:10
2707,9/7/2024,9/7/2024,DOC002707,Invoice,4,7,4,29,12,7,4,3976,596.4,7,568,GL0007,202409,B7,System,2/14/2026 16:10
2713,8/18/2024,8/18/2024,DOC002713,Invoice,3,7,4,3,19,7,3,8964,1344.6,3,2988,GL0007,202408,B3,System,2/14/2026 16:10
2718,9/2/2024,9/2/2024,DOC002718,Invoice,3,7,4,8,13,7,3,18644,2796.6,5,3728.8,GL0007,202409,B8,System,2/14/2026 16:10
2719,8/23/2024,8/23/2024,DOC002719,Invoice,5,7,4,10,16,7,5,8607,1291.05,6,1434.5,GL0007,202408,B9,System,2/14/2026 16:10
2728,7/8/2024,7/8/2024,DOC002728,Invoice,2,7,4,22,16,7,2,8201,1230.15,3,2733.666667,GL0007,202407,B8,System,2/14/2026 16:10
2729,7/20/2024,7/20/2024,DOC002729,Invoice,1,7,4,31,19,7,1,5290,793.5,2,2645,GL0007,202407,B9,System,2/14/2026 16:10
2730,7/30/2024,7/30/2024,DOC002730,Invoice,2,7,4,7,1,7,2,12914,1937.1,7,1844.857143,GL0007,202407,B0,System,2/14/2026 16:10
2732,8/23/2024,8/23/2024,DOC002732,Invoice,2,7,4,17,16,7,2,15188,2278.2,4,3797,GL0007,202408,B2,System,2/14/2026 16:10
2735,7/29/2024,7/29/2024,DOC002735,Invoice,3,7,4,3,1,7,3,9188,1378.2,4,2297,GL0007,202407,B5,System,2/14/2026 16:10
2749,8/28/2024,8/28/2024,DOC002749,Invoice,1,7,4,21,13,7,1,4133,619.95,6,688.8333333,GL0007,202408,B9,System,2/14/2026 16:10
2754,7/11/2024,7/11/2024,DOC002754,Invoice,3,7,4,8,14,7,3,2098,314.7,1,2098,GL0007,202407,B4,System,2/14/2026 16:10
2755,9/12/2024,9/12/2024,DOC002755,Invoice,3,7,4,23,4,7,3,6308,946.2,3,2102.666667,GL0007,202409,B5,System,2/14/2026 16:10
2756,9/14/2024,9/14/2024,DOC002756,Invoice,3,7,4,13,10,7,3,22973,3445.95,6,3828.833333,GL0007,202409,B6,System,2/14/2026 16:10
2759,8/11/2024,8/11/2024,DOC002759,Invoice,5,7,4,20,19,7,5,16425,2463.75,7,2346.428571,GL0007,202408,B9,System,2/14/2026 16:10
2762,9/14/2024,9/14/2024,DOC002762,Invoice,1,7,4,31,11,7,1,17276,2591.4,7,2468,GL0007,202409,B2,System,2/14/2026 16:10
2775,9/17/2024,9/17/2024,DOC002775,Invoice,3,7,4,23,3,7,3,621,93.15,1,621,GL0007,202409,B5,System,2/14/2026 16:10
2781,9/7/2024,9/7/2024,DOC002781,Invoice,5,7,4,40,20,7,5,6675,1001.25,9,741.6666667,GL0007,202409,B1,System,2/14/2026 16:10
2790,9/12/2024,9/12/2024,DOC002790,Invoice,1,7,4,36,11,7,1,5264,789.6,10,526.4,GL0007,202409,B0,System,2/14/2026 16:10
2797,9/10/2024,9/10/2024,DOC002797,Invoice,3,7,4,8,19,7,3,15482,2322.3,8,1935.25,GL0007,202409,B7,System,2/14/2026 16:10
2813,8/9/2024,8/9/2024,DOC002813,Invoice,5,7,4,40,13,7,5,5408,811.2,4,1352,GL0007,202408,B3,System,2/14/2026 16:10
2814,9/14/2024,9/14/2024,DOC002814,Invoice,1,7,4,1,4,7,1,3936,590.4,6,656,GL0007,202409,B4,System,2/14/2026 16:10
2843,7/17/2024,7/17/2024,DOC002843,Invoice,1,7,4,31,13,7,1,4020,603,4,1005,GL0007,202407,B3,System,2/14/2026 16:10
2844,8/17/2024,8/17/2024,DOC002844,Invoice,2,7,4,37,7,7,2,22515,3377.25,9,2501.666667,GL0007,202408,B4,System,2/14/2026 16:10
2853,7/20/2024,7/20/2024,DOC002853,Invoice,3,7,4,18,1,7,3,1696,254.4,1,1696,GL0007,202407,B3,System,2/14/2026 16:10
2856,9/16/2024,9/16/2024,DOC002856,Invoice,2,7,4,7,15,7,2,2340,351,3,780,GL0007,202409,B6,System,2/14/2026 16:10
2880,8/21/2024,8/21/2024,DOC002880,Invoice,5,7,4,15,7,7,5,5341,801.15,4,1335.25,GL0007,202408,B0,System,2/14/2026 16:10
2897,8/31/2024,8/31/2024,DOC002897,Invoice,2,7,4,22,17,7,2,8336,1250.4,5,1667.2,GL0007,202408,B7,System,2/14/2026 16:10
2907,7/1/2024,7/1/2024,DOC002907,Invoice,1,7,4,26,6,7,1,634,95.1,1,634,GL0007,202407,B7,System,2/14/2026 16:10
2908,8/31/2024,8/31/2024,DOC002908,Invoice,5,7,4,25,1,7,5,2279,341.85,2,1139.5,GL0007,202408,B8,System,2/14/2026 16:10
2916,7/2/2024,7/2/2024,DOC002916,Invoice,3,7,4,13,2,7,3,28196,4229.4,9,3132.888889,GL0007,202407,B6,System,2/14/2026 16:10
2920,7/25/2024,7/25/2024,DOC002920,Invoice,5,7,4,25,1,7,5,31385,4707.75,9,3487.222222,GL0007,202407,B0,System,2/14/2026 16:10
2925,9/19/2024,9/19/2024,DOC002925,Invoice,3,7,4,3,14,7,3,17489,2623.35,9,1943.222222,GL0007,202409,B5,System,2/14/2026 16:10
2926,8/10/2024,8/10/2024,DOC002926,Invoice,4,7,4,9,1,7,4,18056,2708.4,5,3611.2,GL0007,202408,B6,System,2/14/2026 16:10
2938,7/19/2024,7/19/2024,DOC002938,Invoice,3,7,4,8,1,7,3,34827,5224.05,9,3869.666667,GL0007,202407,B8,System,2/14/2026 16:10
2947,8/25/2024,8/25/2024,DOC002947,Invoice,3,7,4,18,18,7,3,2490,373.5,1,2490,GL0007,202408,B7,System,2/14/2026 16:10
2951,8/13/2024,8/13/2024,DOC002951,Invoice,3,7,4,38,14,7,3,3640,546,5,728,GL0007,202408,B1,System,2/14/2026 16:10
2958,9/27/2024,9/27/2024,DOC002958,Invoice,2,7,4,17,9,7,2,37480,5622,10,3748,GL0007,202409,B8,System,2/14/2026 16:10
2963,8/16/2024,8/16/2024,DOC002963,Invoice,2,7,4,32,5,7,2,15752,2362.8,5,3150.4,GL0007,202408,B3,System,2/14/2026 16:10
2975,7/27/2024,7/27/2024,DOC002975,Invoice,1,7,4,21,3,7,1,4410,661.5,8,551.25,GL0007,202407,B5,System,2/14/2026 16:10
2977,9/10/2024,9/10/2024,DOC002977,Invoice,1,7,4,1,19,7,1,1647,247.05,1,1647,GL0007,202409,B7,System,2/14/2026 16:10
2981,8/14/2024,8/14/2024,DOC002981,Invoice,5,7,4,30,16,7,5,26042,3906.3,8,3255.25,GL0007,202408,B1,System,2/14/2026 16:10
2982,9/5/2024,9/5/2024,DOC002982,Invoice,4,7,4,29,7,7,4,11524,1728.6,5,2304.8,GL0007,202409,B2,System,2/14/2026 16:10
2989,7/7/2024,7/7/2024,DOC002989,Invoice,2,7,4,32,5,7,2,11669,1750.35,6,1944.833333,GL0007,202407,B9,System,2/14/2026 16:10
2997,9/14/2024,9/14/2024,DOC002997,Invoice,2,7,4,12,6,7,2,13114,1967.1,8,1639.25,GL0007,202409,B7,System,2/14/2026 16:10
3017,7/1/2024,7/1/2024,DOC003017,Invoice,4,7,4,34,19,7,4,30824,4623.6,10,3082.4,GL0007,202407,B7,System,2/14/2026 16:10
3023,7/22/2024,7/22/2024,DOC003023,Invoice,5,7,4,25,18,7,5,2046,306.9,1,2046,GL0007,202407,B3,System,2/14/2026 16:10
3024,9/9/2024,9/9/2024,DOC003024,Invoice,5,7,4,35,6,7,5,2528,379.2,5,505.6,GL0007,202409,B4,System,2/14/2026 16:10
3025,8/30/2024,8/30/2024,DOC003025,Invoice,1,7,4,1,8,7,1,9508,1426.2,4,2377,GL0007,202408,B5,System,2/14/2026 16:10
3036,8/28/2024,8/28/2024,DOC003036,Invoice,5,7,4,35,5,7,5,6631,994.65,7,947.2857143,GL0007,202408,B6,System,2/14/2026 16:10
3053,7/15/2024,7/15/2024,DOC003053,Invoice,1,7,4,11,8,7,1,14674,2201.1,6,2445.666667,GL0007,202407,B3,System,2/14/2026 16:10
3058,8/24/2024,8/24/2024,DOC003058,Invoice,2,7,4,12,1,7,2,21351,3202.65,6,3558.5,GL0007,202408,B8,System,2/14/2026 16:10
3061,7/24/2024,7/24/2024,DOC003061,Invoice,5,7,4,35,18,7,5,10760,1614,5,2152,GL0007,202407,B1,System,2/14/2026 16:10
3064,8/17/2024,8/17/2024,DOC003064,Invoice,3,7,4,28,11,7,3,17168,2575.2,10,1716.8,GL0007,202408,B4,System,2/14/2026 16:10
3065,9/13/2024,9/13/2024,DOC003065,Invoice,5,7,4,5,2,7,5,463,69.45,1,463,GL0007,202409,B5,System,2/14/2026 16:10
3082,7/13/2024,7/13/2024,DOC003082,Invoice,4,7,4,14,10,7,4,15700,2355,5,3140,GL0007,202407,B2,System,2/14/2026 16:10
3092,8/28/2024,8/28/2024,DOC003092,Invoice,2,7,4,22,20,7,2,17600,2640,5,3520,GL0007,202408,B2,System,2/14/2026 16:10
3096,8/10/2024,8/10/2024,DOC003096,Invoice,3,7,4,38,15,7,3,4400,660,5,880,GL0007,202408,B6,System,2/14/2026 16:10
3106,9/9/2024,9/9/2024,DOC003106,Invoice,4,7,4,24,2,7,4,15221,2283.15,6,2536.833333,GL0007,202409,B6,System,2/14/2026 16:10
3118,8/27/2024,8/27/2024,DOC003118,Invoice,3,7,4,18,2,7,3,3494,524.1,1,3494,GL0007,202408,B8,System,2/14/2026 16:10
3119,8/23/2024,8/23/2024,DOC003119,Invoice,2,7,4,2,13,7,2,4997,749.55,2,2498.5,GL0007,202408,B9,System,2/14/2026 16:10
3120,8/9/2024,8/9/2024,DOC003120,Invoice,5,7,4,30,20,7,5,2985,447.75,7,426.4285714,GL0007,202408,B0,System,2/14/2026 16:10
3121,7/20/2024,7/20/2024,DOC003121,Invoice,2,7,4,27,9,7,2,6663,999.45,8,832.875,GL0007,202407,B1,System,2/14/2026 16:10
3124,8/5/2024,8/5/2024,DOC003124,Invoice,5,7,4,5,4,7,5,3908,586.2,3,1302.666667,GL0007,202408,B4,System,2/14/2026 16:10
3125,9/2/2024,9/2/2024,DOC003125,Invoice,4,7,4,14,17,7,4,8168,1225.2,5,1633.6,GL0007,202409,B5,System,2/14/2026 16:10
3129,7/5/2024,7/5/2024,DOC003129,Invoice,1,7,4,36,8,7,1,3075,461.25,7,439.2857143,GL0007,202407,B9,System,2/14/2026 16:10
3144,9/19/2024,9/19/2024,DOC003144,Invoice,2,7,4,27,9,7,2,7596,1139.4,9,844,GL0007,202409,B4,System,2/14/2026 16:10
3145,7/5/2024,7/5/2024,DOC003145,Invoice,4,7,4,39,1,7,4,4378,656.7,3,1459.333333,GL0007,202407,B5,System,2/14/2026 16:10
3157,8/26/2024,8/26/2024,DOC003157,Invoice,4,7,4,9,9,7,4,4906,735.9,3,1635.333333,GL0007,202408,B7,System,2/14/2026 16:10
3165,8/14/2024,8/14/2024,DOC003165,Invoice,1,7,4,21,18,7,1,2871,430.65,2,1435.5,GL0007,202408,B5,System,2/14/2026 16:10
3171,8/11/2024,8/11/2024,DOC003171,Invoice,1,7,4,1,16,7,1,16352,2452.8,9,1816.888889,GL0007,202408,B1,System,2/14/2026 16:10
3184,7/26/2024,7/26/2024,DOC003184,Invoice,4,7,4,29,13,7,4,11225,1683.75,9,1247.222222,GL0007,202407,B4,System,2/14/2026 16:10
3187,8/4/2024,8/4/2024,DOC003187,Invoice,4,7,4,29,17,7,4,13529,2029.35,9,1503.222222,GL0007,202408,B7,System,2/14/2026 16:10
3193,8/18/2024,8/18/2024,DOC003193,Invoice,2,7,4,7,4,7,2,17079,2561.85,6,2846.5,GL0007,202408,B3,System,2/14/2026 16:10
3194,8/23/2024,8/23/2024,DOC003194,Invoice,3,7,4,38,4,7,3,5192,778.8,10,519.2,GL0007,202408,B4,System,2/14/2026 16:10
3198,8/22/2024,8/22/2024,DOC003198,Invoice,3,7,4,23,12,7,3,4450,667.5,6,741.6666667,GL0007,202408,B8,System,2/14/2026 16:10
3200,9/8/2024,9/8/2024,DOC003200,Invoice,4,7,4,24,18,7,4,22685,3402.75,6,3780.833333,GL0007,202409,B0,System,2/14/2026 16:10
3203,7/22/2024,7/22/2024,DOC003203,Invoice,2,7,4,27,5,7,2,12116,1817.4,4,3029,GL0007,202407,B3,System,2/14/2026 16:10
3205,8/8/2024,8/8/2024,DOC003205,Invoice,5,7,4,10,20,7,5,1895,284.25,4,473.75,GL0007,202408,B5,System,2/14/2026 16:10
3224,9/16/2024,9/16/2024,DOC003224,Invoice,2,7,4,32,14,7,2,14040,2106,5,2808,GL0007,202409,B4,System,2/14/2026 16:10
3225,7/8/2024,7/8/2024,DOC003225,Invoice,4,7,4,9,2,7,4,11828,1774.2,5,2365.6,GL0007,202407,B5,System,2/14/2026 16:10
3233,9/4/2024,9/4/2024,DOC003233,Invoice,5,7,4,35,3,7,5,27216,4082.4,10,2721.6,GL0007,202409,B3,System,2/14/2026 16:10
3252,7/25/2024,7/25/2024,DOC003252,Invoice,2,7,4,27,15,7,2,5021,753.15,4,1255.25,GL0007,202407,B2,System,2/14/2026 16:10
3258,7/21/2024,7/21/2024,DOC003258,Invoice,3,7,4,13,5,7,3,2812,421.8,7,401.7142857,GL0007,202407,B8,System,2/14/2026 16:10
3260,7/5/2024,7/5/2024,DOC003260,Invoice,1,7,4,36,19,7,1,4112,616.8,4,1028,GL0007,202407,B0,System,2/14/2026 16:10
3266,8/15/2024,8/15/2024,DOC003266,Invoice,3,7,4,28,15,7,3,11354,1703.1,4,2838.5,GL0007,202408,B6,System,2/14/2026 16:10
3270,7/5/2024,7/5/2024,DOC003270,Invoice,3,7,4,13,1,7,3,8225,1233.75,3,2741.666667,GL0007,202407,B0,System,2/14/2026 16:10
3271,9/20/2024,9/20/2024,DOC003271,Invoice,2,7,4,2,12,7,2,11373,1705.95,4,2843.25,GL0007,202409,B1,System,2/14/2026 16:10
3275,7/14/2024,7/14/2024,DOC003275,Invoice,4,7,4,9,11,7,4,8676,1301.4,3,2892,GL0007,202407,B5,System,2/14/2026 16:10
3300,7/14/2024,7/14/2024,DOC003300,Invoice,2,7,4,7,12,7,2,7025,1053.75,3,2341.666667,GL0007,202407,B0,System,2/14/2026 16:10
3321,9/12/2024,9/12/2024,DOC003321,Invoice,1,7,4,11,4,7,1,2901,435.15,1,2901,GL0007,202409,B1,System,2/14/2026 16:10
3324,8/28/2024,8/28/2024,DOC003324,Invoice,5,7,4,30,17,7,5,15853,2377.95,4,3963.25,GL0007,202408,B4,System,2/14/2026 16:10
3330,8/3/2024,8/3/2024,DOC003330,Invoice,1,7,4,16,2,7,1,35688,5353.2,10,3568.8,GL0007,202408,B0,System,2/14/2026 16:10
3337,7/2/2024,7/2/2024,DOC003337,Invoice,2,7,4,2,3,7,2,7568,1135.2,3,2522.666667,GL0007,202407,B7,System,2/14/2026 16:10
3340,9/22/2024,9/22/2024,DOC003340,Invoice,3,7,4,8,15,7,3,6596,989.4,9,732.8888889,GL0007,202409,B0,System,2/14/2026 16:10
3342,8/30/2024,8/30/2024,DOC003342,Invoice,3,7,4,38,14,7,3,8672,1300.8,10,867.2,GL0007,202408,B2,System,2/14/2026 16:10
3352,7/11/2024,7/11/2024,DOC003352,Invoice,3,7,4,3,2,7,3,28635,4295.25,9,3181.666667,GL0007,202407,B2,System,2/14/2026 16:10
3355,7/13/2024,7/13/2024,DOC003355,Invoice,2,7,4,27,4,7,2,2234,335.1,4,558.5,GL0007,202407,B5,System,2/14/2026 16:10
3372,7/6/2024,7/6/2024,DOC003372,Invoice,1,7,4,6,2,7,1,14499,2174.85,7,2071.285714,GL0007,202407,B2,System,2/14/2026 16:10
3375,8/3/2024,8/3/2024,DOC003375,Invoice,4,7,4,29,7,7,4,4615,692.25,4,1153.75,GL0007,202408,B5,System,2/14/2026 16:10
3377,8/8/2024,8/8/2024,DOC003377,Invoice,3,7,4,23,20,7,3,21687,3253.05,6,3614.5,GL0007,202408,B7,System,2/14/2026 16:10
3379,8/3/2024,8/3/2024,DOC003379,Invoice,2,7,4,17,8,7,2,4112,616.8,10,411.2,GL0007,202408,B9,System,2/14/2026 16:10
3384,7/28/2024,7/28/2024,DOC003384,Invoice,5,7,4,40,5,7,5,678,101.7,1,678,GL0007,202407,B4,System,2/14/2026 16:10
3386,9/27/2024,9/27/2024,DOC003386,Invoice,1,7,4,26,18,7,1,2107,316.05,1,2107,GL0007,202409,B6,System,2/14/2026 16:10
3402,7/6/2024,7/6/2024,DOC003402,Invoice,5,7,4,30,16,7,5,21881,3282.15,9,2431.222222,GL0007,202407,B2,System,2/14/2026 16:10
3407,7/10/2024,7/10/2024,DOC003407,Invoice,3,7,4,28,9,7,3,28295,4244.25,8,3536.875,GL0007,202407,B7,System,2/14/2026 16:10
3416,9/23/2024,9/23/2024,DOC003416,Invoice,2,7,4,37,20,7,2,12668,1900.2,5,2533.6,GL0007,202409,B6,System,2/14/2026 16:10
3420,7/12/2024,7/12/2024,DOC003420,Invoice,3,7,4,28,20,7,3,3818,572.7,1,3818,GL0007,202407,B0,System,2/14/2026 16:10
3433,7/29/2024,7/29/2024,DOC003433,Invoice,1,7,4,36,3,7,1,24887,3733.05,7,3555.285714,GL0007,202407,B3,System,2/14/2026 16:10
3438,9/4/2024,9/4/2024,DOC003438,Invoice,2,7,4,27,17,7,2,1786,267.9,2,893,GL0007,202409,B8,System,2/14/2026 16:10
3449,7/14/2024,7/14/2024,DOC003449,Invoice,3,7,4,18,16,7,3,2091,313.65,3,697,GL0007,202407,B9,System,2/14/2026 16:10
3463,9/11/2024,9/11/2024,DOC003463,Invoice,4,7,4,19,1,7,4,4531,679.65,7,647.2857143,GL0007,202409,B3,System,2/14/2026 16:10
3468,7/17/2024,7/17/2024,DOC003468,Invoice,5,7,4,40,11,7,5,10240,1536,5,2048,GL0007,202407,B8,System,2/14/2026 16:10
3471,8/7/2024,8/7/2024,DOC003471,Invoice,3,7,4,38,13,7,3,7469,1120.35,4,1867.25,GL0007,202408,B1,System,2/14/2026 16:10
3480,7/7/2024,7/7/2024,DOC003480,Invoice,4,7,4,39,14,7,4,2440,366,1,2440,GL0007,202407,B0,System,2/14/2026 16:10
3497,9/15/2024,9/15/2024,DOC003497,Invoice,3,7,4,23,6,7,3,32512,4876.8,10,3251.2,GL0007,202409,B7,System,2/14/2026 16:10
3501,9/11/2024,9/11/2024,DOC003501,Invoice,4,7,4,14,5,7,4,18924,2838.6,5,3784.8,GL0007,202409,B1,System,2/14/2026 16:10
3512,7/20/2024,7/20/2024,DOC003512,Invoice,1,7,4,26,16,7,1,1190,178.5,1,1190,GL0007,202407,B2,System,2/14/2026 16:10
3538,7/9/2024,7/9/2024,DOC003538,Invoice,4,7,4,9,1,7,4,2201,330.15,3,733.6666667,GL0007,202407,B8,System,2/14/2026 16:10
3563,7/2/2024,7/2/2024,DOC003563,Invoice,2,7,4,27,5,7,2,5136,770.4,7,733.7142857,GL0007,202407,B3,System,2/14/2026 16:10
3565,8/9/2024,8/9/2024,DOC003565,Invoice,1,7,4,26,16,7,1,7200,1080,3,2400,GL0007,202408,B5,System,2/14/2026 16:10
3569,8/25/2024,8/25/2024,DOC003569,Invoice,3,7,4,8,11,7,3,15831,2374.65,6,2638.5,GL0007,202408,B9,System,2/14/2026 16:10
3581,7/31/2024,7/31/2024,DOC003581,Invoice,4,7,4,24,4,7,4,3592,538.8,5,718.4,GL0007,202407,B1,System,2/14/2026 16:10
3598,9/22/2024,9/22/2024,DOC003598,Invoice,5,7,4,25,5,7,5,9492,1423.8,7,1356,GL0007,202409,B8,System,2/14/2026 16:10
3609,8/6/2024,8/6/2024,DOC003609,Invoice,2,7,4,32,2,7,2,19916,2987.4,6,3319.333333,GL0007,202408,B9,System,2/14/2026 16:10
3613,7/3/2024,7/3/2024,DOC003613,Invoice,3,7,4,3,5,7,3,5216,782.4,5,1043.2,GL0007,202407,B3,System,2/14/2026 16:10
3615,8/12/2024,8/12/2024,DOC003615,Invoice,5,7,4,15,19,7,5,5504,825.6,3,1834.666667,GL0007,202408,B5,System,2/14/2026 16:10
3617,7/14/2024,7/14/2024,DOC003617,Invoice,1,7,4,11,17,7,1,7370,1105.5,4,1842.5,GL0007,202407,B7,System,2/14/2026 16:10
3620,9/27/2024,9/27/2024,DOC003620,Invoice,2,7,4,2,4,7,2,1997,299.55,1,1997,GL0007,202409,B0,System,2/14/2026 16:10
3622,7/28/2024,7/28/2024,DOC003622,Invoice,4,7,4,39,9,7,4,28903,4335.45,8,3612.875,GL0007,202407,B2,System,2/14/2026 16:10
3630,9/8/2024,9/8/2024,DOC003630,Invoice,3,7,4,8,11,7,3,21528,3229.2,6,3588,GL0007,202409,B0,System,2/14/2026 16:10
3637,7/12/2024,7/12/2024,DOC003637,Invoice,5,7,4,5,16,7,5,12173,1825.95,6,2028.833333,GL0007,202407,B7,System,2/14/2026 16:10
3643,8/3/2024,8/3/2024,DOC003643,Invoice,5,7,4,5,13,7,5,15672,2350.8,5,3134.4,GL0007,202408,B3,System,2/14/2026 16:10
3646,8/9/2024,8/9/2024,DOC003646,Invoice,5,7,4,40,4,7,5,3552,532.8,5,710.4,GL0007,202408,B6,System,2/14/2026 16:10
3653,7/23/2024,7/23/2024,DOC003653,Invoice,1,7,4,21,13,7,1,7613,1141.95,3,2537.666667,GL0007,202407,B3,System,2/14/2026 16:10
3665,9/9/2024,9/9/2024,DOC003665,Invoice,1,7,4,6,16,7,1,14796,2219.4,9,1644,GL0007,202409,B5,System,2/14/2026 16:10
3668,7/9/2024,7/9/2024,DOC003668,Invoice,3,7,4,33,9,7,3,8004,1200.6,5,1600.8,GL0007,202407,B8,System,2/14/2026 16:10
3672,7/8/2024,7/8/2024,DOC003672,Invoice,3,7,4,23,13,7,3,4896,734.4,8,612,GL0007,202407,B2,System,2/14/2026 16:10
3675,8/15/2024,8/15/2024,DOC003675,Invoice,4,7,4,39,19,7,4,22804,3420.6,7,3257.714286,GL0007,202408,B5,System,2/14/2026 16:10
3676,9/19/2024,9/19/2024,DOC003676,Invoice,2,7,4,37,14,7,2,6892,1033.8,5,1378.4,GL0007,202409,B6,System,2/14/2026 16:10
3677,7/3/2024,7/3/2024,DOC003677,Invoice,1,7,4,16,12,7,1,19157,2873.55,6,3192.833333,GL0007,202407,B7,System,2/14/2026 16:10
3679,7/4/2024,7/4/2024,DOC003679,Invoice,3,7,4,23,14,7,3,13338,2000.7,8,1667.25,GL0007,202407,B9,System,2/14/2026 16:10
3682,9/8/2024,9/8/2024,DOC003682,Invoice,5,7,4,15,4,7,5,14964,2244.6,5,2992.8,GL0007,202409,B2,System,2/14/2026 16:10
3691,7/24/2024,7/24/2024,DOC003691,Invoice,5,7,4,5,11,7,5,6509,976.35,2,3254.5,GL0007,202407,B1,System,2/14/2026 16:10
3707,8/14/2024,8/14/2024,DOC003707,Invoice,5,7,4,10,8,7,5,3629,544.35,8,453.625,GL0007,202408,B7,System,2/14/2026 16:10
3717,8/4/2024,8/4/2024,DOC003717,Invoice,4,7,4,39,10,7,4,7928,1189.2,2,3964,GL0007,202408,B7,System,2/14/2026 16:10
3720,7/19/2024,7/19/2024,DOC003720,Invoice,2,7,4,17,20,7,2,8960,1344,7,1280,GL0007,202407,B0,System,2/14/2026 16:10
3727,8/19/2024,8/19/2024,DOC003727,Invoice,4,7,4,29,3,7,4,3933,589.95,1,3933,GL0007,202408,B7,System,2/14/2026 16:10
3730,9/5/2024,9/5/2024,DOC003730,Invoice,1,7,4,1,18,7,1,5320,798,7,760,GL0007,202409,B0,System,2/14/2026 16:10
3738,9/3/2024,9/3/2024,DOC003738,Invoice,2,7,4,32,18,7,2,1856,278.4,2,928,GL0007,202409,B8,System,2/14/2026 16:10
3747,8/23/2024,8/23/2024,DOC003747,Invoice,4,7,4,19,11,7,4,3303,495.45,1,3303,GL0007,202408,B7,System,2/14/2026 16:10
3755,7/24/2024,7/24/2024,DOC003755,Invoice,4,7,4,39,20,7,4,15328,2299.2,8,1916,GL0007,202407,B5,System,2/14/2026 16:10
3764,9/20/2024,9/20/2024,DOC003764,Invoice,4,7,4,14,9,7,4,5784,867.6,3,1928,GL0007,202409,B4,System,2/14/2026 16:10
3768,7/12/2024,7/12/2024,DOC003768,Invoice,2,7,4,32,15,7,2,26088,3913.2,10,2608.8,GL0007,202407,B8,System,2/14/2026 16:10
3776,7/22/2024,7/22/2024,DOC003776,Invoice,5,7,4,35,2,7,5,6228,934.2,3,2076,GL0007,202407,B6,System,2/14/2026 16:10
3794,8/9/2024,8/9/2024,DOC003794,Invoice,1,7,4,11,10,7,1,11536,1730.4,5,2307.2,GL0007,202408,B4,System,2/14/2026 16:10
3806,8/24/2024,8/24/2024,DOC003806,Invoice,4,7,4,24,4,7,4,8026,1203.9,8,1003.25,GL0007,202408,B6,System,2/14/2026 16:10
3809,8/3/2024,8/3/2024,DOC003809,Invoice,4,7,4,29,2,7,4,14252,2137.8,6,2375.333333,GL0007,202408,B9,System,2/14/2026 16:10
3810,7/2/2024,7/2/2024,DOC003810,Invoice,1,7,4,11,16,7,1,12735,1910.25,6,2122.5,GL0007,202407,B0,System,2/14/2026 16:10
3817,8/10/2024,8/10/2024,DOC003817,Invoice,3,7,4,8,13,7,3,31220,4683,8,3902.5,GL0007,202408,B7,System,2/14/2026 16:10
3838,7/5/2024,7/5/2024,DOC003838,Invoice,1,7,4,36,2,7,1,10632,1594.8,10,1063.2,GL0007,202407,B8,System,2/14/2026 16:10
3842,7/10/2024,7/10/2024,DOC003842,Invoice,4,7,4,34,18,7,4,33020,4953,9,3668.888889,GL0007,202407,B2,System,2/14/2026 16:10
3849,7/23/2024,7/23/2024,DOC003849,Invoice,2,7,4,2,14,7,2,11093,1663.95,6,1848.833333,GL0007,202407,B9,System,2/14/2026 16:10
3850,8/3/2024,8/3/2024,DOC003850,Invoice,1,7,4,11,20,7,1,1034,155.1,1,1034,GL0007,202408,B0,System,2/14/2026 16:10
3852,9/8/2024,9/8/2024,DOC003852,Invoice,5,7,4,25,3,7,5,6132,919.8,7,876,GL0007,202409,B2,System,2/14/2026 16:10
3859,8/20/2024,8/20/2024,DOC003859,Invoice,3,7,4,18,16,7,3,29808,4471.2,10,2980.8,GL0007,202408,B9,System,2/14/2026 16:10
3869,8/18/2024,8/18/2024,DOC003869,Invoice,3,7,4,23,4,7,3,3160,474,1,3160,GL0007,202408,B9,System,2/14/2026 16:10
3878,8/7/2024,8/7/2024,DOC003878,Invoice,3,7,4,38,20,7,3,16414,2462.1,7,2344.857143,GL0007,202408,B8,System,2/14/2026 16:10
3893,8/10/2024,8/10/2024,DOC003893,Invoice,4,7,4,14,7,7,4,7891,1183.65,7,1127.285714,GL0007,202408,B3,System,2/14/2026 16:10
3905,7/22/2024,7/22/2024,DOC003905,Invoice,3,7,4,13,10,7,3,23624,3543.6,10,2362.4,GL0007,202407,B5,System,2/14/2026 16:10
3916,7/7/2024,7/7/2024,DOC003916,Invoice,4,7,4,4,10,7,4,15368,2305.2,5,3073.6,GL0007,202407,B6,System,2/14/2026 16:10
3920,8/19/2024,8/19/2024,DOC003920,Invoice,1,7,4,31,4,7,1,15394,2309.1,9,1710.444444,GL0007,202408,B0,System,2/14/2026 16:10
3945,7/2/2024,7/2/2024,DOC003945,Invoice,5,7,4,40,10,7,5,9735,1460.25,6,1622.5,GL0007,202407,B5,System,2/14/2026 16:10
3949,7/1/2024,7/1/2024,DOC003949,Invoice,3,7,4,33,7,7,3,9997,1499.55,8,1249.625,GL0007,202407,B9,System,2/14/2026 16:10
3951,9/4/2024,9/4/2024,DOC003951,Invoice,3,7,4,23,3,7,3,20744,3111.6,9,2304.888889,GL0007,202409,B1,System,2/14/2026 16:10
3962,7/4/2024,7/4/2024,DOC003962,Invoice,3,7,4,8,18,7,3,17144,2571.6,9,1904.888889,GL0007,202407,B2,System,2/14/2026 16:10
3970,7/15/2024,7/15/2024,DOC003970,Invoice,1,7,4,11,15,7,1,1914,287.1,1,1914,GL0007,202407,B0,System,2/14/2026 16:10
3975,8/1/2024,8/1/2024,DOC003975,Invoice,3,7,4,18,2,7,3,18408,2761.2,10,1840.8,GL0007,202408,B5,System,2/14/2026 16:10
3984,9/21/2024,9/21/2024,DOC003984,Invoice,1,7,4,36,18,7,1,13544,2031.6,5,2708.8,GL0007,202409,B4,System,2/14/2026 16:10
4002,8/8/2024,8/8/2024,DOC004002,Invoice,3,7,4,13,15,7,3,13188,1978.2,5,2637.6,GL0007,202408,B2,System,2/14/2026 16:10
4007,8/17/2024,8/17/2024,DOC004007,Invoice,3,7,4,13,14,7,3,17383,2607.45,8,2172.875,GL0007,202408,B7,System,2/14/2026 16:10
4010,8/11/2024,8/11/2024,DOC004010,Invoice,2,7,4,22,6,7,2,10460,1569,3,3486.666667,GL0007,202408,B0,System,2/14/2026 16:10
4012,7/9/2024,7/9/2024,DOC004012,Invoice,4,7,4,34,12,7,4,11722,1758.3,9,1302.444444,GL0007,202407,B2,System,2/14/2026 16:10
4020,8/21/2024,8/21/2024,DOC004020,Invoice,1,7,4,31,14,7,1,27533,4129.95,8,3441.625,GL0007,202408,B0,System,2/14/2026 16:10
4027,7/10/2024,7/10/2024,DOC004027,Invoice,2,7,4,37,12,7,2,15361,2304.15,7,2194.428571,GL0007,202407,B7,System,2/14/2026 16:10
4032,9/8/2024,9/8/2024,DOC004032,Invoice,2,7,4,37,4,7,2,17948,2692.2,7,2564,GL0007,202409,B2,System,2/14/2026 16:10
4041,9/20/2024,9/20/2024,DOC004041,Invoice,3,7,4,28,17,7,3,20048,3007.2,10,2004.8,GL0007,202409,B1,System,2/14/2026 16:10
4059,7/22/2024,7/22/2024,DOC004059,Invoice,3,7,4,3,15,7,3,14420,2163,7,2060,GL0007,202407,B9,System,2/14/2026 16:10
4062,9/16/2024,9/16/2024,DOC004062,Invoice,1,7,4,31,11,7,1,23048,3457.2,9,2560.888889,GL0007,202409,B2,System,2/14/2026 16:10
4069,7/14/2024,7/14/2024,DOC004069,Invoice,4,7,4,19,5,7,4,10450,1567.5,3,3483.333333,GL0007,202407,B9,System,2/14/2026 16:10
4072,7/15/2024,7/15/2024,DOC004072,Invoice,5,7,4,30,13,7,5,8236,1235.4,5,1647.2,GL0007,202407,B2,System,2/14/2026 16:10
4080,7/10/2024,7/10/2024,DOC004080,Invoice,2,7,4,7,4,7,2,8949,1342.35,7,1278.428571,GL0007,202407,B0,System,2/14/2026 16:10
4102,8/14/2024,8/14/2024,DOC004102,Invoice,4,7,4,19,20,7,4,852,127.8,1,852,GL0007,202408,B2,System,2/14/2026 16:10
4130,8/3/2024,8/3/2024,DOC004130,Invoice,3,7,4,3,13,7,3,6552,982.8,6,1092,GL0007,202408,B0,System,2/14/2026 16:10
4137,8/25/2024,8/25/2024,DOC004137,Invoice,1,7,4,1,17,7,1,2504,375.6,5,500.8,GL0007,202408,B7,System,2/14/2026 16:10
4141,7/18/2024,7/18/2024,DOC004141,Invoice,5,7,4,40,4,7,5,7337,1100.55,3,2445.666667,GL0007,202407,B1,System,2/14/2026 16:10
4148,9/14/2024,9/14/2024,DOC004148,Invoice,4,7,4,4,15,7,4,2896,434.4,1,2896,GL0007,202409,B8,System,2/14/2026 16:10
4157,7/22/2024,7/22/2024,DOC004157,Invoice,2,7,4,32,14,7,2,17376,2606.4,8,2172,GL0007,202407,B7,System,2/14/2026 16:10
4165,7/5/2024,7/5/2024,DOC004165,Invoice,5,7,4,15,15,7,5,1223,183.45,1,1223,GL0007,202407,B5,System,2/14/2026 16:10
4180,9/11/2024,9/11/2024,DOC004180,Invoice,5,7,4,35,5,7,5,29520,4428,9,3280,GL0007,202409,B0,System,2/14/2026 16:10
4185,8/28/2024,8/28/2024,DOC004185,Invoice,1,7,4,31,11,7,1,11880,1782,6,1980,GL0007,202408,B5,System,2/14/2026 16:10
4191,8/7/2024,8/7/2024,DOC004191,Invoice,2,7,4,22,18,7,2,5344,801.6,8,668,GL0007,202408,B1,System,2/14/2026 16:10
4193,8/24/2024,8/24/2024,DOC004193,Invoice,4,7,4,29,11,7,4,21836,3275.4,6,3639.333333,GL0007,202408,B3,System,2/14/2026 16:10
4198,7/4/2024,7/4/2024,DOC004198,Invoice,5,7,4,10,17,7,5,3672,550.8,9,408,GL0007,202407,B8,System,2/14/2026 16:10
4205,9/24/2024,9/24/2024,DOC004205,Invoice,3,7,4,33,6,7,3,2800,420,7,400,GL0007,202409,B5,System,2/14/2026 16:10
4209,8/13/2024,8/13/2024,DOC004209,Invoice,1,7,4,36,1,7,1,2391,358.65,1,2391,GL0007,202408,B9,System,2/14/2026 16:10
4217,7/25/2024,7/25/2024,DOC004217,Invoice,4,7,4,4,17,7,4,9405,1410.75,4,2351.25,GL0007,202407,B7,System,2/14/2026 16:10
4221,7/5/2024,7/5/2024,DOC004221,Invoice,3,7,4,23,1,7,3,9982,1497.3,3,3327.333333,GL0007,202407,B1,System,2/14/2026 16:10
4239,8/30/2024,8/30/2024,DOC004239,Invoice,2,7,4,32,2,7,2,6472,970.8,10,647.2,GL0007,202408,B9,System,2/14/2026 16:10
4241,9/21/2024,9/21/2024,DOC004241,Invoice,4,7,4,34,17,7,4,8676,1301.4,4,2169,GL0007,202409,B1,System,2/14/2026 16:10
4242,8/1/2024,8/1/2024,DOC004242,Invoice,5,7,4,10,10,7,5,4349,652.35,3,1449.666667,GL0007,202408,B2,System,2/14/2026 16:10
4251,9/9/2024,9/9/2024,DOC004251,Invoice,5,7,4,15,6,7,5,4455,668.25,4,1113.75,GL0007,202409,B1,System,2/14/2026 16:10
4268,7/25/2024,7/25/2024,DOC004268,Invoice,5,7,4,35,3,7,5,2797,419.55,1,2797,GL0007,202407,B8,System,2/14/2026 16:10
4272,7/18/2024,7/18/2024,DOC004272,Invoice,1,7,4,6,9,7,1,5903,885.45,7,843.2857143,GL0007,202407,B2,System,2/14/2026 16:10
4288,9/25/2024,9/25/2024,DOC004288,Invoice,4,7,4,24,15,7,4,977,146.55,1,977,GL0007,202409,B8,System,2/14/2026 16:10
4290,7/24/2024,7/24/2024,DOC004290,Invoice,3,7,4,8,11,7,3,9972,1495.8,4,2493,GL0007,202407,B0,System,2/14/2026 16:10
4316,9/25/2024,9/25/2024,DOC004316,Invoice,3,7,4,3,3,7,3,37760,5664,10,3776,GL0007,202409,B6,System,2/14/2026 16:10
4373,7/26/2024,7/26/2024,DOC004373,Invoice,3,7,4,18,4,7,3,1853,277.95,3,617.6666667,GL0007,202407,B3,System,2/14/2026 16:10
4379,8/24/2024,8/24/2024,DOC004379,Invoice,5,7,4,40,16,7,5,2280,342,3,760,GL0007,202408,B9,System,2/14/2026 16:10
4383,9/7/2024,9/7/2024,DOC004383,Invoice,3,7,4,8,20,7,3,11456,1718.4,10,1145.6,GL0007,202409,B3,System,2/14/2026 16:10
4392,8/4/2024,8/4/2024,DOC004392,Invoice,3,7,4,13,5,7,3,11804,1770.6,5,2360.8,GL0007,202408,B2,System,2/14/2026 16:10
4404,7/7/2024,7/7/2024,DOC004404,Invoice,1,7,4,6,3,7,1,30420,4563,9,3380,GL0007,202407,B4,System,2/14/2026 16:10
4422,8/17/2024,8/17/2024,DOC004422,Invoice,3,7,4,13,10,7,3,18087,2713.05,6,3014.5,GL0007,202408,B2,System,2/14/2026 16:10
4445,9/22/2024,9/22/2024,DOC004445,Invoice,1,7,4,36,17,7,1,31655,4748.25,8,3956.875,GL0007,202409,B5,System,2/14/2026 16:10
4452,7/17/2024,7/17/2024,DOC004452,Invoice,5,7,4,40,8,7,5,13200,1980,5,2640,GL0007,202407,B2,System,2/14/2026 16:10
4455,9/16/2024,9/16/2024,DOC004455,Invoice,5,7,4,5,7,7,5,6996,1049.4,3,2332,GL0007,202409,B5,System,2/14/2026 16:10
4462,9/11/2024,9/11/2024,DOC004462,Invoice,2,7,4,27,16,7,2,26158,3923.7,7,3736.857143,GL0007,202409,B2,System,2/14/2026 16:10
4468,9/17/2024,9/17/2024,DOC004468,Invoice,1,7,4,11,7,7,1,897,134.55,1,897,GL0007,202409,B8,System,2/14/2026 16:10
4480,7/22/2024,7/22/2024,DOC004480,Invoice,1,7,4,1,5,7,1,35842,5376.3,9,3982.444444,GL0007,202407,B0,System,2/14/2026 16:10
4491,8/4/2024,8/4/2024,DOC004491,Invoice,2,7,4,12,8,7,2,12135,1820.25,6,2022.5,GL0007,202408,B1,System,2/14/2026 16:10
4497,7/20/2024,7/20/2024,DOC004497,Invoice,3,7,4,33,5,7,3,16839,2525.85,6,2806.5,GL0007,202407,B7,System,2/14/2026 16:10
4500,9/5/2024,9/5/2024,DOC004500,Invoice,2,7,4,22,6,7,2,11074,1661.1,6,1845.666667,GL0007,202409,B0,System,2/14/2026 16:10
4510,7/9/2024,7/9/2024,DOC004510,Invoice,1,7,4,6,6,7,1,11472,1720.8,3,3824,GL0007,202407,B0,System,2/14/2026 16:10
4521,8/19/2024,8/19/2024,DOC004521,Invoice,5,7,4,10,4,7,5,3356,503.4,5,671.2,GL0007,202408,B1,System,2/14/2026 16:10
4522,9/6/2024,9/6/2024,DOC004522,Invoice,1,7,4,11,7,7,1,12404,1860.6,8,1550.5,GL0007,202409,B2,System,2/14/2026 16:10
4525,7/6/2024,7/6/2024,DOC004525,Invoice,1,7,4,26,5,7,1,19728,2959.2,9,2192,GL0007,202407,B5,System,2/14/2026 16:10
4547,7/11/2024,7/11/2024,DOC004547,Invoice,3,7,4,38,14,7,3,35705,5355.75,9,3967.222222,GL0007,202407,B7,System,2/14/2026 16:10
4596,9/22/2024,9/22/2024,DOC004596,Invoice,2,7,4,12,12,7,2,9224,1383.6,7,1317.714286,GL0007,202409,B6,System,2/14/2026 16:10
4602,8/5/2024,8/5/2024,DOC004602,Invoice,4,7,4,34,8,7,4,11396,1709.4,4,2849,GL0007,202408,B2,System,2/14/2026 16:10
4621,8/24/2024,8/24/2024,DOC004621,Invoice,5,7,4,25,4,7,5,4544,681.6,5,908.8,GL0007,202408,B1,System,2/14/2026 16:10
4624,9/6/2024,9/6/2024,DOC004624,Invoice,4,7,4,24,5,7,4,14388,2158.2,4,3597,GL0007,202409,B4,System,2/14/2026 16:10
4632,8/19/2024,8/19/2024,DOC004632,Invoice,1,7,4,11,19,7,1,3663,549.45,2,1831.5,GL0007,202408,B2,System,2/14/2026 16:10
4646,7/10/2024,7/10/2024,DOC004646,Invoice,5,7,4,5,9,7,5,7696,1154.4,4,1924,GL0007,202407,B6,System,2/14/2026 16:10
4651,9/16/2024,9/16/2024,DOC004651,Invoice,5,7,4,35,6,7,5,2896,434.4,4,724,GL0007,202409,B1,System,2/14/2026 16:10
4657,9/21/2024,9/21/2024,DOC004657,Invoice,4,7,4,39,4,7,4,2880,432,5,576,GL0007,202409,B7,System,2/14/2026 16:10
4661,8/21/2024,8/21/2024,DOC004661,Invoice,5,7,4,35,16,7,5,4754,713.1,2,2377,GL0007,202408,B1,System,2/14/2026 16:10
4667,9/22/2024,9/22/2024,DOC004667,Invoice,1,7,4,31,18,7,1,33224,4983.6,10,3322.4,GL0007,202409,B7,System,2/14/2026 16:10
4668,9/23/2024,9/23/2024,DOC004668,Invoice,1,7,4,26,6,7,1,24064,3609.6,10,2406.4,GL0007,202409,B8,System,2/14/2026 16:10
4688,9/24/2024,9/24/2024,DOC004688,Invoice,3,7,4,18,5,7,3,21069,3160.35,8,2633.625,GL0007,202409,B8,System,2/14/2026 16:10
4691,9/11/2024,9/11/2024,DOC004691,Invoice,5,7,4,20,16,7,5,14408,2161.2,9,1600.888889,GL0007,202409,B1,System,2/14/2026 16:10
4710,7/6/2024,7/6/2024,DOC004710,Invoice,4,7,4,19,12,7,4,10965,1644.75,7,1566.428571,GL0007,202407,B0,System,2/14/2026 16:10
4724,7/16/2024,7/16/2024,DOC004724,Invoice,4,7,4,34,2,7,4,2402,360.3,1,2402,GL0007,202407,B4,System,2/14/2026 16:10
4729,7/19/2024,7/19/2024,DOC004729,Invoice,1,7,4,36,5,7,1,1872,280.8,4,468,GL0007,202407,B9,System,2/14/2026 16:10
4731,9/24/2024,9/24/2024,DOC004731,Invoice,5,7,4,20,5,7,5,5836,875.4,7,833.7142857,GL0007,202409,B1,System,2/14/2026 16:10
4732,8/15/2024,8/15/2024,DOC004732,Invoice,5,7,4,35,4,7,5,2001,300.15,1,2001,GL0007,202408,B2,System,2/14/2026 16:10
4733,8/30/2024,8/30/2024,DOC004733,Invoice,2,7,4,22,15,7,2,27288,4093.2,9,3032,GL0007,202408,B3,System,2/14/2026 16:10
4737,8/6/2024,8/6/2024,DOC004737,Invoice,4,7,4,9,7,7,4,4488,673.2,10,448.8,GL0007,202408,B7,System,2/14/2026 16:10
4739,7/18/2024,7/18/2024,DOC004739,Invoice,1,7,4,16,7,7,1,24944,3741.6,10,2494.4,GL0007,202407,B9,System,2/14/2026 16:10
4742,7/17/2024,7/17/2024,DOC004742,Invoice,4,7,4,9,18,7,4,30637,4595.55,8,3829.625,GL0007,202407,B2,System,2/14/2026 16:10
4758,7/15/2024,7/15/2024,DOC004758,Invoice,1,7,4,6,5,7,1,14492,2173.8,5,2898.4,GL0007,202407,B8,System,2/14/2026 16:10
4760,7/8/2024,7/8/2024,DOC004760,Invoice,3,7,4,13,7,7,3,2160,324,1,2160,GL0007,202407,B0,System,2/14/2026 16:10
4768,8/21/2024,8/21/2024,DOC004768,Invoice,1,7,4,31,7,7,1,10728,1609.2,9,1192,GL0007,202408,B8,System,2/14/2026 16:10
4771,7/25/2024,7/25/2024,DOC004771,Invoice,3,7,4,23,8,7,3,6789,1018.35,2,3394.5,GL0007,202407,B1,System,2/14/2026 16:10
4773,7/16/2024,7/16/2024,DOC004773,Invoice,2,7,4,22,14,7,2,22165,3324.75,7,3166.428571,GL0007,202407,B3,System,2/14/2026 16:10
4774,9/28/2024,9/28/2024,DOC004774,Invoice,1,7,4,36,12,7,1,3090,463.5,1,3090,GL0007,202409,B4,System,2/14/2026 16:10
4775,8/29/2024,8/29/2024,DOC004775,Invoice,3,7,4,8,7,7,3,4146,621.9,2,2073,GL0007,202408,B5,System,2/14/2026 16:10
4777,7/21/2024,7/21/2024,DOC004777,Invoice,5,7,4,15,13,7,5,16762,2514.3,9,1862.444444,GL0007,202407,B7,System,2/14/2026 16:10
4787,9/22/2024,9/22/2024,DOC004787,Invoice,4,7,4,29,12,7,4,11216,1682.4,10,1121.6,GL0007,202409,B7,System,2/14/2026 16:10
4792,7/14/2024,7/14/2024,DOC004792,Invoice,4,7,4,19,3,7,4,13594,2039.1,9,1510.444444,GL0007,202407,B2,System,2/14/2026 16:10
4809,9/5/2024,9/5/2024,DOC004809,Invoice,5,7,4,25,10,7,5,24506,3675.9,7,3500.857143,GL0007,202409,B9,System,2/14/2026 16:10
4813,7/29/2024,7/29/2024,DOC004813,Invoice,4,7,4,29,14,7,4,6212,931.8,6,1035.333333,GL0007,202407,B3,System,2/14/2026 16:10
4821,9/28/2024,9/28/2024,DOC004821,Invoice,5,7,4,40,3,7,5,34200,5130,10,3420,GL0007,202409,B1,System,2/14/2026 16:10
4824,8/12/2024,8/12/2024,DOC004824,Invoice,5,7,4,5,19,7,5,8487,1273.05,6,1414.5,GL0007,202408,B4,System,2/14/2026 16:10
4829,9/1/2024,9/1/2024,DOC004829,Invoice,2,7,4,37,7,7,2,15472,2320.8,5,3094.4,GL0007,202409,B9,System,2/14/2026 16:10
4836,8/9/2024,8/9/2024,DOC004836,Invoice,3,7,4,3,9,7,3,4529,679.35,9,503.2222222,GL0007,202408,B6,System,2/14/2026 16:10
4854,7/25/2024,7/25/2024,DOC004854,Invoice,4,7,4,19,12,7,4,22560,3384,8,2820,GL0007,202407,B4,System,2/14/2026 16:10
4857,8/16/2024,8/16/2024,DOC004857,Invoice,1,7,4,6,18,7,1,6132,919.8,7,876,GL0007,202408,B7,System,2/14/2026 16:10
4878,8/16/2024,8/16/2024,DOC004878,Invoice,5,7,4,20,10,7,5,8916,1337.4,8,1114.5,GL0007,202408,B8,System,2/14/2026 16:10
4879,8/29/2024,8/29/2024,DOC004879,Invoice,4,7,4,34,12,7,4,808,121.2,1,808,GL0007,202408,B9,System,2/14/2026 16:10
4890,9/6/2024,9/6/2024,DOC004890,Invoice,5,7,4,30,1,7,5,18976,2846.4,5,3795.2,GL0007,202409,B0,System,2/14/2026 16:10
4892,9/23/2024,9/23/2024,DOC004892,Invoice,3,7,4,13,18,7,3,3559,533.85,8,444.875,GL0007,202409,B2,System,2/14/2026 16:10
4898,9/9/2024,9/9/2024,DOC004898,Invoice,4,7,4,34,16,7,4,18161,2724.15,7,2594.428571,GL0007,202409,B8,System,2/14/2026 16:10
4902,9/21/2024,9/21/2024,DOC004902,Invoice,5,7,4,20,11,7,5,26008,3901.2,10,2600.8,GL0007,202409,B2,System,2/14/2026 16:10
4907,8/19/2024,8/19/2024,DOC004907,Invoice,1,7,4,21,6,7,1,15346,2301.9,6,2557.666667,GL0007,202408,B7,System,2/14/2026 16:10
4913,9/25/2024,9/25/2024,DOC004913,Invoice,3,7,4,28,2,7,3,3776,566.4,5,755.2,GL0007,202409,B3,System,2/14/2026 16:10
4919,9/19/2024,9/19/2024,DOC004919,Invoice,1,7,4,36,19,7,1,14237,2135.55,4,3559.25,GL0007,202409,B9,System,2/14/2026 16:10
4921,7/29/2024,7/29/2024,DOC004921,Invoice,5,7,4,40,8,7,5,4476,671.4,5,895.2,GL0007,202407,B1,System,2/14/2026 16:10
4928,7/20/2024,7/20/2024,DOC004928,Invoice,5,7,4,15,4,7,5,25320,3798,10,2532,GL0007,202407,B8,System,2/14/2026 16:10
4933,7/9/2024,7/9/2024,DOC004933,Invoice,2,7,4,32,13,7,2,12539,1880.85,7,1791.285714,GL0007,202407,B3,System,2/14/2026 16:10
4936,9/28/2024,9/28/2024,DOC004936,Invoice,5,7,4,10,2,7,5,15316,2297.4,8,1914.5,GL0007,202409,B6,System,2/14/2026 16:10
4937,8/5/2024,8/5/2024,DOC004937,Invoice,3,7,4,8,13,7,3,4673,700.95,9,519.2222222,GL0007,202408,B7,System,2/14/2026 16:10
4945,8/9/2024,8/9/2024,DOC004945,Invoice,4,7,4,39,6,7,4,10791,1618.65,4,2697.75,GL0007,202408,B5,System,2/14/2026 16:10
4959,7/21/2024,7/21/2024,DOC004959,Invoice,3,7,4,18,18,7,3,9324,1398.6,9,1036,GL0007,202407,B9,System,2/14/2026 16:10
4972,7/18/2024,7/18/2024,DOC004972,Invoice,1,7,4,21,14,7,1,11108,1666.2,6,1851.333333,GL0007,202407,B2,System,2/14/2026 16:10
4973,9/24/2024,9/24/2024,DOC004973,Invoice,2,7,4,37,15,7,2,5128,769.2,5,1025.6,GL0007,202409,B3,System,2/14/2026 16:10
4991,8/24/2024,8/24/2024,DOC004991,Invoice,4,7,4,34,9,7,4,4237,635.55,4,1059.25,GL0007,202408,B1,System,2/14/2026 16:10
4996,7/6/2024,7/6/2024,DOC004996,Invoice,3,7,4,8,16,7,3,17724,2658.6,7,2532,GL0007,202407,B6,System,2/14/2026 16:10
11,8/18/2024,8/18/2024,DOC000011,Invoice,3,8,3,28,,8,3,14436,2165.4,4,3609,GL0008,202408,B1,System,2/14/2026 16:10
17,7/22/2024,7/22/2024,DOC000017,Invoice,1,8,3,1,,8,1,8230,1234.5,3,2743.333333,GL0008,202407,B7,System,2/14/2026 16:10
30,8/2/2024,8/2/2024,DOC000030,Invoice,5,8,2,15,,8,5,4928,739.2,5,985.6,GL0008,202408,B0,System,2/14/2026 16:10
42,7/20/2024,7/20/2024,DOC000042,Invoice,5,8,2,20,,8,5,20289,3043.35,7,2898.428571,GL0008,202407,B2,System,2/14/2026 16:10
44,8/22/2024,8/22/2024,DOC000044,Invoice,5,8,3,5,,8,5,7600,1140,4,1900,GL0008,202408,B4,System,2/14/2026 16:10
45,9/23/2024,9/23/2024,DOC000045,Invoice,2,8,2,7,,8,2,21864,3279.6,10,2186.4,GL0008,202409,B5,System,2/14/2026 16:10
51,9/20/2024,9/20/2024,DOC000051,Invoice,5,8,3,5,,8,5,3581,537.15,3,1193.666667,GL0008,202409,B1,System,2/14/2026 16:10
77,7/11/2024,7/11/2024,DOC000077,Invoice,1,8,2,31,,8,1,11684,1752.6,6,1947.333333,GL0008,202407,B7,System,2/14/2026 16:10
79,9/23/2024,9/23/2024,DOC000079,Invoice,1,8,2,11,,8,1,11912,1786.8,5,2382.4,GL0008,202409,B9,System,2/14/2026 16:10
82,7/21/2024,7/21/2024,DOC000082,Invoice,5,8,2,30,,8,5,4484,672.6,3,1494.666667,GL0008,202407,B2,System,2/14/2026 16:10
84,9/13/2024,9/13/2024,DOC000084,Invoice,4,8,3,4,,8,4,11007,1651.05,6,1834.5,GL0008,202409,B4,System,2/14/2026 16:10
85,9/21/2024,9/21/2024,DOC000085,Invoice,4,8,1,9,,8,4,4373,655.95,3,1457.666667,GL0008,202409,B5,System,2/14/2026 16:10
86,7/29/2024,7/29/2024,DOC000086,Invoice,1,8,1,11,,8,1,6868,1030.2,5,1373.6,GL0008,202407,B6,System,2/14/2026 16:10
89,8/28/2024,8/28/2024,DOC000089,Invoice,1,8,1,11,,8,1,17524,2628.6,5,3504.8,GL0008,202408,B9,System,2/14/2026 16:10
119,8/12/2024,8/12/2024,DOC000119,Invoice,1,8,2,31,,8,1,8845,1326.75,8,1105.625,GL0008,202408,B9,System,2/14/2026 16:10
121,7/4/2024,7/4/2024,DOC000121,Invoice,2,8,3,17,,8,2,3516,527.4,5,703.2,GL0008,202407,B1,System,2/14/2026 16:10
126,7/24/2024,7/24/2024,DOC000126,Invoice,5,8,1,30,,8,5,10874,1631.1,4,2718.5,GL0008,202407,B6,System,2/14/2026 16:10
127,7/14/2024,7/14/2024,DOC000127,Invoice,4,8,3,19,,8,4,29032,4354.8,10,2903.2,GL0008,202407,B7,System,2/14/2026 16:10
132,8/16/2024,8/16/2024,DOC000132,Invoice,5,8,2,40,,8,5,8488,1273.2,10,848.8,GL0008,202408,B2,System,2/14/2026 16:10
136,8/5/2024,8/5/2024,DOC000136,Invoice,4,8,2,9,,8,4,1505,225.75,3,501.6666667,GL0008,202408,B6,System,2/14/2026 16:10
144,7/6/2024,7/6/2024,DOC000144,Invoice,1,8,1,11,,8,1,11698,1754.7,3,3899.333333,GL0008,202407,B4,System,2/14/2026 16:10
152,8/4/2024,8/4/2024,DOC000152,Invoice,5,8,1,25,,8,5,4584,687.6,10,458.4,GL0008,202408,B2,System,2/14/2026 16:10
163,8/12/2024,8/12/2024,DOC000163,Invoice,4,8,2,19,,8,4,5578,836.7,3,1859.333333,GL0008,202408,B3,System,2/14/2026 16:10
164,9/4/2024,9/4/2024,DOC000164,Invoice,3,8,3,28,,8,3,4263,639.45,8,532.875,GL0008,202409,B4,System,2/14/2026 16:10
169,7/18/2024,7/18/2024,DOC000169,Invoice,1,8,1,36,,8,1,27880,4182,10,2788,GL0008,202407,B9,System,2/14/2026 16:10
170,9/9/2024,9/9/2024,DOC000170,Invoice,2,8,2,12,,8,2,9568,1435.2,10,956.8,GL0008,202409,B0,System,2/14/2026 16:10
176,8/22/2024,8/22/2024,DOC000176,Invoice,2,8,1,37,,8,2,10272,1540.8,3,3424,GL0008,202408,B6,System,2/14/2026 16:10
185,8/29/2024,8/29/2024,DOC000185,Invoice,5,8,1,25,,8,5,3264,489.6,8,408,GL0008,202408,B5,System,2/14/2026 16:10
193,7/1/2024,7/1/2024,DOC000193,Invoice,5,8,2,10,,8,5,9578,1436.7,4,2394.5,GL0008,202407,B3,System,2/14/2026 16:10
225,9/22/2024,9/22/2024,DOC000225,Invoice,2,8,1,2,,8,2,5125,768.75,2,2562.5,GL0008,202409,B5,System,2/14/2026 16:10
233,8/22/2024,8/22/2024,DOC000233,Invoice,1,8,2,36,,8,1,12348,1852.2,7,1764,GL0008,202408,B3,System,2/14/2026 16:10
242,7/2/2024,7/2/2024,DOC000242,Invoice,2,8,1,12,,8,2,19931,2989.65,7,2847.285714,GL0008,202407,B2,System,2/14/2026 16:10
272,9/10/2024,9/10/2024,DOC000272,Invoice,3,8,3,3,,8,3,17103,2565.45,7,2443.285714,GL0008,202409,B2,System,2/14/2026 16:10
276,8/3/2024,8/3/2024,DOC000276,Invoice,5,8,2,15,,8,5,22031,3304.65,7,3147.285714,GL0008,202408,B6,System,2/14/2026 16:10
279,7/2/2024,7/2/2024,DOC000279,Invoice,2,8,2,37,,8,2,989,148.35,2,494.5,GL0008,202407,B9,System,2/14/2026 16:10
280,9/3/2024,9/3/2024,DOC000280,Invoice,3,8,1,3,,8,3,22227,3334.05,7,3175.285714,GL0008,202409,B0,System,2/14/2026 16:10
301,7/13/2024,7/13/2024,DOC000301,Invoice,5,8,2,10,,8,5,29504,4425.6,8,3688,GL0008,202407,B1,System,2/14/2026 16:10
302,8/7/2024,8/7/2024,DOC000302,Invoice,4,8,2,24,,8,4,36344,5451.6,10,3634.4,GL0008,202408,B2,System,2/14/2026 16:10
313,8/17/2024,8/17/2024,DOC000313,Invoice,4,8,3,9,,8,4,10224,1533.6,3,3408,GL0008,202408,B3,System,2/14/2026 16:10
315,7/1/2024,7/1/2024,DOC000315,Invoice,1,8,2,36,,8,1,16911,2536.65,6,2818.5,GL0008,202407,B5,System,2/14/2026 16:10
322,9/19/2024,9/19/2024,DOC000322,Invoice,4,8,3,34,,8,4,31656,4748.4,10,3165.6,GL0008,202409,B2,System,2/14/2026 16:10
327,9/9/2024,9/9/2024,DOC000327,Invoice,1,8,2,26,,8,1,14728,2209.2,10,1472.8,GL0008,202409,B7,System,2/14/2026 16:10
332,8/15/2024,8/15/2024,DOC000332,Invoice,4,8,1,24,,8,4,13424,2013.6,5,2684.8,GL0008,202408,B2,System,2/14/2026 16:10
344,8/15/2024,8/15/2024,DOC000344,Invoice,4,8,3,14,,8,4,2806,420.9,7,400.8571429,GL0008,202408,B4,System,2/14/2026 16:10
347,9/16/2024,9/16/2024,DOC000347,Invoice,4,8,1,9,,8,4,9632,1444.8,5,1926.4,GL0008,202409,B7,System,2/14/2026 16:10
357,8/28/2024,8/28/2024,DOC000357,Invoice,4,8,1,14,,8,4,4834,725.1,6,805.6666667,GL0008,202408,B7,System,2/14/2026 16:10
360,9/3/2024,9/3/2024,DOC000360,Invoice,3,8,1,3,,8,3,10720,1608,5,2144,GL0008,202409,B0,System,2/14/2026 16:10
366,9/1/2024,9/1/2024,DOC000366,Invoice,3,8,3,13,,8,3,3376,506.4,1,3376,GL0008,202409,B6,System,2/14/2026 16:10
367,9/11/2024,9/11/2024,DOC000367,Invoice,2,8,3,2,,8,2,11027,1654.05,7,1575.285714,GL0008,202409,B7,System,2/14/2026 16:10
372,7/6/2024,7/6/2024,DOC000372,Invoice,3,8,1,8,,8,3,6591,988.65,3,2197,GL0008,202407,B2,System,2/14/2026 16:10
381,7/15/2024,7/15/2024,DOC000381,Invoice,4,8,2,9,,8,4,14331,2149.65,7,2047.285714,GL0008,202407,B1,System,2/14/2026 16:10
382,9/7/2024,9/7/2024,DOC000382,Invoice,4,8,3,39,,8,4,20237,3035.55,6,3372.833333,GL0008,202409,B2,System,2/14/2026 16:10
385,7/15/2024,7/15/2024,DOC000385,Invoice,4,8,2,4,,8,4,1636,245.4,2,818,GL0008,202407,B5,System,2/14/2026 16:10
390,7/28/2024,7/28/2024,DOC000390,Invoice,4,8,3,19,,8,4,17338,2600.7,8,2167.25,GL0008,202407,B0,System,2/14/2026 16:10
402,8/24/2024,8/24/2024,DOC000402,Invoice,3,8,1,23,,8,3,5180,777,7,740,GL0008,202408,B2,System,2/14/2026 16:10
411,8/26/2024,8/26/2024,DOC000411,Invoice,2,8,2,22,,8,2,11251,1687.65,7,1607.285714,GL0008,202408,B1,System,2/14/2026 16:10
417,8/3/2024,8/3/2024,DOC000417,Invoice,1,8,1,31,,8,1,28557,4283.55,8,3569.625,GL0008,202408,B7,System,2/14/2026 16:10
425,9/10/2024,9/10/2024,DOC000425,Invoice,3,8,2,13,,8,3,27028,4054.2,8,3378.5,GL0008,202409,B5,System,2/14/2026 16:10
430,9/18/2024,9/18/2024,DOC000430,Invoice,4,8,1,19,,8,4,1819,272.85,1,1819,GL0008,202409,B0,System,2/14/2026 16:10
435,7/14/2024,7/14/2024,DOC000435,Invoice,3,8,3,18,,8,3,34697,5204.55,9,3855.222222,GL0008,202407,B5,System,2/14/2026 16:10
442,7/19/2024,7/19/2024,DOC000442,Invoice,4,8,3,34,,8,4,23465,3519.75,9,2607.222222,GL0008,202407,B2,System,2/14/2026 16:10
445,9/3/2024,9/3/2024,DOC000445,Invoice,4,8,3,14,,8,4,1424,213.6,2,712,GL0008,202409,B5,System,2/14/2026 16:10
450,9/3/2024,9/3/2024,DOC000450,Invoice,3,8,2,18,,8,3,18586,2787.9,8,2323.25,GL0008,202409,B0,System,2/14/2026 16:10
451,8/14/2024,8/14/2024,DOC000451,Invoice,5,8,2,30,,8,5,4589,688.35,3,1529.666667,GL0008,202408,B1,System,2/14/2026 16:10
452,7/22/2024,7/22/2024,DOC000452,Invoice,5,8,1,35,,8,5,11273,1690.95,7,1610.428571,GL0008,202407,B2,System,2/14/2026 16:10
455,8/8/2024,8/8/2024,DOC000455,Invoice,3,8,3,38,,8,3,4840,726,2,2420,GL0008,202408,B5,System,2/14/2026 16:10
467,9/18/2024,9/18/2024,DOC000467,Invoice,4,8,3,24,,8,4,4264,639.6,2,2132,GL0008,202409,B7,System,2/14/2026 16:10
468,9/22/2024,9/22/2024,DOC000468,Invoice,4,8,3,24,,8,4,13952,2092.8,5,2790.4,GL0008,202409,B8,System,2/14/2026 16:10
476,9/11/2024,9/11/2024,DOC000476,Invoice,1,8,3,1,,8,1,30336,4550.4,10,3033.6,GL0008,202409,B6,System,2/14/2026 16:10
478,8/17/2024,8/17/2024,DOC000478,Invoice,2,8,2,12,,8,2,4308,646.2,4,1077,GL0008,202408,B8,System,2/14/2026 16:10
483,8/9/2024,8/9/2024,DOC000483,Invoice,1,8,1,26,,8,1,5652,847.8,8,706.5,GL0008,202408,B3,System,2/14/2026 16:10
489,8/29/2024,8/29/2024,DOC000489,Invoice,2,8,2,27,,8,2,3719,557.85,8,464.875,GL0008,202408,B9,System,2/14/2026 16:10
491,9/4/2024,9/4/2024,DOC000491,Invoice,5,8,2,10,,8,5,4938,740.7,2,2469,GL0008,202409,B1,System,2/14/2026 16:10
515,8/19/2024,8/19/2024,DOC000515,Invoice,2,8,3,2,,8,2,13328,1999.2,7,1904,GL0008,202408,B5,System,2/14/2026 16:10
537,7/31/2024,7/31/2024,DOC000537,Invoice,1,8,1,11,,8,1,13744,2061.6,10,1374.4,GL0008,202407,B7,System,2/14/2026 16:10
561,9/3/2024,9/3/2024,DOC000561,Invoice,1,8,1,36,,8,1,6224,933.6,5,1244.8,GL0008,202409,B1,System,2/14/2026 16:10
583,8/30/2024,8/30/2024,DOC000583,Invoice,4,8,1,14,,8,4,4318,647.7,7,616.8571429,GL0008,202408,B3,System,2/14/2026 16:10
590,9/20/2024,9/20/2024,DOC000590,Invoice,4,8,1,14,,8,4,11556,1733.4,3,3852,GL0008,202409,B0,System,2/14/2026 16:10
600,8/18/2024,8/18/2024,DOC000600,Invoice,1,8,2,31,,8,1,21132,3169.8,9,2348,GL0008,202408,B0,System,2/14/2026 16:10
609,7/26/2024,7/26/2024,DOC000609,Invoice,1,8,3,11,,8,1,21874,3281.1,6,3645.666667,GL0008,202407,B9,System,2/14/2026 16:10
613,7/16/2024,7/16/2024,DOC000613,Invoice,2,8,3,17,,8,2,6092,913.8,6,1015.333333,GL0008,202407,B3,System,2/14/2026 16:10
619,8/8/2024,8/8/2024,DOC000619,Invoice,3,8,1,8,,8,3,7837,1175.55,2,3918.5,GL0008,202408,B9,System,2/14/2026 16:10
623,8/29/2024,8/29/2024,DOC000623,Invoice,2,8,3,17,,8,2,1828,274.2,2,914,GL0008,202408,B3,System,2/14/2026 16:10
630,9/5/2024,9/5/2024,DOC000630,Invoice,1,8,2,31,,8,1,5223,783.45,8,652.875,GL0008,202409,B0,System,2/14/2026 16:10
635,8/20/2024,8/20/2024,DOC000635,Invoice,1,8,1,31,,8,1,4245,636.75,2,2122.5,GL0008,202408,B5,System,2/14/2026 16:10
649,9/23/2024,9/23/2024,DOC000649,Invoice,1,8,2,6,,8,1,8669,1300.35,4,2167.25,GL0008,202409,B9,System,2/14/2026 16:10
659,8/1/2024,8/1/2024,DOC000659,Invoice,1,8,2,11,,8,1,29556,4433.4,8,3694.5,GL0008,202408,B9,System,2/14/2026 16:10
660,8/14/2024,8/14/2024,DOC000660,Invoice,2,8,2,7,,8,2,22232,3334.8,10,2223.2,GL0008,202408,B0,System,2/14/2026 16:10
671,9/5/2024,9/5/2024,DOC000671,Invoice,2,8,1,2,,8,2,2620,393,1,2620,GL0008,202409,B1,System,2/14/2026 16:10
681,7/25/2024,7/25/2024,DOC000681,Invoice,3,8,3,23,,8,3,27664,4149.6,7,3952,GL0008,202407,B1,System,2/14/2026 16:10
682,9/24/2024,9/24/2024,DOC000682,Invoice,2,8,2,17,,8,2,11048,1657.2,3,3682.666667,GL0008,202409,B2,System,2/14/2026 16:10
697,8/4/2024,8/4/2024,DOC000697,Invoice,5,8,3,40,,8,5,2615,392.25,1,2615,GL0008,202408,B7,System,2/14/2026 16:10
702,8/15/2024,8/15/2024,DOC000702,Invoice,5,8,1,25,,8,5,4812,721.8,3,1604,GL0008,202408,B2,System,2/14/2026 16:10
703,7/15/2024,7/15/2024,DOC000703,Invoice,5,8,1,25,,8,5,16764,2514.6,5,3352.8,GL0008,202407,B3,System,2/14/2026 16:10
708,9/9/2024,9/9/2024,DOC000708,Invoice,2,8,1,27,,8,2,2285,342.75,1,2285,GL0008,202409,B8,System,2/14/2026 16:10
710,9/6/2024,9/6/2024,DOC000710,Invoice,4,8,2,4,,8,4,16032,2404.8,10,1603.2,GL0008,202409,B0,System,2/14/2026 16:10
720,7/28/2024,7/28/2024,DOC000720,Invoice,5,8,3,25,,8,5,4076,611.4,9,452.8888889,GL0008,202407,B0,System,2/14/2026 16:10
744,8/21/2024,8/21/2024,DOC000744,Invoice,5,8,2,5,,8,5,7104,1065.6,10,710.4,GL0008,202408,B4,System,2/14/2026 16:10
764,9/27/2024,9/27/2024,DOC000764,Invoice,2,8,2,2,,8,2,709,106.35,1,709,GL0008,202409,B4,System,2/14/2026 16:10
777,7/2/2024,7/2/2024,DOC000777,Invoice,5,8,1,30,,8,5,11463,1719.45,8,1432.875,GL0008,202407,B7,System,2/14/2026 16:10
800,8/19/2024,8/19/2024,DOC000800,Invoice,2,8,3,7,,8,2,4749,712.35,8,593.625,GL0008,202408,B0,System,2/14/2026 16:10
805,7/20/2024,7/20/2024,DOC000805,Invoice,5,8,2,30,,8,5,8168,1225.2,5,1633.6,GL0008,202407,B5,System,2/14/2026 16:10
820,8/6/2024,8/6/2024,DOC000820,Invoice,2,8,2,37,,8,2,1712,256.8,1,1712,GL0008,202408,B0,System,2/14/2026 16:10
821,7/6/2024,7/6/2024,DOC000821,Invoice,4,8,2,29,,8,4,2962,444.3,3,987.3333333,GL0008,202407,B1,System,2/14/2026 16:10
823,8/11/2024,8/11/2024,DOC000823,Invoice,1,8,3,21,,8,1,22544,3381.6,9,2504.888889,GL0008,202408,B3,System,2/14/2026 16:10
826,8/12/2024,8/12/2024,DOC000826,Invoice,4,8,1,39,,8,4,21891,3283.65,7,3127.285714,GL0008,202408,B6,System,2/14/2026 16:10
854,9/9/2024,9/9/2024,DOC000854,Invoice,3,8,1,8,,8,3,10538,1580.7,4,2634.5,GL0008,202409,B4,System,2/14/2026 16:10
858,9/18/2024,9/18/2024,DOC000858,Invoice,3,8,1,38,,8,3,11237,1685.55,3,3745.666667,GL0008,202409,B8,System,2/14/2026 16:10
859,8/27/2024,8/27/2024,DOC000859,Invoice,1,8,1,1,,8,1,1058,158.7,2,529,GL0008,202408,B9,System,2/14/2026 16:10
868,7/18/2024,7/18/2024,DOC000868,Invoice,4,8,3,9,,8,4,12348,1852.2,5,2469.6,GL0008,202407,B8,System,2/14/2026 16:10
888,8/13/2024,8/13/2024,DOC000888,Invoice,1,8,2,36,,8,1,3825,573.75,1,3825,GL0008,202408,B8,System,2/14/2026 16:10
895,8/21/2024,8/21/2024,DOC000895,Invoice,5,8,3,25,,8,5,20692,3103.8,8,2586.5,GL0008,202408,B5,System,2/14/2026 16:10
900,8/14/2024,8/14/2024,DOC000900,Invoice,1,8,1,16,,8,1,2069,310.35,1,2069,GL0008,202408,B0,System,2/14/2026 16:10
911,7/6/2024,7/6/2024,DOC000911,Invoice,3,8,3,3,,8,3,641,96.15,1,641,GL0008,202407,B1,System,2/14/2026 16:10
919,9/20/2024,9/20/2024,DOC000919,Invoice,2,8,3,27,,8,2,23040,3456,10,2304,GL0008,202409,B9,System,2/14/2026 16:10
925,8/1/2024,8/1/2024,DOC000925,Invoice,2,8,1,17,,8,2,2408,361.2,1,2408,GL0008,202408,B5,System,2/14/2026 16:10
935,9/23/2024,9/23/2024,DOC000935,Invoice,1,8,1,21,,8,1,14415,2162.25,6,2402.5,GL0008,202409,B5,System,2/14/2026 16:10
942,7/29/2024,7/29/2024,DOC000942,Invoice,2,8,2,17,,8,2,3616,542.4,4,904,GL0008,202407,B2,System,2/14/2026 16:10
965,8/25/2024,8/25/2024,DOC000965,Invoice,1,8,2,31,,8,1,2708,406.2,1,2708,GL0008,202408,B5,System,2/14/2026 16:10
972,9/11/2024,9/11/2024,DOC000972,Invoice,2,8,3,17,,8,2,3691,553.65,7,527.2857143,GL0008,202409,B2,System,2/14/2026 16:10
983,8/28/2024,8/28/2024,DOC000983,Invoice,1,8,3,31,,8,1,15885,2382.75,8,1985.625,GL0008,202408,B3,System,2/14/2026 16:10
984,7/4/2024,7/4/2024,DOC000984,Invoice,4,8,2,24,,8,4,11556,1733.4,3,3852,GL0008,202407,B4,System,2/14/2026 16:10
985,9/27/2024,9/27/2024,DOC000985,Invoice,2,8,3,22,,8,2,15941,2391.15,9,1771.222222,GL0008,202409,B5,System,2/14/2026 16:10
991,8/16/2024,8/16/2024,DOC000991,Invoice,4,8,3,9,,8,4,16036,2405.4,5,3207.2,GL0008,202408,B1,System,2/14/2026 16:10
1003,8/14/2024,8/14/2024,DOC001003,Invoice,5,8,1,10,,8,5,11559,1733.85,4,2889.75,GL0008,202408,B3,System,2/14/2026 16:10
1008,9/18/2024,9/18/2024,DOC001008,Invoice,5,8,3,35,,8,5,35464,5319.6,10,3546.4,GL0008,202409,B8,System,2/14/2026 16:10
1014,7/31/2024,7/31/2024,DOC001014,Invoice,3,8,3,23,,8,3,32712,4906.8,10,3271.2,GL0008,202407,B4,System,2/14/2026 16:10
1016,8/12/2024,8/12/2024,DOC001016,Invoice,3,8,1,3,,8,3,7079,1061.85,7,1011.285714,GL0008,202408,B6,System,2/14/2026 16:10
1022,8/4/2024,8/4/2024,DOC001022,Invoice,4,8,2,34,,8,4,3797,569.55,3,1265.666667,GL0008,202408,B2,System,2/14/2026 16:10
1040,8/15/2024,8/15/2024,DOC001040,Invoice,1,8,3,11,,8,1,6850,1027.5,2,3425,GL0008,202408,B0,System,2/14/2026 16:10
1046,8/2/2024,8/2/2024,DOC001046,Invoice,1,8,3,31,,8,1,22388,3358.2,6,3731.333333,GL0008,202408,B6,System,2/14/2026 16:10
1060,7/30/2024,7/30/2024,DOC001060,Invoice,3,8,2,3,,8,3,9200,1380,3,3066.666667,GL0008,202407,B0,System,2/14/2026 16:10
1064,9/14/2024,9/14/2024,DOC001064,Invoice,1,8,2,31,,8,1,10618,1592.7,6,1769.666667,GL0008,202409,B4,System,2/14/2026 16:10
1074,9/21/2024,9/21/2024,DOC001074,Invoice,4,8,3,4,,8,4,9232,1384.8,10,923.2,GL0008,202409,B4,System,2/14/2026 16:10
1078,7/18/2024,7/18/2024,DOC001078,Invoice,3,8,3,38,,8,3,6135,920.25,2,3067.5,GL0008,202407,B8,System,2/14/2026 16:10
1094,8/9/2024,8/9/2024,DOC001094,Invoice,3,8,3,28,,8,3,2920,438,1,2920,GL0008,202408,B4,System,2/14/2026 16:10
1097,9/9/2024,9/9/2024,DOC001097,Invoice,3,8,1,28,,8,3,22090,3313.5,9,2454.444444,GL0008,202409,B7,System,2/14/2026 16:10
1111,7/8/2024,7/8/2024,DOC001111,Invoice,2,8,1,32,,8,2,2830,424.5,1,2830,GL0008,202407,B1,System,2/14/2026 16:10
1127,9/1/2024,9/1/2024,DOC001127,Invoice,4,8,2,4,,8,4,4728,709.2,2,2364,GL0008,202409,B7,System,2/14/2026 16:10
1138,7/8/2024,7/8/2024,DOC001138,Invoice,5,8,2,5,,8,5,18784,2817.6,5,3756.8,GL0008,202407,B8,System,2/14/2026 16:10
1141,7/21/2024,7/21/2024,DOC001141,Invoice,2,8,3,32,,8,2,5508,826.2,4,1377,GL0008,202407,B1,System,2/14/2026 16:10
1143,8/27/2024,8/27/2024,DOC001143,Invoice,2,8,1,17,,8,2,18053,2707.95,6,3008.833333,GL0008,202408,B3,System,2/14/2026 16:10
1157,9/4/2024,9/4/2024,DOC001157,Invoice,1,8,3,1,,8,1,8655,1298.25,3,2885,GL0008,202409,B7,System,2/14/2026 16:10
1158,8/31/2024,8/31/2024,DOC001158,Invoice,3,8,2,23,,8,3,25434,3815.1,8,3179.25,GL0008,202408,B8,System,2/14/2026 16:10
1163,9/7/2024,9/7/2024,DOC001163,Invoice,5,8,2,15,,8,5,4471,670.65,2,2235.5,GL0008,202409,B3,System,2/14/2026 16:10
1167,7/22/2024,7/22/2024,DOC001167,Invoice,5,8,2,20,,8,5,26348,3952.2,7,3764,GL0008,202407,B7,System,2/14/2026 16:10
1197,7/26/2024,7/26/2024,DOC001197,Invoice,3,8,2,38,,8,3,5139,770.85,3,1713,GL0008,202407,B7,System,2/14/2026 16:10
1204,9/19/2024,9/19/2024,DOC001204,Invoice,5,8,3,5,,8,5,6976,1046.4,10,697.6,GL0008,202409,B4,System,2/14/2026 16:10
1209,9/12/2024,9/12/2024,DOC001209,Invoice,4,8,1,9,,8,4,26701,4005.15,8,3337.625,GL0008,202409,B9,System,2/14/2026 16:10
1230,9/9/2024,9/9/2024,DOC001230,Invoice,3,8,1,8,,8,3,1349,202.35,1,1349,GL0008,202409,B0,System,2/14/2026 16:10
1235,8/30/2024,8/30/2024,DOC001235,Invoice,4,8,3,34,,8,4,23552,3532.8,10,2355.2,GL0008,202408,B5,System,2/14/2026 16:10
1239,9/20/2024,9/20/2024,DOC001239,Invoice,5,8,1,15,,8,5,31488,4723.2,8,3936,GL0008,202409,B9,System,2/14/2026 16:10
1244,9/27/2024,9/27/2024,DOC001244,Invoice,4,8,2,34,,8,4,9130,1369.5,3,3043.333333,GL0008,202409,B4,System,2/14/2026 16:10
1249,9/15/2024,9/15/2024,DOC001249,Invoice,5,8,2,5,,8,5,26330,3949.5,8,3291.25,GL0008,202409,B9,System,2/14/2026 16:10
1252,7/2/2024,7/2/2024,DOC001252,Invoice,5,8,2,15,,8,5,3237,485.55,1,3237,GL0008,202407,B2,System,2/14/2026 16:10
1261,8/26/2024,8/26/2024,DOC001261,Invoice,1,8,3,1,,8,1,13695,2054.25,6,2282.5,GL0008,202408,B1,System,2/14/2026 16:10
1271,8/2/2024,8/2/2024,DOC001271,Invoice,2,8,1,17,,8,2,11789,1768.35,4,2947.25,GL0008,202408,B1,System,2/14/2026 16:10
1275,8/20/2024,8/20/2024,DOC001275,Invoice,1,8,1,11,,8,1,18123,2718.45,9,2013.666667,GL0008,202408,B5,System,2/14/2026 16:10
1281,9/28/2024,9/28/2024,DOC001281,Invoice,5,8,2,10,,8,5,12596,1889.4,8,1574.5,GL0008,202409,B1,System,2/14/2026 16:10
1286,7/29/2024,7/29/2024,DOC001286,Invoice,5,8,1,5,,8,5,7840,1176,8,980,GL0008,202407,B6,System,2/14/2026 16:10
1292,8/16/2024,8/16/2024,DOC001292,Invoice,5,8,3,5,,8,5,3730,559.5,3,1243.333333,GL0008,202408,B2,System,2/14/2026 16:10
1301,8/14/2024,8/14/2024,DOC001301,Invoice,5,8,3,20,,8,5,5602,840.3,2,2801,GL0008,202408,B1,System,2/14/2026 16:10
1302,7/11/2024,7/11/2024,DOC001302,Invoice,5,8,3,5,,8,5,14460,2169,5,2892,GL0008,202407,B2,System,2/14/2026 16:10
1303,9/3/2024,9/3/2024,DOC001303,Invoice,2,8,2,17,,8,2,5606,840.9,7,800.8571429,GL0008,202409,B3,System,2/14/2026 16:10
1313,9/24/2024,9/24/2024,DOC001313,Invoice,4,8,2,19,,8,4,16613,2491.95,6,2768.833333,GL0008,202409,B3,System,2/14/2026 16:10
1315,9/13/2024,9/13/2024,DOC001315,Invoice,1,8,2,1,,8,1,3528,529.2,7,504,GL0008,202409,B5,System,2/14/2026 16:10
1316,7/16/2024,7/16/2024,DOC001316,Invoice,4,8,1,24,,8,4,1842,276.3,1,1842,GL0008,202407,B6,System,2/14/2026 16:10
1318,9/6/2024,9/6/2024,DOC001318,Invoice,2,8,2,32,,8,2,12972,1945.8,5,2594.4,GL0008,202409,B8,System,2/14/2026 16:10
1340,7/7/2024,7/7/2024,DOC001340,Invoice,2,8,3,17,,8,2,3228,484.2,1,3228,GL0008,202407,B0,System,2/14/2026 16:10
1345,9/5/2024,9/5/2024,DOC001345,Invoice,1,8,3,21,,8,1,19488,2923.2,7,2784,GL0008,202409,B5,System,2/14/2026 16:10
1348,7/6/2024,7/6/2024,DOC001348,Invoice,2,8,2,27,,8,2,18172,2725.8,7,2596,GL0008,202407,B8,System,2/14/2026 16:10
1353,8/1/2024,8/1/2024,DOC001353,Invoice,4,8,1,29,,8,4,33704,5055.6,9,3744.888889,GL0008,202408,B3,System,2/14/2026 16:10
1357,7/16/2024,7/16/2024,DOC001357,Invoice,4,8,1,34,,8,4,1975,296.25,4,493.75,GL0008,202407,B7,System,2/14/2026 16:10
1370,9/28/2024,9/28/2024,DOC001370,Invoice,2,8,3,37,,8,2,15255,2288.25,6,2542.5,GL0008,202409,B0,System,2/14/2026 16:10
1383,8/17/2024,8/17/2024,DOC001383,Invoice,3,8,2,38,,8,3,23607,3541.05,6,3934.5,GL0008,202408,B3,System,2/14/2026 16:10
1385,7/2/2024,7/2/2024,DOC001385,Invoice,1,8,2,6,,8,1,2668,400.2,1,2668,GL0008,202407,B5,System,2/14/2026 16:10
1386,8/4/2024,8/4/2024,DOC001386,Invoice,5,8,3,30,,8,5,24800,3720,10,2480,GL0008,202408,B6,System,2/14/2026 16:10
1401,7/28/2024,7/28/2024,DOC001401,Invoice,2,8,1,7,,8,2,23496,3524.4,6,3916,GL0008,202407,B1,System,2/14/2026 16:10
1404,9/14/2024,9/14/2024,DOC001404,Invoice,3,8,3,23,,8,3,19763,2964.45,7,2823.285714,GL0008,202409,B4,System,2/14/2026 16:10
1421,8/26/2024,8/26/2024,DOC001421,Invoice,5,8,3,35,,8,5,3895,584.25,4,973.75,GL0008,202408,B1,System,2/14/2026 16:10
1427,8/16/2024,8/16/2024,DOC001427,Invoice,5,8,2,25,,8,5,28088,4213.2,9,3120.888889,GL0008,202408,B7,System,2/14/2026 16:10
1434,7/20/2024,7/20/2024,DOC001434,Invoice,4,8,2,9,,8,4,1232,184.8,1,1232,GL0008,202407,B4,System,2/14/2026 16:10
1444,7/15/2024,7/15/2024,DOC001444,Invoice,1,8,1,21,,8,1,11127,1669.05,6,1854.5,GL0008,202407,B4,System,2/14/2026 16:10
1447,7/26/2024,7/26/2024,DOC001447,Invoice,2,8,2,12,,8,2,8244,1236.6,9,916,GL0008,202407,B7,System,2/14/2026 16:10
1466,8/1/2024,8/1/2024,DOC001466,Invoice,5,8,1,40,,8,5,12884,1932.6,6,2147.333333,GL0008,202408,B6,System,2/14/2026 16:10
1483,7/1/2024,7/1/2024,DOC001483,Invoice,1,8,3,1,,8,1,12284,1842.6,9,1364.888889,GL0008,202407,B3,System,2/14/2026 16:10
1484,9/14/2024,9/14/2024,DOC001484,Invoice,4,8,2,34,,8,4,3877,581.55,1,3877,GL0008,202409,B4,System,2/14/2026 16:10
1503,9/6/2024,9/6/2024,DOC001503,Invoice,3,8,3,8,,8,3,15408,2311.2,5,3081.6,GL0008,202409,B3,System,2/14/2026 16:10
1506,7/1/2024,7/1/2024,DOC001506,Invoice,4,8,2,14,,8,4,20650,3097.5,9,2294.444444,GL0008,202407,B6,System,2/14/2026 16:10
1516,9/1/2024,9/1/2024,DOC001516,Invoice,5,8,3,15,,8,5,3666,549.9,1,3666,GL0008,202409,B6,System,2/14/2026 16:10
1521,8/28/2024,8/28/2024,DOC001521,Invoice,1,8,1,21,,8,1,14290,2143.5,6,2381.666667,GL0008,202408,B1,System,2/14/2026 16:10
1522,7/25/2024,7/25/2024,DOC001522,Invoice,2,8,3,37,,8,2,7309,1096.35,4,1827.25,GL0008,202407,B2,System,2/14/2026 16:10
1537,7/4/2024,7/4/2024,DOC001537,Invoice,2,8,1,22,,8,2,3914,587.1,1,3914,GL0008,202407,B7,System,2/14/2026 16:10
1567,7/1/2024,7/1/2024,DOC001567,Invoice,1,8,2,21,,8,1,1082,162.3,1,1082,GL0008,202407,B7,System,2/14/2026 16:10
1569,8/3/2024,8/3/2024,DOC001569,Invoice,2,8,1,12,,8,2,7724,1158.6,5,1544.8,GL0008,202408,B9,System,2/14/2026 16:10
1575,9/15/2024,9/15/2024,DOC001575,Invoice,3,8,1,3,,8,3,12456,1868.4,9,1384,GL0008,202409,B5,System,2/14/2026 16:10
1578,7/9/2024,7/9/2024,DOC001578,Invoice,5,8,3,5,,8,5,17332,2599.8,7,2476,GL0008,202407,B8,System,2/14/2026 16:10
1585,9/25/2024,9/25/2024,DOC001585,Invoice,1,8,1,6,,8,1,8476,1271.4,5,1695.2,GL0008,202409,B5,System,2/14/2026 16:10
1600,8/3/2024,8/3/2024,DOC001600,Invoice,4,8,3,14,,8,4,8871,1330.65,7,1267.285714,GL0008,202408,B0,System,2/14/2026 16:10
1602,8/31/2024,8/31/2024,DOC001602,Invoice,1,8,2,21,,8,1,25027,3754.05,7,3575.285714,GL0008,202408,B2,System,2/14/2026 16:10
1604,7/2/2024,7/2/2024,DOC001604,Invoice,1,8,2,21,,8,1,5978,896.7,8,747.25,GL0008,202407,B4,System,2/14/2026 16:10
1605,7/14/2024,7/14/2024,DOC001605,Invoice,5,8,2,10,,8,5,3446,516.9,1,3446,GL0008,202407,B5,System,2/14/2026 16:10
1615,9/18/2024,9/18/2024,DOC001615,Invoice,2,8,1,22,,8,2,27328,4099.2,8,3416,GL0008,202409,B5,System,2/14/2026 16:10
1623,7/19/2024,7/19/2024,DOC001623,Invoice,5,8,3,15,,8,5,7095,1064.25,4,1773.75,GL0008,202407,B3,System,2/14/2026 16:10
1625,8/12/2024,8/12/2024,DOC001625,Invoice,3,8,3,33,,8,3,5204,780.6,8,650.5,GL0008,202408,B5,System,2/14/2026 16:10
1627,8/2/2024,8/2/2024,DOC001627,Invoice,3,8,3,33,,8,3,17688,2653.2,6,2948,GL0008,202408,B7,System,2/14/2026 16:10
1630,7/25/2024,7/25/2024,DOC001630,Invoice,2,8,2,17,,8,2,6911,1036.65,2,3455.5,GL0008,202407,B0,System,2/14/2026 16:10
1632,7/9/2024,7/9/2024,DOC001632,Invoice,3,8,3,13,,8,3,26032,3904.8,10,2603.2,GL0008,202407,B2,System,2/14/2026 16:10
1634,9/15/2024,9/15/2024,DOC001634,Invoice,2,8,1,2,,8,2,32530,4879.5,9,3614.444444,GL0008,202409,B4,System,2/14/2026 16:10
1640,7/19/2024,7/19/2024,DOC001640,Invoice,2,8,1,37,,8,2,786,117.9,1,786,GL0008,202407,B0,System,2/14/2026 16:10
1645,9/6/2024,9/6/2024,DOC001645,Invoice,2,8,3,7,,8,2,6695,1004.25,2,3347.5,GL0008,202409,B5,System,2/14/2026 16:10
1696,9/25/2024,9/25/2024,DOC001696,Invoice,5,8,2,25,,8,5,2225,333.75,1,2225,GL0008,202409,B6,System,2/14/2026 16:10
1698,9/28/2024,9/28/2024,DOC001698,Invoice,1,8,3,11,,8,1,5242,786.3,3,1747.333333,GL0008,202409,B8,System,2/14/2026 16:10
1702,7/26/2024,7/26/2024,DOC001702,Invoice,2,8,1,22,,8,2,8468,1270.2,3,2822.666667,GL0008,202407,B2,System,2/14/2026 16:10
1716,9/15/2024,9/15/2024,DOC001716,Invoice,4,8,3,24,,8,4,3098,464.7,1,3098,GL0008,202409,B6,System,2/14/2026 16:10
1722,7/2/2024,7/2/2024,DOC001722,Invoice,4,8,2,4,,8,4,15797,2369.55,6,2632.833333,GL0008,202407,B2,System,2/14/2026 16:10
1728,7/1/2024,7/1/2024,DOC001728,Invoice,5,8,3,30,,8,5,3060,459,2,1530,GL0008,202407,B8,System,2/14/2026 16:10
1731,7/24/2024,7/24/2024,DOC001731,Invoice,5,8,1,30,,8,5,3565,534.75,2,1782.5,GL0008,202407,B1,System,2/14/2026 16:10
1734,7/5/2024,7/5/2024,DOC001734,Invoice,3,8,3,8,,8,3,5842,876.3,6,973.6666667,GL0008,202407,B4,System,2/14/2026 16:10
1751,8/5/2024,8/5/2024,DOC001751,Invoice,4,8,2,29,,8,4,25850,3877.5,8,3231.25,GL0008,202408,B1,System,2/14/2026 16:10
1763,7/22/2024,7/22/2024,DOC001763,Invoice,4,8,1,9,,8,4,19287,2893.05,7,2755.285714,GL0008,202407,B3,System,2/14/2026 16:10
1765,9/27/2024,9/27/2024,DOC001765,Invoice,5,8,2,35,,8,5,2354,353.1,1,2354,GL0008,202409,B5,System,2/14/2026 16:10
1766,8/27/2024,8/27/2024,DOC001766,Invoice,5,8,3,35,,8,5,21381,3207.15,7,3054.428571,GL0008,202408,B6,System,2/14/2026 16:10
1772,9/6/2024,9/6/2024,DOC001772,Invoice,1,8,1,36,,8,1,14132,2119.8,4,3533,GL0008,202409,B2,System,2/14/2026 16:10
1781,8/23/2024,8/23/2024,DOC001781,Invoice,1,8,2,16,,8,1,23808,3571.2,8,2976,GL0008,202408,B1,System,2/14/2026 16:10
1794,7/9/2024,7/9/2024,DOC001794,Invoice,4,8,1,14,,8,4,27483,4122.45,9,3053.666667,GL0008,202407,B4,System,2/14/2026 16:10
1797,7/18/2024,7/18/2024,DOC001797,Invoice,3,8,2,38,,8,3,9125,1368.75,6,1520.833333,GL0008,202407,B7,System,2/14/2026 16:10
1806,7/28/2024,7/28/2024,DOC001806,Invoice,3,8,3,13,,8,3,9792,1468.8,5,1958.4,GL0008,202407,B6,System,2/14/2026 16:10
1822,9/21/2024,9/21/2024,DOC001822,Invoice,1,8,2,36,,8,1,5844,876.6,5,1168.8,GL0008,202409,B2,System,2/14/2026 16:10
1824,8/3/2024,8/3/2024,DOC001824,Invoice,5,8,2,15,,8,5,14876,2231.4,5,2975.2,GL0008,202408,B4,System,2/14/2026 16:10
1831,9/27/2024,9/27/2024,DOC001831,Invoice,1,8,1,36,,8,1,15977,2396.55,9,1775.222222,GL0008,202409,B1,System,2/14/2026 16:10
1837,7/11/2024,7/11/2024,DOC001837,Invoice,5,8,1,10,,8,5,6032,904.8,5,1206.4,GL0008,202407,B7,System,2/14/2026 16:10
1838,9/15/2024,9/15/2024,DOC001838,Invoice,1,8,1,1,,8,1,9068,1360.2,3,3022.666667,GL0008,202409,B8,System,2/14/2026 16:10
1852,9/21/2024,9/21/2024,DOC001852,Invoice,4,8,3,14,,8,4,8952,1342.8,6,1492,GL0008,202409,B2,System,2/14/2026 16:10
1858,8/2/2024,8/2/2024,DOC001858,Invoice,2,8,2,17,,8,2,2078,311.7,1,2078,GL0008,202408,B8,System,2/14/2026 16:10
1876,8/11/2024,8/11/2024,DOC001876,Invoice,1,8,1,16,,8,1,10539,1580.85,3,3513,GL0008,202408,B6,System,2/14/2026 16:10
1886,8/27/2024,8/27/2024,DOC001886,Invoice,1,8,2,1,,8,1,6669,1000.35,4,1667.25,GL0008,202408,B6,System,2/14/2026 16:10
1889,7/25/2024,7/25/2024,DOC001889,Invoice,2,8,2,37,,8,2,4474,671.1,8,559.25,GL0008,202407,B9,System,2/14/2026 16:10
1895,9/9/2024,9/9/2024,DOC001895,Invoice,2,8,1,2,,8,2,3008,451.2,5,601.6,GL0008,202409,B5,System,2/14/2026 16:10
1897,8/7/2024,8/7/2024,DOC001897,Invoice,4,8,2,24,,8,4,28109,4216.35,8,3513.625,GL0008,202408,B7,System,2/14/2026 16:10
1901,9/20/2024,9/20/2024,DOC001901,Invoice,3,8,1,3,,8,3,10380,1557,3,3460,GL0008,202409,B1,System,2/14/2026 16:10
1910,8/8/2024,8/8/2024,DOC001910,Invoice,5,8,1,20,,8,5,2548,382.2,1,2548,GL0008,202408,B0,System,2/14/2026 16:10
1939,7/25/2024,7/25/2024,DOC001939,Invoice,3,8,1,33,,8,3,7366,1104.9,3,2455.333333,GL0008,202407,B9,System,2/14/2026 16:10
1944,7/7/2024,7/7/2024,DOC001944,Invoice,1,8,1,1,,8,1,6216,932.4,3,2072,GL0008,202407,B4,System,2/14/2026 16:10
1945,7/31/2024,7/31/2024,DOC001945,Invoice,2,8,3,17,,8,2,5476,821.4,2,2738,GL0008,202407,B5,System,2/14/2026 16:10
1946,9/11/2024,9/11/2024,DOC001946,Invoice,5,8,1,35,,8,5,6948,1042.2,3,2316,GL0008,202409,B6,System,2/14/2026 16:10
1948,7/4/2024,7/4/2024,DOC001948,Invoice,4,8,1,4,,8,4,19258,2888.7,6,3209.666667,GL0008,202407,B8,System,2/14/2026 16:10
1953,9/23/2024,9/23/2024,DOC001953,Invoice,4,8,3,34,,8,4,3485,522.75,6,580.8333333,GL0008,202409,B3,System,2/14/2026 16:10
1974,8/10/2024,8/10/2024,DOC001974,Invoice,5,8,1,35,,8,5,16036,2405.4,5,3207.2,GL0008,202408,B4,System,2/14/2026 16:10
1988,9/14/2024,9/14/2024,DOC001988,Invoice,1,8,1,6,,8,1,1146,171.9,1,1146,GL0008,202409,B8,System,2/14/2026 16:10
1989,7/7/2024,7/7/2024,DOC001989,Invoice,2,8,1,27,,8,2,28527,4279.05,9,3169.666667,GL0008,202407,B9,System,2/14/2026 16:10
1999,9/10/2024,9/10/2024,DOC001999,Invoice,1,8,1,16,,8,1,3679,551.85,1,3679,GL0008,202409,B9,System,2/14/2026 16:10
2001,7/8/2024,7/8/2024,DOC002001,Invoice,1,8,3,26,,8,1,31997,4799.55,9,3555.222222,GL0008,202407,B1,System,2/14/2026 16:10
2010,9/28/2024,9/28/2024,DOC002010,Invoice,5,8,2,30,,8,5,7940,1191,6,1323.333333,GL0008,202409,B0,System,2/14/2026 16:10
2014,8/1/2024,8/1/2024,DOC002014,Invoice,3,8,3,28,,8,3,16832,2524.8,5,3366.4,GL0008,202408,B4,System,2/14/2026 16:10
2017,7/31/2024,7/31/2024,DOC002017,Invoice,2,8,3,22,,8,2,21932,3289.8,9,2436.888889,GL0008,202407,B7,System,2/14/2026 16:10
2023,8/10/2024,8/10/2024,DOC002023,Invoice,4,8,1,9,,8,4,26240,3936,8,3280,GL0008,202408,B3,System,2/14/2026 16:10
2030,7/12/2024,7/12/2024,DOC002030,Invoice,3,8,1,33,,8,3,2032,304.8,1,2032,GL0008,202407,B0,System,2/14/2026 16:10
2038,7/15/2024,7/15/2024,DOC002038,Invoice,3,8,3,8,,8,3,7152,1072.8,2,3576,GL0008,202407,B8,System,2/14/2026 16:10
2042,7/6/2024,7/6/2024,DOC002042,Invoice,4,8,2,19,,8,4,2397,359.55,4,599.25,GL0008,202407,B2,System,2/14/2026 16:10
2075,9/10/2024,9/10/2024,DOC002075,Invoice,4,8,2,19,,8,4,37984,5697.6,10,3798.4,GL0008,202409,B5,System,2/14/2026 16:10
2079,8/29/2024,8/29/2024,DOC002079,Invoice,4,8,1,24,,8,4,27712,4156.8,8,3464,GL0008,202408,B9,System,2/14/2026 16:10
2089,7/26/2024,7/26/2024,DOC002089,Invoice,4,8,1,39,,8,4,14196,2129.4,7,2028,GL0008,202407,B9,System,2/14/2026 16:10
2100,8/26/2024,8/26/2024,DOC002100,Invoice,2,8,3,32,,8,2,5216,782.4,10,521.6,GL0008,202408,B0,System,2/14/2026 16:10
2102,8/30/2024,8/30/2024,DOC002102,Invoice,2,8,3,32,,8,2,14448,2167.2,7,2064,GL0008,202408,B2,System,2/14/2026 16:10
2123,9/13/2024,9/13/2024,DOC002123,Invoice,1,8,1,16,,8,1,14308,2146.2,7,2044,GL0008,202409,B3,System,2/14/2026 16:10
2131,7/28/2024,7/28/2024,DOC002131,Invoice,1,8,2,26,,8,1,16493,2473.95,8,2061.625,GL0008,202407,B1,System,2/14/2026 16:10
2142,9/19/2024,9/19/2024,DOC002142,Invoice,5,8,3,30,,8,5,2932,439.8,1,2932,GL0008,202409,B2,System,2/14/2026 16:10
2147,8/26/2024,8/26/2024,DOC002147,Invoice,4,8,3,4,,8,4,12810,1921.5,4,3202.5,GL0008,202408,B7,System,2/14/2026 16:10
2156,9/6/2024,9/6/2024,DOC002156,Invoice,1,8,3,6,,8,1,4227,634.05,9,469.6666667,GL0008,202409,B6,System,2/14/2026 16:10
2157,7/1/2024,7/1/2024,DOC002157,Invoice,2,8,3,17,,8,2,31060,4659,8,3882.5,GL0008,202407,B7,System,2/14/2026 16:10
2184,7/31/2024,7/31/2024,DOC002184,Invoice,3,8,2,3,,8,3,23984,3597.6,10,2398.4,GL0008,202407,B4,System,2/14/2026 16:10
2213,9/10/2024,9/10/2024,DOC002213,Invoice,5,8,3,20,,8,5,9322,1398.3,6,1553.666667,GL0008,202409,B3,System,2/14/2026 16:10
2219,7/6/2024,7/6/2024,DOC002219,Invoice,3,8,3,23,,8,3,6077,911.55,2,3038.5,GL0008,202407,B9,System,2/14/2026 16:10
2234,7/19/2024,7/19/2024,DOC002234,Invoice,5,8,2,10,,8,5,23143,3471.45,8,2892.875,GL0008,202407,B4,System,2/14/2026 16:10
2243,9/24/2024,9/24/2024,DOC002243,Invoice,2,8,2,32,,8,2,7218,1082.7,2,3609,GL0008,202409,B3,System,2/14/2026 16:10
2249,9/6/2024,9/6/2024,DOC002249,Invoice,5,8,3,30,,8,5,13498,2024.7,4,3374.5,GL0008,202409,B9,System,2/14/2026 16:10
2261,9/4/2024,9/4/2024,DOC002261,Invoice,1,8,2,1,,8,1,14900,2235,5,2980,GL0008,202409,B1,System,2/14/2026 16:10
2273,8/1/2024,8/1/2024,DOC002273,Invoice,1,8,2,31,,8,1,23280,3492,6,3880,GL0008,202408,B3,System,2/14/2026 16:10
2281,7/4/2024,7/4/2024,DOC002281,Invoice,2,8,2,37,,8,2,1176,176.4,2,588,GL0008,202407,B1,System,2/14/2026 16:10
2287,7/30/2024,7/30/2024,DOC002287,Invoice,4,8,2,14,,8,4,15296,2294.4,4,3824,GL0008,202407,B7,System,2/14/2026 16:10
2288,7/11/2024,7/11/2024,DOC002288,Invoice,5,8,1,10,,8,5,7453,1117.95,4,1863.25,GL0008,202407,B8,System,2/14/2026 16:10
2304,9/12/2024,9/12/2024,DOC002304,Invoice,5,8,3,25,,8,5,32429,4864.35,9,3603.222222,GL0008,202409,B4,System,2/14/2026 16:10
2310,7/2/2024,7/2/2024,DOC002310,Invoice,2,8,2,7,,8,2,5768,865.2,9,640.8888889,GL0008,202407,B0,System,2/14/2026 16:10
2313,7/16/2024,7/16/2024,DOC002313,Invoice,3,8,1,23,,8,3,29968,4495.2,10,2996.8,GL0008,202407,B3,System,2/14/2026 16:10
2319,8/12/2024,8/12/2024,DOC002319,Invoice,4,8,2,39,,8,4,10881,1632.15,7,1554.428571,GL0008,202408,B9,System,2/14/2026 16:10
2333,7/1/2024,7/1/2024,DOC002333,Invoice,2,8,3,37,,8,2,8560,1284,5,1712,GL0008,202407,B3,System,2/14/2026 16:10
2337,9/9/2024,9/9/2024,DOC002337,Invoice,2,8,2,22,,8,2,24383,3657.45,7,3483.285714,GL0008,202409,B7,System,2/14/2026 16:10
2353,7/6/2024,7/6/2024,DOC002353,Invoice,1,8,1,1,,8,1,20787,3118.05,9,2309.666667,GL0008,202407,B3,System,2/14/2026 16:10
2360,7/27/2024,7/27/2024,DOC002360,Invoice,4,8,2,24,,8,4,8224,1233.6,4,2056,GL0008,202407,B0,System,2/14/2026 16:10
2365,8/6/2024,8/6/2024,DOC002365,Invoice,5,8,3,40,,8,5,18173,2725.95,9,2019.222222,GL0008,202408,B5,System,2/14/2026 16:10
2372,7/24/2024,7/24/2024,DOC002372,Invoice,1,8,2,26,,8,1,5530,829.5,4,1382.5,GL0008,202407,B2,System,2/14/2026 16:10
2376,9/6/2024,9/6/2024,DOC002376,Invoice,4,8,1,39,,8,4,1016,152.4,1,1016,GL0008,202409,B6,System,2/14/2026 16:10
2408,7/3/2024,7/3/2024,DOC002408,Invoice,5,8,2,5,,8,5,1771,265.65,1,1771,GL0008,202407,B8,System,2/14/2026 16:10
2415,7/12/2024,7/12/2024,DOC002415,Invoice,3,8,1,38,,8,3,5836,875.4,7,833.7142857,GL0008,202407,B5,System,2/14/2026 16:10
2435,7/29/2024,7/29/2024,DOC002435,Invoice,1,8,3,26,,8,1,1140,171,1,1140,GL0008,202407,B5,System,2/14/2026 16:10
2441,7/15/2024,7/15/2024,DOC002441,Invoice,2,8,1,17,,8,2,9146,1371.9,4,2286.5,GL0008,202407,B1,System,2/14/2026 16:10
2451,8/9/2024,8/9/2024,DOC002451,Invoice,1,8,2,1,,8,1,7740,1161,5,1548,GL0008,202408,B1,System,2/14/2026 16:10
2452,7/15/2024,7/15/2024,DOC002452,Invoice,5,8,1,15,,8,5,27778,4166.7,9,3086.444444,GL0008,202407,B2,System,2/14/2026 16:10
2455,8/15/2024,8/15/2024,DOC002455,Invoice,4,8,3,29,,8,4,1773,265.95,2,886.5,GL0008,202408,B5,System,2/14/2026 16:10
2456,8/11/2024,8/11/2024,DOC002456,Invoice,4,8,1,14,,8,4,11816,1772.4,3,3938.666667,GL0008,202408,B6,System,2/14/2026 16:10
2463,9/6/2024,9/6/2024,DOC002463,Invoice,3,8,2,38,,8,3,3028,454.2,4,757,GL0008,202409,B3,System,2/14/2026 16:10
2473,8/8/2024,8/8/2024,DOC002473,Invoice,1,8,1,31,,8,1,3109,466.35,1,3109,GL0008,202408,B3,System,2/14/2026 16:10
2486,8/6/2024,8/6/2024,DOC002486,Invoice,4,8,3,34,,8,4,31083,4662.45,9,3453.666667,GL0008,202408,B6,System,2/14/2026 16:10
2488,9/9/2024,9/9/2024,DOC002488,Invoice,1,8,1,6,,8,1,9512,1426.8,3,3170.666667,GL0008,202409,B8,System,2/14/2026 16:10
2493,9/3/2024,9/3/2024,DOC002493,Invoice,5,8,2,30,,8,5,13575,2036.25,4,3393.75,GL0008,202409,B3,System,2/14/2026 16:10
2494,7/11/2024,7/11/2024,DOC002494,Invoice,4,8,2,9,,8,4,16988,2548.2,6,2831.333333,GL0008,202407,B4,System,2/14/2026 16:10
2495,7/7/2024,7/7/2024,DOC002495,Invoice,1,8,2,31,,8,1,5136,770.4,7,733.7142857,GL0008,202407,B5,System,2/14/2026 16:10
2498,9/16/2024,9/16/2024,DOC002498,Invoice,4,8,1,29,,8,4,4692,703.8,3,1564,GL0008,202409,B8,System,2/14/2026 16:10
2508,9/18/2024,9/18/2024,DOC002508,Invoice,1,8,2,21,,8,1,20669,3100.35,6,3444.833333,GL0008,202409,B8,System,2/14/2026 16:10
2531,8/20/2024,8/20/2024,DOC002531,Invoice,2,8,2,12,,8,2,6836,1025.4,3,2278.666667,GL0008,202408,B1,System,2/14/2026 16:10
2543,8/19/2024,8/19/2024,DOC002543,Invoice,5,8,1,10,,8,5,1583,237.45,1,1583,GL0008,202408,B3,System,2/14/2026 16:10
2556,7/19/2024,7/19/2024,DOC002556,Invoice,3,8,2,13,,8,3,10618,1592.7,6,1769.666667,GL0008,202407,B6,System,2/14/2026 16:10
2581,8/26/2024,8/26/2024,DOC002581,Invoice,3,8,1,28,,8,3,18952,2842.8,10,1895.2,GL0008,202408,B1,System,2/14/2026 16:10
2599,8/16/2024,8/16/2024,DOC002599,Invoice,5,8,2,15,,8,5,30944,4641.6,8,3868,GL0008,202408,B9,System,2/14/2026 16:10
2601,7/25/2024,7/25/2024,DOC002601,Invoice,1,8,3,1,,8,1,4493,673.95,6,748.8333333,GL0008,202407,B1,System,2/14/2026 16:10
2605,9/21/2024,9/21/2024,DOC002605,Invoice,4,8,3,39,,8,4,2524,378.6,1,2524,GL0008,202409,B5,System,2/14/2026 16:10
2613,7/14/2024,7/14/2024,DOC002613,Invoice,5,8,2,5,,8,5,14312,2146.8,5,2862.4,GL0008,202407,B3,System,2/14/2026 16:10
2624,9/11/2024,9/11/2024,DOC002624,Invoice,5,8,2,30,,8,5,6322,948.3,9,702.4444444,GL0008,202409,B4,System,2/14/2026 16:10
2625,9/25/2024,9/25/2024,DOC002625,Invoice,5,8,2,30,,8,5,4652,697.8,6,775.3333333,GL0008,202409,B5,System,2/14/2026 16:10
2627,9/2/2024,9/2/2024,DOC002627,Invoice,3,8,2,33,,8,3,12968,1945.2,9,1440.888889,GL0008,202409,B7,System,2/14/2026 16:10
2656,7/24/2024,7/24/2024,DOC002656,Invoice,3,8,1,38,,8,3,37472,5620.8,10,3747.2,GL0008,202407,B6,System,2/14/2026 16:10
2665,9/23/2024,9/23/2024,DOC002665,Invoice,3,8,1,3,,8,3,16173,2425.95,8,2021.625,GL0008,202409,B5,System,2/14/2026 16:10
2669,7/29/2024,7/29/2024,DOC002669,Invoice,1,8,2,6,,8,1,15256,2288.4,10,1525.6,GL0008,202407,B9,System,2/14/2026 16:10
2672,8/18/2024,8/18/2024,DOC002672,Invoice,5,8,1,35,,8,5,9468,1420.2,9,1052,GL0008,202408,B2,System,2/14/2026 16:10
2675,7/18/2024,7/18/2024,DOC002675,Invoice,2,8,3,27,,8,2,14307,2146.05,9,1589.666667,GL0008,202407,B5,System,2/14/2026 16:10
2699,9/4/2024,9/4/2024,DOC002699,Invoice,3,8,3,8,,8,3,8662,1299.3,9,962.4444444,GL0008,202409,B9,System,2/14/2026 16:10
2711,7/8/2024,7/8/2024,DOC002711,Invoice,1,8,3,1,,8,1,15728,2359.2,5,3145.6,GL0008,202407,B1,System,2/14/2026 16:10
2715,7/31/2024,7/31/2024,DOC002715,Invoice,4,8,1,14,,8,4,5666,849.9,2,2833,GL0008,202407,B5,System,2/14/2026 16:10
2722,7/12/2024,7/12/2024,DOC002722,Invoice,2,8,1,37,,8,2,34553,5182.95,9,3839.222222,GL0008,202407,B2,System,2/14/2026 16:10
2744,9/22/2024,9/22/2024,DOC002744,Invoice,5,8,3,20,,8,5,765,114.75,1,765,GL0008,202409,B4,System,2/14/2026 16:10
2753,8/12/2024,8/12/2024,DOC002753,Invoice,2,8,2,27,,8,2,14410,2161.5,4,3602.5,GL0008,202408,B3,System,2/14/2026 16:10
2769,8/26/2024,8/26/2024,DOC002769,Invoice,4,8,3,34,,8,4,19312,2896.8,5,3862.4,GL0008,202408,B9,System,2/14/2026 16:10
2773,7/28/2024,7/28/2024,DOC002773,Invoice,2,8,1,7,,8,2,6334,950.1,3,2111.333333,GL0008,202407,B3,System,2/14/2026 16:10
2777,8/26/2024,8/26/2024,DOC002777,Invoice,3,8,3,13,,8,3,18389,2758.35,9,2043.222222,GL0008,202408,B7,System,2/14/2026 16:10
2779,8/27/2024,8/27/2024,DOC002779,Invoice,2,8,3,7,,8,2,6389,958.35,3,2129.666667,GL0008,202408,B9,System,2/14/2026 16:10
2784,8/10/2024,8/10/2024,DOC002784,Invoice,3,8,2,38,,8,3,9428,1414.2,8,1178.5,GL0008,202408,B4,System,2/14/2026 16:10
2792,9/2/2024,9/2/2024,DOC002792,Invoice,5,8,1,10,,8,5,33099,4964.85,9,3677.666667,GL0008,202409,B2,System,2/14/2026 16:10
2807,7/8/2024,7/8/2024,DOC002807,Invoice,2,8,2,27,,8,2,6976,1046.4,4,1744,GL0008,202407,B7,System,2/14/2026 16:10
2824,7/28/2024,7/28/2024,DOC002824,Invoice,4,8,3,29,,8,4,11508,1726.2,5,2301.6,GL0008,202407,B4,System,2/14/2026 16:10
2829,8/2/2024,8/2/2024,DOC002829,Invoice,1,8,3,31,,8,1,18346,2751.9,6,3057.666667,GL0008,202408,B9,System,2/14/2026 16:10
2845,7/7/2024,7/7/2024,DOC002845,Invoice,4,8,1,29,,8,4,3093,463.95,2,1546.5,GL0008,202407,B5,System,2/14/2026 16:10
2850,7/3/2024,7/3/2024,DOC002850,Invoice,4,8,1,39,,8,4,3195,479.25,1,3195,GL0008,202407,B0,System,2/14/2026 16:10
2859,9/16/2024,9/16/2024,DOC002859,Invoice,4,8,3,29,,8,4,17146,2571.9,6,2857.666667,GL0008,202409,B9,System,2/14/2026 16:10
2860,8/28/2024,8/28/2024,DOC002860,Invoice,1,8,1,11,,8,1,27216,4082.4,9,3024,GL0008,202408,B0,System,2/14/2026 16:10
2876,7/6/2024,7/6/2024,DOC002876,Invoice,2,8,2,27,,8,2,4700,705,2,2350,GL0008,202407,B6,System,2/14/2026 16:10
2890,7/3/2024,7/3/2024,DOC002890,Invoice,5,8,3,30,,8,5,3164,474.6,6,527.3333333,GL0008,202407,B0,System,2/14/2026 16:10
2909,9/25/2024,9/25/2024,DOC002909,Invoice,4,8,3,9,,8,4,8684,1302.6,5,1736.8,GL0008,202409,B9,System,2/14/2026 16:10
2913,9/16/2024,9/16/2024,DOC002913,Invoice,2,8,3,27,,8,2,9068,1360.2,3,3022.666667,GL0008,202409,B3,System,2/14/2026 16:10
2915,8/25/2024,8/25/2024,DOC002915,Invoice,3,8,1,23,,8,3,7224,1083.6,10,722.4,GL0008,202408,B5,System,2/14/2026 16:10
2923,8/22/2024,8/22/2024,DOC002923,Invoice,5,8,1,35,,8,5,7607,1141.05,2,3803.5,GL0008,202408,B3,System,2/14/2026 16:10
2924,9/8/2024,9/8/2024,DOC002924,Invoice,1,8,2,36,,8,1,8496,1274.4,5,1699.2,GL0008,202409,B4,System,2/14/2026 16:10
2928,9/3/2024,9/3/2024,DOC002928,Invoice,4,8,3,34,,8,4,2387,358.05,1,2387,GL0008,202409,B8,System,2/14/2026 16:10
2937,7/23/2024,7/23/2024,DOC002937,Invoice,5,8,2,5,,8,5,7924,1188.6,5,1584.8,GL0008,202407,B7,System,2/14/2026 16:10
2941,8/18/2024,8/18/2024,DOC002941,Invoice,3,8,1,3,,8,3,3757,563.55,1,3757,GL0008,202408,B1,System,2/14/2026 16:10
2942,7/29/2024,7/29/2024,DOC002942,Invoice,5,8,3,10,,8,5,25251,3787.65,9,2805.666667,GL0008,202407,B2,System,2/14/2026 16:10
2948,8/27/2024,8/27/2024,DOC002948,Invoice,5,8,3,35,,8,5,2850,427.5,1,2850,GL0008,202408,B8,System,2/14/2026 16:10
2953,9/20/2024,9/20/2024,DOC002953,Invoice,2,8,3,27,,8,2,9965,1494.75,8,1245.625,GL0008,202409,B3,System,2/14/2026 16:10
2962,7/4/2024,7/4/2024,DOC002962,Invoice,4,8,2,4,,8,4,10839,1625.85,3,3613,GL0008,202407,B2,System,2/14/2026 16:10
3010,9/2/2024,9/2/2024,DOC003010,Invoice,2,8,2,7,,8,2,18312,2746.8,10,1831.2,GL0008,202409,B0,System,2/14/2026 16:10
3021,8/10/2024,8/10/2024,DOC003021,Invoice,1,8,1,26,,8,1,11559,1733.85,6,1926.5,GL0008,202408,B1,System,2/14/2026 16:10
3028,8/18/2024,8/18/2024,DOC003028,Invoice,1,8,1,6,,8,1,6106,915.9,6,1017.666667,GL0008,202408,B8,System,2/14/2026 16:10
3031,8/2/2024,8/2/2024,DOC003031,Invoice,2,8,3,2,,8,2,3548,532.2,1,3548,GL0008,202408,B1,System,2/14/2026 16:10
3049,8/4/2024,8/4/2024,DOC003049,Invoice,1,8,2,36,,8,1,10036,1505.4,5,2007.2,GL0008,202408,B9,System,2/14/2026 16:10
3051,7/16/2024,7/16/2024,DOC003051,Invoice,4,8,3,9,,8,4,22406,3360.9,7,3200.857143,GL0008,202407,B1,System,2/14/2026 16:10
3056,7/21/2024,7/21/2024,DOC003056,Invoice,3,8,3,38,,8,3,12026,1803.9,4,3006.5,GL0008,202407,B6,System,2/14/2026 16:10
3074,8/10/2024,8/10/2024,DOC003074,Invoice,4,8,1,9,,8,4,11468,1720.2,3,3822.666667,GL0008,202408,B4,System,2/14/2026 16:10
3086,8/17/2024,8/17/2024,DOC003086,Invoice,3,8,3,18,,8,3,23680,3552,10,2368,GL0008,202408,B6,System,2/14/2026 16:10
3098,8/13/2024,8/13/2024,DOC003098,Invoice,3,8,2,3,,8,3,482,72.3,1,482,GL0008,202408,B8,System,2/14/2026 16:10
3100,7/30/2024,7/30/2024,DOC003100,Invoice,2,8,1,17,,8,2,9255,1388.25,3,3085,GL0008,202407,B0,System,2/14/2026 16:10
3107,7/10/2024,7/10/2024,DOC003107,Invoice,1,8,1,21,,8,1,7866,1179.9,8,983.25,GL0008,202407,B7,System,2/14/2026 16:10
3111,7/19/2024,7/19/2024,DOC003111,Invoice,1,8,1,6,,8,1,21399,3209.85,9,2377.666667,GL0008,202407,B1,System,2/14/2026 16:10
3113,9/27/2024,9/27/2024,DOC003113,Invoice,1,8,1,16,,8,1,1618,242.7,1,1618,GL0008,202409,B3,System,2/14/2026 16:10
3115,8/28/2024,8/28/2024,DOC003115,Invoice,5,8,1,20,,8,5,7796,1169.4,7,1113.714286,GL0008,202408,B5,System,2/14/2026 16:10
3116,8/7/2024,8/7/2024,DOC003116,Invoice,4,8,2,39,,8,4,12058,1808.7,4,3014.5,GL0008,202408,B6,System,2/14/2026 16:10
3127,8/20/2024,8/20/2024,DOC003127,Invoice,4,8,1,24,,8,4,10644,1596.6,5,2128.8,GL0008,202408,B7,System,2/14/2026 16:10
3148,8/24/2024,8/24/2024,DOC003148,Invoice,3,8,1,8,,8,3,20585,3087.75,9,2287.222222,GL0008,202408,B8,System,2/14/2026 16:10
3156,8/6/2024,8/6/2024,DOC003156,Invoice,2,8,3,2,,8,2,30912,4636.8,10,3091.2,GL0008,202408,B6,System,2/14/2026 16:10
3172,8/5/2024,8/5/2024,DOC003172,Invoice,4,8,2,14,,8,4,23949,3592.35,8,2993.625,GL0008,202408,B2,System,2/14/2026 16:10
3177,9/5/2024,9/5/2024,DOC003177,Invoice,2,8,3,7,,8,2,20208,3031.2,6,3368,GL0008,202409,B7,System,2/14/2026 16:10
3180,9/24/2024,9/24/2024,DOC003180,Invoice,3,8,3,13,,8,3,16308,2446.2,7,2329.714286,GL0008,202409,B0,System,2/14/2026 16:10
3181,9/13/2024,9/13/2024,DOC003181,Invoice,2,8,1,37,,8,2,7751,1162.65,2,3875.5,GL0008,202409,B1,System,2/14/2026 16:10
3210,9/17/2024,9/17/2024,DOC003210,Invoice,1,8,2,1,,8,1,30056,4508.4,10,3005.6,GL0008,202409,B0,System,2/14/2026 16:10
3234,7/5/2024,7/5/2024,DOC003234,Invoice,5,8,3,35,,8,5,28820,4323,8,3602.5,GL0008,202407,B4,System,2/14/2026 16:10
3235,7/26/2024,7/26/2024,DOC003235,Invoice,4,8,1,4,,8,4,23687,3553.05,8,2960.875,GL0008,202407,B5,System,2/14/2026 16:10
3240,8/20/2024,8/20/2024,DOC003240,Invoice,4,8,2,9,,8,4,1378,206.7,1,1378,GL0008,202408,B0,System,2/14/2026 16:10
3243,8/12/2024,8/12/2024,DOC003243,Invoice,4,8,3,34,,8,4,27340,4101,7,3905.714286,GL0008,202408,B3,System,2/14/2026 16:10
3250,8/23/2024,8/23/2024,DOC003250,Invoice,2,8,2,37,,8,2,764,114.6,1,764,GL0008,202408,B0,System,2/14/2026 16:10
3253,9/25/2024,9/25/2024,DOC003253,Invoice,5,8,3,20,,8,5,19204,2880.6,5,3840.8,GL0008,202409,B3,System,2/14/2026 16:10
3257,8/1/2024,8/1/2024,DOC003257,Invoice,2,8,3,12,,8,2,5252,787.8,2,2626,GL0008,202408,B7,System,2/14/2026 16:10
3278,9/14/2024,9/14/2024,DOC003278,Invoice,4,8,1,24,,8,4,9344,1401.6,5,1868.8,GL0008,202409,B8,System,2/14/2026 16:10
3298,9/19/2024,9/19/2024,DOC003298,Invoice,2,8,2,37,,8,2,31162,4674.3,8,3895.25,GL0008,202409,B8,System,2/14/2026 16:10
3312,8/10/2024,8/10/2024,DOC003312,Invoice,4,8,1,19,,8,4,12941,1941.15,6,2156.833333,GL0008,202408,B2,System,2/14/2026 16:10
3332,7/23/2024,7/23/2024,DOC003332,Invoice,5,8,2,35,,8,5,15360,2304,10,1536,GL0008,202407,B2,System,2/14/2026 16:10
3336,8/5/2024,8/5/2024,DOC003336,Invoice,1,8,3,26,,8,1,6676,1001.4,7,953.7142857,GL0008,202408,B6,System,2/14/2026 16:10
3346,8/8/2024,8/8/2024,DOC003346,Invoice,2,8,3,37,,8,2,24394,3659.1,9,2710.444444,GL0008,202408,B6,System,2/14/2026 16:10
3349,8/11/2024,8/11/2024,DOC003349,Invoice,2,8,2,12,,8,2,4306,645.9,9,478.4444444,GL0008,202408,B9,System,2/14/2026 16:10
3351,8/17/2024,8/17/2024,DOC003351,Invoice,3,8,3,23,,8,3,25889,3883.35,7,3698.428571,GL0008,202408,B1,System,2/14/2026 16:10
3364,7/27/2024,7/27/2024,DOC003364,Invoice,5,8,1,30,,8,5,16292,2443.8,6,2715.333333,GL0008,202407,B4,System,2/14/2026 16:10
3370,7/19/2024,7/19/2024,DOC003370,Invoice,3,8,1,8,,8,3,6039,905.85,3,2013,GL0008,202407,B0,System,2/14/2026 16:10
3371,8/12/2024,8/12/2024,DOC003371,Invoice,2,8,1,7,,8,2,33512,5026.8,10,3351.2,GL0008,202408,B1,System,2/14/2026 16:10
3374,8/2/2024,8/2/2024,DOC003374,Invoice,1,8,2,31,,8,1,14986,2247.9,6,2497.666667,GL0008,202408,B4,System,2/14/2026 16:10
3389,8/17/2024,8/17/2024,DOC003389,Invoice,5,8,3,35,,8,5,18632,2794.8,10,1863.2,GL0008,202408,B9,System,2/14/2026 16:10
3405,8/17/2024,8/17/2024,DOC003405,Invoice,5,8,2,5,,8,5,14816,2222.4,5,2963.2,GL0008,202408,B5,System,2/14/2026 16:10
3408,9/1/2024,9/1/2024,DOC003408,Invoice,1,8,1,31,,8,1,36000,5400,10,3600,GL0008,202409,B8,System,2/14/2026 16:10
3415,7/1/2024,7/1/2024,DOC003415,Invoice,1,8,3,6,,8,1,31853,4777.95,8,3981.625,GL0008,202407,B5,System,2/14/2026 16:10
3445,7/3/2024,7/3/2024,DOC003445,Invoice,3,8,2,3,,8,3,8380,1257,5,1676,GL0008,202407,B5,System,2/14/2026 16:10
3455,8/31/2024,8/31/2024,DOC003455,Invoice,5,8,3,40,,8,5,15192,2278.8,6,2532,GL0008,202408,B5,System,2/14/2026 16:10
3456,8/26/2024,8/26/2024,DOC003456,Invoice,4,8,2,14,,8,4,6852,1027.8,2,3426,GL0008,202408,B6,System,2/14/2026 16:10
3470,7/15/2024,7/15/2024,DOC003470,Invoice,2,8,2,22,,8,2,5548,832.2,5,1109.6,GL0008,202407,B0,System,2/14/2026 16:10
3481,8/11/2024,8/11/2024,DOC003481,Invoice,5,8,2,20,,8,5,29600,4440,8,3700,GL0008,202408,B1,System,2/14/2026 16:10
3484,9/10/2024,9/10/2024,DOC003484,Invoice,2,8,1,22,,8,2,16877,2531.55,9,1875.222222,GL0008,202409,B4,System,2/14/2026 16:10
3487,9/3/2024,9/3/2024,DOC003487,Invoice,1,8,1,21,,8,1,31328,4699.2,8,3916,GL0008,202409,B7,System,2/14/2026 16:10
3489,8/2/2024,8/2/2024,DOC003489,Invoice,4,8,3,4,,8,4,4848,727.2,4,1212,GL0008,202408,B9,System,2/14/2026 16:10
3502,8/7/2024,8/7/2024,DOC003502,Invoice,1,8,2,16,,8,1,12388,1858.2,7,1769.714286,GL0008,202408,B2,System,2/14/2026 16:10
3503,8/6/2024,8/6/2024,DOC003503,Invoice,2,8,3,12,,8,2,10258,1538.7,3,3419.333333,GL0008,202408,B3,System,2/14/2026 16:10
3505,8/6/2024,8/6/2024,DOC003505,Invoice,4,8,1,14,,8,4,5296,794.4,10,529.6,GL0008,202408,B5,System,2/14/2026 16:10
3515,9/12/2024,9/12/2024,DOC003515,Invoice,4,8,3,14,,8,4,5386,807.9,9,598.4444444,GL0008,202409,B5,System,2/14/2026 16:10
3519,9/13/2024,9/13/2024,DOC003519,Invoice,1,8,3,21,,8,1,34827,5224.05,9,3869.666667,GL0008,202409,B9,System,2/14/2026 16:10
3521,7/26/2024,7/26/2024,DOC003521,Invoice,1,8,2,26,,8,1,4208,631.2,5,841.6,GL0008,202407,B1,System,2/14/2026 16:10
3543,8/14/2024,8/14/2024,DOC003543,Invoice,2,8,3,27,,8,2,1399,209.85,2,699.5,GL0008,202408,B3,System,2/14/2026 16:10
3547,9/21/2024,9/21/2024,DOC003547,Invoice,1,8,2,36,,8,1,2340,351,1,2340,GL0008,202409,B7,System,2/14/2026 16:10
3557,9/17/2024,9/17/2024,DOC003557,Invoice,1,8,2,21,,8,1,8053,1207.95,7,1150.428571,GL0008,202409,B7,System,2/14/2026 16:10
3566,7/16/2024,7/16/2024,DOC003566,Invoice,2,8,2,27,,8,2,19204,2880.6,5,3840.8,GL0008,202407,B6,System,2/14/2026 16:10
3568,7/10/2024,7/10/2024,DOC003568,Invoice,3,8,2,3,,8,3,9472,1420.8,4,2368,GL0008,202407,B8,System,2/14/2026 16:10
3588,8/3/2024,8/3/2024,DOC003588,Invoice,4,8,3,9,,8,4,846,126.9,1,846,GL0008,202408,B8,System,2/14/2026 16:10
3590,8/8/2024,8/8/2024,DOC003590,Invoice,2,8,1,17,,8,2,3164,474.6,6,527.3333333,GL0008,202408,B0,System,2/14/2026 16:10
3600,7/6/2024,7/6/2024,DOC003600,Invoice,4,8,2,34,,8,4,34582,5187.3,9,3842.444444,GL0008,202407,B0,System,2/14/2026 16:10
3602,7/2/2024,7/2/2024,DOC003602,Invoice,5,8,3,20,,8,5,13748,2062.2,7,1964,GL0008,202407,B2,System,2/14/2026 16:10
3619,8/12/2024,8/12/2024,DOC003619,Invoice,4,8,1,34,,8,4,7272,1090.8,3,2424,GL0008,202408,B9,System,2/14/2026 16:10
3627,7/26/2024,7/26/2024,DOC003627,Invoice,1,8,1,36,,8,1,19044,2856.6,5,3808.8,GL0008,202407,B7,System,2/14/2026 16:10
3628,8/31/2024,8/31/2024,DOC003628,Invoice,4,8,1,19,,8,4,4162,624.3,9,462.4444444,GL0008,202408,B8,System,2/14/2026 16:10
3648,8/27/2024,8/27/2024,DOC003648,Invoice,5,8,2,30,,8,5,23632,3544.8,10,2363.2,GL0008,202408,B8,System,2/14/2026 16:10
3649,8/10/2024,8/10/2024,DOC003649,Invoice,1,8,3,1,,8,1,4900,735,7,700,GL0008,202408,B9,System,2/14/2026 16:10
3658,8/26/2024,8/26/2024,DOC003658,Invoice,1,8,3,1,,8,1,31412,4711.8,8,3926.5,GL0008,202408,B8,System,2/14/2026 16:10
3659,7/14/2024,7/14/2024,DOC003659,Invoice,5,8,1,40,,8,5,3376,506.4,2,1688,GL0008,202407,B9,System,2/14/2026 16:10
3661,7/31/2024,7/31/2024,DOC003661,Invoice,4,8,1,9,,8,4,5032,754.8,5,1006.4,GL0008,202407,B1,System,2/14/2026 16:10
3664,7/31/2024,7/31/2024,DOC003664,Invoice,5,8,3,25,,8,5,3776,566.4,1,3776,GL0008,202407,B4,System,2/14/2026 16:10
3669,8/31/2024,8/31/2024,DOC003669,Invoice,3,8,3,33,,8,3,18828,2824.2,9,2092,GL0008,202408,B9,System,2/14/2026 16:10
3683,7/11/2024,7/11/2024,DOC003683,Invoice,4,8,2,4,,8,4,12192,1828.8,10,1219.2,GL0008,202407,B3,System,2/14/2026 16:10
3684,9/3/2024,9/3/2024,DOC003684,Invoice,2,8,3,17,,8,2,26759,4013.85,8,3344.875,GL0008,202409,B4,System,2/14/2026 16:10
3687,8/19/2024,8/19/2024,DOC003687,Invoice,1,8,1,11,,8,1,23956,3593.4,8,2994.5,GL0008,202408,B7,System,2/14/2026 16:10
3699,8/28/2024,8/28/2024,DOC003699,Invoice,4,8,3,39,,8,4,10124,1518.6,3,3374.666667,GL0008,202408,B9,System,2/14/2026 16:10
3704,7/27/2024,7/27/2024,DOC003704,Invoice,3,8,2,3,,8,3,8645,1296.75,3,2881.666667,GL0008,202407,B4,System,2/14/2026 16:10
3709,8/4/2024,8/4/2024,DOC003709,Invoice,5,8,2,20,,8,5,3405,510.75,7,486.4285714,GL0008,202408,B9,System,2/14/2026 16:10
3712,8/29/2024,8/29/2024,DOC003712,Invoice,5,8,3,15,,8,5,3476,521.4,6,579.3333333,GL0008,202408,B2,System,2/14/2026 16:10
3723,8/16/2024,8/16/2024,DOC003723,Invoice,3,8,1,8,,8,3,13715,2057.25,7,1959.285714,GL0008,202408,B3,System,2/14/2026 16:10
3736,9/17/2024,9/17/2024,DOC003736,Invoice,5,8,1,25,,8,5,9425,1413.75,7,1346.428571,GL0008,202409,B6,System,2/14/2026 16:10
3748,7/25/2024,7/25/2024,DOC003748,Invoice,2,8,1,37,,8,2,4396,659.4,2,2198,GL0008,202407,B8,System,2/14/2026 16:10
3752,8/17/2024,8/17/2024,DOC003752,Invoice,1,8,1,36,,8,1,15552,2332.8,10,1555.2,GL0008,202408,B2,System,2/14/2026 16:10
3754,9/21/2024,9/21/2024,DOC003754,Invoice,4,8,1,4,,8,4,804,120.6,1,804,GL0008,202409,B4,System,2/14/2026 16:10
3763,7/5/2024,7/5/2024,DOC003763,Invoice,3,8,1,23,,8,3,9056,1358.4,5,1811.2,GL0008,202407,B3,System,2/14/2026 16:10
3772,7/31/2024,7/31/2024,DOC003772,Invoice,1,8,3,26,,8,1,23792,3568.8,10,2379.2,GL0008,202407,B2,System,2/14/2026 16:10
3782,9/16/2024,9/16/2024,DOC003782,Invoice,3,8,2,3,,8,3,10563,1584.45,3,3521,GL0008,202409,B2,System,2/14/2026 16:10
3792,9/24/2024,9/24/2024,DOC003792,Invoice,4,8,3,24,,8,4,11868,1780.2,3,3956,GL0008,202409,B2,System,2/14/2026 16:10
3821,8/16/2024,8/16/2024,DOC003821,Invoice,2,8,2,27,,8,2,4426,663.9,6,737.6666667,GL0008,202408,B1,System,2/14/2026 16:10
3822,8/6/2024,8/6/2024,DOC003822,Invoice,1,8,3,31,,8,1,13138,1970.7,7,1876.857143,GL0008,202408,B2,System,2/14/2026 16:10
3828,9/8/2024,9/8/2024,DOC003828,Invoice,1,8,1,16,,8,1,21528,3229.2,9,2392,GL0008,202409,B8,System,2/14/2026 16:10
3836,8/16/2024,8/16/2024,DOC003836,Invoice,3,8,3,8,,8,3,6178,926.7,3,2059.333333,GL0008,202408,B6,System,2/14/2026 16:10
3853,8/3/2024,8/3/2024,DOC003853,Invoice,5,8,2,40,,8,5,4311,646.65,2,2155.5,GL0008,202408,B3,System,2/14/2026 16:10
3855,8/30/2024,8/30/2024,DOC003855,Invoice,4,8,1,39,,8,4,29031,4354.65,9,3225.666667,GL0008,202408,B5,System,2/14/2026 16:10
3875,7/26/2024,7/26/2024,DOC003875,Invoice,3,8,1,38,,8,3,7050,1057.5,4,1762.5,GL0008,202407,B5,System,2/14/2026 16:10
3876,7/15/2024,7/15/2024,DOC003876,Invoice,5,8,2,35,,8,5,19992,2998.8,5,3998.4,GL0008,202407,B6,System,2/14/2026 16:10
3907,8/5/2024,8/5/2024,DOC003907,Invoice,5,8,2,25,,8,5,38952,5842.8,10,3895.2,GL0008,202408,B7,System,2/14/2026 16:10
3914,9/8/2024,9/8/2024,DOC003914,Invoice,2,8,3,12,,8,2,2684,402.6,5,536.8,GL0008,202409,B4,System,2/14/2026 16:10
3921,7/13/2024,7/13/2024,DOC003921,Invoice,3,8,1,18,,8,3,869,130.35,2,434.5,GL0008,202407,B1,System,2/14/2026 16:10
3924,7/9/2024,7/9/2024,DOC003924,Invoice,4,8,1,39,,8,4,20672,3100.8,10,2067.2,GL0008,202407,B4,System,2/14/2026 16:10
3925,7/17/2024,7/17/2024,DOC003925,Invoice,2,8,1,22,,8,2,9929,1489.35,9,1103.222222,GL0008,202407,B5,System,2/14/2026 16:10
3926,7/28/2024,7/28/2024,DOC003926,Invoice,2,8,1,32,,8,2,15567,2335.05,6,2594.5,GL0008,202407,B6,System,2/14/2026 16:10
3933,7/18/2024,7/18/2024,DOC003933,Invoice,1,8,1,11,,8,1,4468,670.2,4,1117,GL0008,202407,B3,System,2/14/2026 16:10
3934,9/8/2024,9/8/2024,DOC003934,Invoice,4,8,2,39,,8,4,16308,2446.2,7,2329.714286,GL0008,202409,B4,System,2/14/2026 16:10
3936,8/12/2024,8/12/2024,DOC003936,Invoice,3,8,1,33,,8,3,14180,2127,7,2025.714286,GL0008,202408,B6,System,2/14/2026 16:10
3937,9/1/2024,9/1/2024,DOC003937,Invoice,3,8,3,8,,8,3,2807,421.05,4,701.75,GL0008,202409,B7,System,2/14/2026 16:10
3941,7/31/2024,7/31/2024,DOC003941,Invoice,5,8,2,30,,8,5,13396,2009.4,4,3349,GL0008,202407,B1,System,2/14/2026 16:10
3942,7/14/2024,7/14/2024,DOC003942,Invoice,2,8,2,12,,8,2,17758,2663.7,7,2536.857143,GL0008,202407,B2,System,2/14/2026 16:10
3953,9/11/2024,9/11/2024,DOC003953,Invoice,4,8,3,9,,8,4,19916,2987.4,5,3983.2,GL0008,202409,B3,System,2/14/2026 16:10
3957,7/15/2024,7/15/2024,DOC003957,Invoice,4,8,3,34,,8,4,9869,1480.35,4,2467.25,GL0008,202407,B7,System,2/14/2026 16:10
3959,9/15/2024,9/15/2024,DOC003959,Invoice,2,8,3,27,,8,2,5554,833.1,3,1851.333333,GL0008,202409,B9,System,2/14/2026 16:10
3971,8/2/2024,8/2/2024,DOC003971,Invoice,2,8,1,37,,8,2,9383,1407.45,4,2345.75,GL0008,202408,B1,System,2/14/2026 16:10
3987,8/6/2024,8/6/2024,DOC003987,Invoice,5,8,1,5,,8,5,27176,4076.4,10,2717.6,GL0008,202408,B7,System,2/14/2026 16:10
3993,8/5/2024,8/5/2024,DOC003993,Invoice,1,8,2,26,,8,1,12090,1813.5,4,3022.5,GL0008,202408,B3,System,2/14/2026 16:10
4011,9/21/2024,9/21/2024,DOC004011,Invoice,1,8,2,6,,8,1,25841,3876.15,9,2871.222222,GL0008,202409,B1,System,2/14/2026 16:10
4018,9/13/2024,9/13/2024,DOC004018,Invoice,5,8,3,20,,8,5,15231,2284.65,6,2538.5,GL0008,202409,B8,System,2/14/2026 16:10
4036,7/31/2024,7/31/2024,DOC004036,Invoice,2,8,2,2,,8,2,19236,2885.4,7,2748,GL0008,202407,B6,System,2/14/2026 16:10
4050,8/19/2024,8/19/2024,DOC004050,Invoice,5,8,3,20,,8,5,2615,392.25,4,653.75,GL0008,202408,B0,System,2/14/2026 16:10
4089,9/11/2024,9/11/2024,DOC004089,Invoice,5,8,2,40,,8,5,1760,264,2,880,GL0008,202409,B9,System,2/14/2026 16:10
4094,9/24/2024,9/24/2024,DOC004094,Invoice,3,8,1,8,,8,3,13512,2026.8,5,2702.4,GL0008,202409,B4,System,2/14/2026 16:10
4101,7/1/2024,7/1/2024,DOC004101,Invoice,2,8,3,27,,8,2,2060,309,1,2060,GL0008,202407,B1,System,2/14/2026 16:10
4105,7/7/2024,7/7/2024,DOC004105,Invoice,2,8,3,7,,8,2,8648,1297.2,3,2882.666667,GL0008,202407,B5,System,2/14/2026 16:10
4108,8/14/2024,8/14/2024,DOC004108,Invoice,2,8,3,7,,8,2,25984,3897.6,10,2598.4,GL0008,202408,B8,System,2/14/2026 16:10
4116,8/10/2024,8/10/2024,DOC004116,Invoice,5,8,3,10,,8,5,13940,2091,8,1742.5,GL0008,202408,B6,System,2/14/2026 16:10
4133,7/10/2024,7/10/2024,DOC004133,Invoice,3,8,2,38,,8,3,10234,1535.1,4,2558.5,GL0008,202407,B3,System,2/14/2026 16:10
4161,9/23/2024,9/23/2024,DOC004161,Invoice,3,8,2,33,,8,3,1991,298.65,1,1991,GL0008,202409,B1,System,2/14/2026 16:10
4173,7/27/2024,7/27/2024,DOC004173,Invoice,1,8,1,26,,8,1,1149,172.35,1,1149,GL0008,202407,B3,System,2/14/2026 16:10
4184,9/15/2024,9/15/2024,DOC004184,Invoice,4,8,2,29,,8,4,13549,2032.35,4,3387.25,GL0008,202409,B4,System,2/14/2026 16:10
4189,8/7/2024,8/7/2024,DOC004189,Invoice,4,8,1,9,,8,4,25447,3817.05,8,3180.875,GL0008,202408,B9,System,2/14/2026 16:10
4200,7/29/2024,7/29/2024,DOC004200,Invoice,4,8,1,4,,8,4,22624,3393.6,10,2262.4,GL0008,202407,B0,System,2/14/2026 16:10
4201,7/12/2024,7/12/2024,DOC004201,Invoice,2,8,2,27,,8,2,1101,165.15,2,550.5,GL0008,202407,B1,System,2/14/2026 16:10
4213,9/17/2024,9/17/2024,DOC004213,Invoice,1,8,1,6,,8,1,9490,1423.5,6,1581.666667,GL0008,202409,B3,System,2/14/2026 16:10
4216,7/27/2024,7/27/2024,DOC004216,Invoice,1,8,3,16,,8,1,4316,647.4,3,1438.666667,GL0008,202407,B6,System,2/14/2026 16:10
4218,8/17/2024,8/17/2024,DOC004218,Invoice,5,8,1,40,,8,5,3600,540,3,1200,GL0008,202408,B8,System,2/14/2026 16:10
4229,9/25/2024,9/25/2024,DOC004229,Invoice,3,8,2,23,,8,3,2660,399,2,1330,GL0008,202409,B9,System,2/14/2026 16:10
4232,8/15/2024,8/15/2024,DOC004232,Invoice,1,8,1,21,,8,1,7661,1149.15,8,957.625,GL0008,202408,B2,System,2/14/2026 16:10
4240,7/7/2024,7/7/2024,DOC004240,Invoice,1,8,3,21,,8,1,3004,450.6,1,3004,GL0008,202407,B0,System,2/14/2026 16:10
4254,9/19/2024,9/19/2024,DOC004254,Invoice,5,8,2,15,,8,5,27661,4149.15,8,3457.625,GL0008,202409,B4,System,2/14/2026 16:10
4255,8/24/2024,8/24/2024,DOC004255,Invoice,4,8,3,34,,8,4,6824,1023.6,10,682.4,GL0008,202408,B5,System,2/14/2026 16:10
4263,9/15/2024,9/15/2024,DOC004263,Invoice,2,8,2,27,,8,2,31309,4696.35,8,3913.625,GL0008,202409,B3,System,2/14/2026 16:10
4265,9/22/2024,9/22/2024,DOC004265,Invoice,4,8,3,29,,8,4,8361,1254.15,7,1194.428571,GL0008,202409,B5,System,2/14/2026 16:10
4283,8/7/2024,8/7/2024,DOC004283,Invoice,5,8,3,40,,8,5,8999,1349.85,4,2249.75,GL0008,202408,B3,System,2/14/2026 16:10
4291,7/4/2024,7/4/2024,DOC004291,Invoice,1,8,2,6,,8,1,3867,580.05,9,429.6666667,GL0008,202407,B1,System,2/14/2026 16:10
4294,7/26/2024,7/26/2024,DOC004294,Invoice,1,8,3,16,,8,1,5076,761.4,8,634.5,GL0008,202407,B4,System,2/14/2026 16:10
4295,9/1/2024,9/1/2024,DOC004295,Invoice,4,8,2,34,,8,4,3482,522.3,8,435.25,GL0008,202409,B5,System,2/14/2026 16:10
4318,7/30/2024,7/30/2024,DOC004318,Invoice,1,8,3,11,,8,1,15344,2301.6,7,2192,GL0008,202407,B8,System,2/14/2026 16:10
4335,7/10/2024,7/10/2024,DOC004335,Invoice,5,8,1,30,,8,5,2528,379.2,1,2528,GL0008,202407,B5,System,2/14/2026 16:10
4338,9/10/2024,9/10/2024,DOC004338,Invoice,2,8,2,17,,8,2,8327,1249.05,4,2081.75,GL0008,202409,B8,System,2/14/2026 16:10
4346,7/31/2024,7/31/2024,DOC004346,Invoice,1,8,2,16,,8,1,4818,722.7,2,2409,GL0008,202407,B6,System,2/14/2026 16:10
4350,7/14/2024,7/14/2024,DOC004350,Invoice,3,8,1,38,,8,3,13637,2045.55,9,1515.222222,GL0008,202407,B0,System,2/14/2026 16:10
4353,8/13/2024,8/13/2024,DOC004353,Invoice,5,8,3,5,,8,5,8837,1325.55,6,1472.833333,GL0008,202408,B3,System,2/14/2026 16:10
4366,8/19/2024,8/19/2024,DOC004366,Invoice,3,8,2,33,,8,3,36280,5442,10,3628,GL0008,202408,B6,System,2/14/2026 16:10
4367,7/15/2024,7/15/2024,DOC004367,Invoice,4,8,3,24,,8,4,21807,3271.05,6,3634.5,GL0008,202407,B7,System,2/14/2026 16:10
4386,7/19/2024,7/19/2024,DOC004386,Invoice,2,8,1,12,,8,2,18382,2757.3,9,2042.444444,GL0008,202407,B6,System,2/14/2026 16:10
4387,7/25/2024,7/25/2024,DOC004387,Invoice,1,8,3,11,,8,1,7680,1152,4,1920,GL0008,202407,B7,System,2/14/2026 16:10
4388,8/4/2024,8/4/2024,DOC004388,Invoice,3,8,1,3,,8,3,23588,3538.2,7,3369.714286,GL0008,202408,B8,System,2/14/2026 16:10
4395,7/25/2024,7/25/2024,DOC004395,Invoice,3,8,2,23,,8,3,18247,2737.05,8,2280.875,GL0008,202407,B5,System,2/14/2026 16:10
4402,8/23/2024,8/23/2024,DOC004402,Invoice,5,8,1,5,,8,5,14100,2115,5,2820,GL0008,202408,B2,System,2/14/2026 16:10
4407,7/4/2024,7/4/2024,DOC004407,Invoice,4,8,2,24,,8,4,13068,1960.2,5,2613.6,GL0008,202407,B7,System,2/14/2026 16:10
4410,7/2/2024,7/2/2024,DOC004410,Invoice,3,8,3,38,,8,3,16647,2497.05,6,2774.5,GL0008,202407,B0,System,2/14/2026 16:10
4435,8/10/2024,8/10/2024,DOC004435,Invoice,2,8,3,2,,8,2,18188,2728.2,5,3637.6,GL0008,202408,B5,System,2/14/2026 16:10
4447,9/7/2024,9/7/2024,DOC004447,Invoice,4,8,3,19,,8,4,25172,3775.8,9,2796.888889,GL0008,202409,B7,System,2/14/2026 16:10
4466,9/27/2024,9/27/2024,DOC004466,Invoice,3,8,2,18,,8,3,871,130.65,2,435.5,GL0008,202409,B6,System,2/14/2026 16:10
4476,7/29/2024,7/29/2024,DOC004476,Invoice,5,8,2,30,,8,5,9082,1362.3,8,1135.25,GL0008,202407,B6,System,2/14/2026 16:10
4478,7/13/2024,7/13/2024,DOC004478,Invoice,1,8,3,31,,8,1,25447,3817.05,7,3635.285714,GL0008,202407,B8,System,2/14/2026 16:10
4499,8/16/2024,8/16/2024,DOC004499,Invoice,3,8,2,8,,8,3,25728,3859.2,10,2572.8,GL0008,202408,B9,System,2/14/2026 16:10
4519,7/15/2024,7/15/2024,DOC004519,Invoice,5,8,1,25,,8,5,3200,480,1,3200,GL0008,202407,B9,System,2/14/2026 16:10
4524,7/27/2024,7/27/2024,DOC004524,Invoice,1,8,3,6,,8,1,13434,2015.1,8,1679.25,GL0008,202407,B4,System,2/14/2026 16:10
4529,7/25/2024,7/25/2024,DOC004529,Invoice,2,8,1,2,,8,2,12903,1935.45,8,1612.875,GL0008,202407,B9,System,2/14/2026 16:10
4532,8/14/2024,8/14/2024,DOC004532,Invoice,1,8,2,26,,8,1,1925,288.75,1,1925,GL0008,202408,B2,System,2/14/2026 16:10
4533,8/8/2024,8/8/2024,DOC004533,Invoice,3,8,3,28,,8,3,6186,927.9,4,1546.5,GL0008,202408,B3,System,2/14/2026 16:10
4536,8/5/2024,8/5/2024,DOC004536,Invoice,2,8,2,37,,8,2,25492,3823.8,8,3186.5,GL0008,202408,B6,System,2/14/2026 16:10
4537,7/31/2024,7/31/2024,DOC004537,Invoice,3,8,1,38,,8,3,15250,2287.5,6,2541.666667,GL0008,202407,B7,System,2/14/2026 16:10
4539,8/12/2024,8/12/2024,DOC004539,Invoice,2,8,3,17,,8,2,24271,3640.65,7,3467.285714,GL0008,202408,B9,System,2/14/2026 16:10
4542,7/23/2024,7/23/2024,DOC004542,Invoice,3,8,2,18,,8,3,22843,3426.45,7,3263.285714,GL0008,202407,B2,System,2/14/2026 16:10
4550,9/7/2024,9/7/2024,DOC004550,Invoice,2,8,2,22,,8,2,16288,2443.2,10,1628.8,GL0008,202409,B0,System,2/14/2026 16:10
4573,8/27/2024,8/27/2024,DOC004573,Invoice,1,8,2,26,,8,1,11268,1690.2,7,1609.714286,GL0008,202408,B3,System,2/14/2026 16:10
4576,7/21/2024,7/21/2024,DOC004576,Invoice,2,8,2,32,,8,2,4220,633,6,703.3333333,GL0008,202407,B6,System,2/14/2026 16:10
4577,8/16/2024,8/16/2024,DOC004577,Invoice,4,8,2,29,,8,4,5077,761.55,2,2538.5,GL0008,202408,B7,System,2/14/2026 16:10
4582,8/31/2024,8/31/2024,DOC004582,Invoice,2,8,2,32,,8,2,30509,4576.35,8,3813.625,GL0008,202408,B2,System,2/14/2026 16:10
4591,8/7/2024,8/7/2024,DOC004591,Invoice,5,8,3,30,,8,5,6716,1007.4,5,1343.2,GL0008,202408,B1,System,2/14/2026 16:10
4597,8/24/2024,8/24/2024,DOC004597,Invoice,5,8,1,40,,8,5,30656,4598.4,8,3832,GL0008,202408,B7,System,2/14/2026 16:10
4610,9/12/2024,9/12/2024,DOC004610,Invoice,3,8,2,3,,8,3,18058,2708.7,9,2006.444444,GL0008,202409,B0,System,2/14/2026 16:10
4616,7/25/2024,7/25/2024,DOC004616,Invoice,4,8,2,9,,8,4,5672,850.8,3,1890.666667,GL0008,202407,B6,System,2/14/2026 16:10
4623,7/12/2024,7/12/2024,DOC004623,Invoice,3,8,1,3,,8,3,7636,1145.4,2,3818,GL0008,202407,B3,System,2/14/2026 16:10
4633,7/15/2024,7/15/2024,DOC004633,Invoice,4,8,3,39,,8,4,9248,1387.2,8,1156,GL0008,202407,B3,System,2/14/2026 16:10
4634,7/20/2024,7/20/2024,DOC004634,Invoice,5,8,3,40,,8,5,15792,2368.8,6,2632,GL0008,202407,B4,System,2/14/2026 16:10
4644,7/8/2024,7/8/2024,DOC004644,Invoice,5,8,1,40,,8,5,7528,1129.2,2,3764,GL0008,202407,B4,System,2/14/2026 16:10
4655,7/9/2024,7/9/2024,DOC004655,Invoice,5,8,3,5,,8,5,23821,3573.15,8,2977.625,GL0008,202407,B5,System,2/14/2026 16:10
4664,7/17/2024,7/17/2024,DOC004664,Invoice,3,8,2,23,,8,3,3610,541.5,8,451.25,GL0008,202407,B4,System,2/14/2026 16:10
4674,9/24/2024,9/24/2024,DOC004674,Invoice,5,8,3,35,,8,5,24216,3632.4,10,2421.6,GL0008,202409,B4,System,2/14/2026 16:10
4677,7/11/2024,7/11/2024,DOC004677,Invoice,4,8,1,34,,8,4,502,75.3,1,502,GL0008,202407,B7,System,2/14/2026 16:10
4682,7/5/2024,7/5/2024,DOC004682,Invoice,5,8,1,25,,8,5,1137,170.55,1,1137,GL0008,202407,B2,System,2/14/2026 16:10
4709,7/26/2024,7/26/2024,DOC004709,Invoice,1,8,1,21,,8,1,33288,4993.2,10,3328.8,GL0008,202407,B9,System,2/14/2026 16:10
4711,8/10/2024,8/10/2024,DOC004711,Invoice,2,8,2,22,,8,2,10388,1558.2,7,1484,GL0008,202408,B1,System,2/14/2026 16:10
4716,8/26/2024,8/26/2024,DOC004716,Invoice,3,8,3,28,,8,3,15978,2396.7,4,3994.5,GL0008,202408,B6,System,2/14/2026 16:10
4719,7/4/2024,7/4/2024,DOC004719,Invoice,2,8,2,27,,8,2,8938,1340.7,3,2979.333333,GL0008,202407,B9,System,2/14/2026 16:10
4725,8/15/2024,8/15/2024,DOC004725,Invoice,2,8,1,32,,8,2,5428,814.2,4,1357,GL0008,202408,B5,System,2/14/2026 16:10
4730,7/11/2024,7/11/2024,DOC004730,Invoice,5,8,3,15,,8,5,1140,171,1,1140,GL0008,202407,B0,System,2/14/2026 16:10
4748,7/4/2024,7/4/2024,DOC004748,Invoice,4,8,2,14,,8,4,7296,1094.4,6,1216,GL0008,202407,B8,System,2/14/2026 16:10
4752,7/9/2024,7/9/2024,DOC004752,Invoice,4,8,2,4,,8,4,1889,283.35,1,1889,GL0008,202407,B2,System,2/14/2026 16:10
4761,9/20/2024,9/20/2024,DOC004761,Invoice,5,8,3,40,,8,5,7389,1108.35,4,1847.25,GL0008,202409,B1,System,2/14/2026 16:10
4764,7/29/2024,7/29/2024,DOC004764,Invoice,5,8,3,40,,8,5,7981,1197.15,4,1995.25,GL0008,202407,B4,System,2/14/2026 16:10
4765,7/4/2024,7/4/2024,DOC004765,Invoice,2,8,1,32,,8,2,11789,1768.35,6,1964.833333,GL0008,202407,B5,System,2/14/2026 16:10
4769,7/1/2024,7/1/2024,DOC004769,Invoice,1,8,2,31,,8,1,11716,1757.4,4,2929,GL0008,202407,B9,System,2/14/2026 16:10
4779,8/18/2024,8/18/2024,DOC004779,Invoice,4,8,3,14,,8,4,23456,3518.4,10,2345.6,GL0008,202408,B9,System,2/14/2026 16:10
4780,8/22/2024,8/22/2024,DOC004780,Invoice,2,8,1,22,,8,2,14925,2238.75,8,1865.625,GL0008,202408,B0,System,2/14/2026 16:10
4782,7/1/2024,7/1/2024,DOC004782,Invoice,4,8,1,34,,8,4,8333,1249.95,4,2083.25,GL0008,202407,B2,System,2/14/2026 16:10
4799,8/3/2024,8/3/2024,DOC004799,Invoice,1,8,3,6,,8,1,5063,759.45,7,723.2857143,GL0008,202408,B9,System,2/14/2026 16:10
4801,8/30/2024,8/30/2024,DOC004801,Invoice,4,8,2,14,,8,4,9368,1405.2,9,1040.888889,GL0008,202408,B1,System,2/14/2026 16:10
4808,9/24/2024,9/24/2024,DOC004808,Invoice,3,8,1,38,,8,3,14586,2187.9,4,3646.5,GL0008,202409,B8,System,2/14/2026 16:10
4810,7/18/2024,7/18/2024,DOC004810,Invoice,2,8,2,12,,8,2,25108,3766.2,8,3138.5,GL0008,202407,B0,System,2/14/2026 16:10
4814,8/23/2024,8/23/2024,DOC004814,Invoice,5,8,3,30,,8,5,14393,2158.95,9,1599.222222,GL0008,202408,B4,System,2/14/2026 16:10
4816,8/22/2024,8/22/2024,DOC004816,Invoice,4,8,1,29,,8,4,25624,3843.6,10,2562.4,GL0008,202408,B6,System,2/14/2026 16:10
4818,7/13/2024,7/13/2024,DOC004818,Invoice,3,8,2,8,,8,3,3020,453,1,3020,GL0008,202407,B8,System,2/14/2026 16:10
4832,7/9/2024,7/9/2024,DOC004832,Invoice,1,8,1,31,,8,1,31751,4762.65,8,3968.875,GL0008,202407,B2,System,2/14/2026 16:10
4845,7/14/2024,7/14/2024,DOC004845,Invoice,1,8,1,31,,8,1,9034,1355.1,3,3011.333333,GL0008,202407,B5,System,2/14/2026 16:10
4863,8/29/2024,8/29/2024,DOC004863,Invoice,3,8,1,3,,8,3,8263,1239.45,4,2065.75,GL0008,202408,B3,System,2/14/2026 16:10
4881,8/5/2024,8/5/2024,DOC004881,Invoice,3,8,1,3,,8,3,2864,429.6,3,954.6666667,GL0008,202408,B1,System,2/14/2026 16:10
4884,9/23/2024,9/23/2024,DOC004884,Invoice,1,8,1,16,,8,1,19421,2913.15,6,3236.833333,GL0008,202409,B4,System,2/14/2026 16:10
4891,8/29/2024,8/29/2024,DOC004891,Invoice,3,8,2,23,,8,3,33832,5074.8,10,3383.2,GL0008,202408,B1,System,2/14/2026 16:10
4900,9/5/2024,9/5/2024,DOC004900,Invoice,1,8,1,31,,8,1,1753,262.95,1,1753,GL0008,202409,B0,System,2/14/2026 16:10
4911,8/17/2024,8/17/2024,DOC004911,Invoice,4,8,2,24,,8,4,5124,768.6,7,732,GL0008,202408,B1,System,2/14/2026 16:10
4912,8/20/2024,8/20/2024,DOC004912,Invoice,4,8,1,34,,8,4,10409,1561.35,3,3469.666667,GL0008,202408,B2,System,2/14/2026 16:10
4943,8/3/2024,8/3/2024,DOC004943,Invoice,5,8,3,20,,8,5,6895,1034.25,2,3447.5,GL0008,202408,B3,System,2/14/2026 16:10
4954,8/29/2024,8/29/2024,DOC004954,Invoice,2,8,1,27,,8,2,1853,277.95,2,926.5,GL0008,202408,B4,System,2/14/2026 16:10
4981,8/24/2024,8/24/2024,DOC004981,Invoice,4,8,1,9,,8,4,4816,722.4,7,688,GL0008,202408,B1,System,2/14/2026 16:10
4984,8/27/2024,8/27/2024,DOC004984,Invoice,2,8,3,27,,8,2,25940,3891,8,3242.5,GL0008,202408,B4,System,2/14/2026 16:10
4988,8/5/2024,8/5/2024,DOC004988,Invoice,1,8,2,16,,8,1,26472,3970.8,10,2647.2,GL0008,202408,B8,System,2/14/2026 16:10
4999,8/21/2024,8/21/2024,DOC004999,Invoice,3,8,2,23,,8,3,2248,337.2,2,1124,GL0008,202408,B9,System,2/14/2026 16:10
