BudgetID,Financial_Year,PeriodKey,SegmentID,StandardItemID,FundID,CostCentreID,ProjectID,DetailedItemID,VoteID,Budget_Amount,Adjusted_Amount,Forecast_Amount,Budget_Version,Approval_Date
2231,2025,202408,2,1,2,14,,3,5,11903,5808,7424,1,7/1/2024
358,2025,202409,5,5,3,8,,2,3,11898,10741,4846,1,7/1/2024
1245,2025,202409,1,1,1,36,,4,1,11896,6153,4629,1,7/1/2024
337,2025,202409,2,3,3,23,,5,4,11891,11291,6700,1,7/1/2024
1918,2025,202409,3,5,2,26,,4,5,11886,9320,2789,1,7/1/2024
1229,2025,202407,4,6,1,10,,5,1,11882,4136,7336,1,7/1/2024
1461,2025,202408,3,6,1,23,,7,3,11882,10820,4517,1,7/1/2024
2160,2025,202408,1,5,2,19,,5,1,11882,7239,11034,1,7/1/2024
34,2025,202408,2,4,4,33,13,1,2,11877,10120,5074,1,7/1/2024
2674,2025,202409,5,1,4,35,15,3,3,11877,2648,4467,1,7/1/2024
2257,2025,202409,3,6,4,30,10,1,5,11872,9167,6622,1,7/1/2024
880,2025,202407,2,3,2,38,,4,4,11870,2879,10567,1,7/1/2024
2526,2025,202409,1,3,1,12,,3,3,11870,3460,5972,1,7/1/2024
659,2025,202409,4,1,2,35,,4,1,11865,9612,6022,1,7/1/2024
1834,2025,202408,1,5,1,21,,3,2,11865,6300,9434,1,7/1/2024
2278,2025,202407,4,1,1,21,,7,2,11865,4748,2458,1,7/1/2024
95,2025,202407,2,6,3,19,,5,5,11860,11582,8403,1,7/1/2024
1256,2025,202407,2,5,4,10,10,1,5,11860,11436,8344,1,7/1/2024
1574,2025,202408,4,3,3,30,,1,1,11860,10948,10032,1,7/1/2024
1946,2025,202408,1,8,2,33,,3,1,11858,6324,6786,1,7/1/2024
2414,2025,202407,1,8,3,18,,5,1,11850,10806,8177,1,7/1/2024
1032,2025,202408,1,5,2,22,,1,5,11848,11803,5620,1,7/1/2024
1161,2025,202409,5,6,4,21,1,3,5,11846,4017,11660,1,7/1/2024
2800,2025,202409,2,6,2,39,,1,5,11846,4172,11541,1,7/1/2024
1812,2025,202409,2,8,2,34,,4,5,11844,10503,8134,1,7/1/2024
2398,2025,202408,4,4,2,11,,7,3,11844,6334,5815,1,7/1/2024
839,2025,202409,2,3,3,16,,2,2,11841,4072,9691,1,7/1/2024
2190,2025,202407,3,8,1,40,,5,1,11841,9629,7144,1,7/1/2024
1999,2025,202409,4,7,2,25,,2,2,11839,3277,6553,1,7/1/2024
2392,2025,202408,3,1,2,27,,2,4,11834,9189,3012,1,7/1/2024
605,2025,202409,5,3,3,40,,8,4,11832,6839,9734,1,7/1/2024
1153,2025,202408,2,8,3,5,,7,4,11829,9174,9917,1,7/1/2024
1606,2025,202407,3,6,3,19,,8,3,11829,8022,7091,1,7/1/2024
167,2025,202408,3,1,4,3,3,8,4,11827,5091,10065,1,7/1/2024
1471,2025,202408,3,3,2,30,,2,1,11824,7912,6860,1,7/1/2024
2667,2025,202409,1,3,3,38,,4,4,11824,4924,10729,1,7/1/2024
1988,2025,202407,5,8,3,33,,5,2,11822,8741,10984,1,7/1/2024
1647,2025,202409,5,5,1,21,,3,1,11817,9810,5348,1,7/1/2024
2976,2025,202408,5,5,4,9,9,1,4,11812,11427,11456,1,7/1/2024
1851,2025,202407,1,6,3,2,,4,3,11798,9391,5529,1,7/1/2024
2636,2025,202408,4,4,4,10,10,2,3,11794,10594,10139,1,7/1/2024
2847,2025,202408,5,5,1,1,,4,1,11794,5870,4679,1,7/1/2024
1200,2025,202407,3,2,3,30,,6,3,11791,5465,6889,1,7/1/2024
2997,2025,202408,2,1,2,10,,1,1,11789,10762,2865,1,7/1/2024
1033,2025,202407,5,6,3,22,,5,1,11786,7682,7494,1,7/1/2024
1126,2025,202409,1,2,4,37,17,3,1,11786,6515,11486,1,7/1/2024
2199,2025,202409,1,5,3,40,,3,5,11786,4584,5310,1,7/1/2024
1221,2025,202409,5,8,4,18,18,2,3,11784,10372,3141,1,7/1/2024
2534,2025,202409,1,2,1,22,,5,1,11782,5672,10494,1,7/1/2024
2926,2025,202407,1,8,3,32,,6,5,11779,3344,3806,1,7/1/2024
2108,2025,202407,4,6,4,20,20,5,2,11777,11036,10094,1,7/1/2024
404,2025,202409,2,7,3,18,,2,2,11774,8848,7072,1,7/1/2024
2594,2025,202408,3,2,1,37,,6,4,11772,7541,6867,1,7/1/2024
392,2025,202407,4,4,1,4,,8,3,11770,7474,8456,1,7/1/2024
1219,2025,202408,2,7,4,8,8,6,4,11765,10289,11191,1,7/1/2024
1287,2025,202408,3,2,3,23,,6,1,11765,8639,7732,1,7/1/2024
791,2025,202409,4,5,2,25,,1,4,11756,10815,3986,1,7/1/2024
255,2025,202408,5,8,2,6,,2,1,11753,7186,5367,1,7/1/2024
1100,2025,202409,5,8,4,33,13,1,2,11750,6184,3753,1,7/1/2024
1301,2025,202408,3,2,4,37,17,5,5,11750,3798,6136,1,7/1/2024
1981,2025,202409,3,3,3,22,,1,5,11748,11234,5827,1,7/1/2024
196,2025,202409,1,6,3,18,,6,3,11746,11882,5774,1,7/1/2024
767,2025,202408,2,4,2,14,,2,5,11746,6041,5870,1,7/1/2024
958,2025,202409,3,2,4,26,6,4,4,11739,5572,3253,1,7/1/2024
1106,2025,202407,1,8,4,11,11,5,3,11736,7179,11489,1,7/1/2024
1222,2025,202407,4,5,1,5,,2,1,11736,5679,4489,1,7/1/2024
1684,2025,202408,5,6,3,40,,2,3,11734,6600,7158,1,7/1/2024
272,2025,202407,5,7,4,24,4,6,2,11729,3000,7041,1,7/1/2024
1282,2025,202409,4,2,3,25,,8,4,11722,9522,3041,1,7/1/2024
124,2025,202409,1,1,2,33,,8,2,11720,9389,11020,1,7/1/2024
624,2025,202408,4,7,2,12,,3,5,11720,8634,5682,1,7/1/2024
2546,2025,202408,3,5,2,15,,5,5,11720,2717,11889,1,7/1/2024
72,2025,202407,3,7,4,20,20,2,2,11715,6767,7246,1,7/1/2024
1642,2025,202407,4,4,4,37,17,5,2,11715,7108,5253,1,7/1/2024
1956,2025,202408,5,1,3,38,,7,4,11715,2924,10362,1,7/1/2024
892,2025,202409,4,1,4,25,5,7,3,11712,7222,6246,1,7/1/2024
1570,2025,202407,1,8,2,14,,4,1,11712,3553,10532,1,7/1/2024
467,2025,202407,2,2,4,2,2,6,2,11710,9944,9244,1,7/1/2024
1680,2025,202407,3,7,1,7,,6,4,11710,11032,2967,1,7/1/2024
2829,2025,202407,3,4,4,35,15,1,5,11708,8856,9970,1,7/1/2024
2342,2025,202409,5,8,3,11,,7,3,11706,11767,10570,1,7/1/2024
1544,2025,202407,4,8,1,30,,2,5,11700,3500,4624,1,7/1/2024
945,2025,202408,4,5,1,35,,1,3,11696,11839,3758,1,7/1/2024
873,2025,202409,2,8,4,4,4,3,4,11689,8720,5677,1,7/1/2024
1086,2025,202408,3,3,4,27,7,6,5,11689,7229,9322,1,7/1/2024
2598,2025,202407,1,1,3,5,,2,4,11689,4832,2972,1,7/1/2024
537,2025,202407,3,1,4,9,9,3,5,11682,3296,10739,1,7/1/2024
2852,2025,202407,2,6,2,37,,8,5,11682,5353,4172,1,7/1/2024
1262,2025,202408,3,8,1,27,,7,1,11679,7941,11556,1,7/1/2024
279,2025,202407,2,4,4,20,20,6,5,11677,6267,8256,1,7/1/2024
304,2025,202408,5,6,2,14,,1,5,11677,5817,3800,1,7/1/2024
560,2025,202407,3,3,4,5,5,8,2,11674,3979,4691,1,7/1/2024
1093,2025,202407,3,2,3,21,,7,4,11672,4084,5156,1,7/1/2024
1440,2025,202409,3,8,2,8,,3,2,11667,9898,8706,1,7/1/2024
1007,2025,202407,2,4,3,18,,6,5,11665,8184,4500,1,7/1/2024
1839,2025,202407,4,7,1,29,,6,5,11662,10129,7998,1,7/1/2024
2261,2025,202409,5,1,2,27,,4,4,11660,7215,6656,1,7/1/2024
380,2025,202407,3,4,3,24,,7,1,11656,10472,5524,1,7/1/2024
1533,2025,202407,3,4,2,9,,5,4,11648,9058,5024,1,7/1/2024
36,2025,202408,4,4,4,35,15,5,4,11641,5417,2939,1,7/1/2024
956,2025,202409,3,4,4,6,6,7,5,11641,5041,11622,1,7/1/2024
1809,2025,202408,1,3,1,14,,8,1,11641,7829,4320,1,7/1/2024
2182,2025,202408,2,5,2,10,,1,5,11639,8750,7065,1,7/1/2024
452,2025,202408,4,8,1,24,,6,5,11636,4217,3274,1,7/1/2024
23,2025,202408,5,1,4,26,6,2,1,11632,4703,11796,1,7/1/2024
2218,2025,202408,4,8,2,11,,4,1,11627,6820,4758,1,7/1/2024
2746,2025,202408,5,6,4,26,6,1,4,11624,7489,3396,1,7/1/2024
838,2025,202408,2,2,1,18,,2,2,11620,7046,2672,1,7/1/2024
2738,2025,202409,2,3,1,14,,4,2,11620,4517,7877,1,7/1/2024
1467,2025,202408,4,3,2,9,,1,3,11615,9867,6308,1,7/1/2024
1397,2025,202407,5,4,3,1,,4,1,11606,8815,6962,1,7/1/2024
1733,2025,202409,1,4,2,23,,3,5,11606,11529,2494,1,7/1/2024
1671,2025,202409,1,2,3,3,,5,2,11603,6974,8186,1,7/1/2024
2276,2025,202409,2,8,3,10,,3,2,11603,2560,10036,1,7/1/2024
205,2025,202409,4,4,2,29,,8,1,11598,10046,10629,1,7/1/2024
720,2025,202408,1,1,1,30,,8,1,11594,8900,11298,1,7/1/2024
541,2025,202408,4,2,3,3,,5,1,11591,3977,5210,1,7/1/2024
1324,2025,202408,1,2,1,13,,1,2,11591,10524,4679,1,7/1/2024
1608,2025,202409,1,7,3,16,,6,3,11586,6984,10034,1,7/1/2024
2287,2025,202407,5,1,2,10,,6,2,11584,9427,5286,1,7/1/2024
2459,2025,202409,5,1,1,6,,4,2,11584,11870,10348,1,7/1/2024
2097,2025,202407,5,7,1,40,,6,2,11582,3636,4491,1,7/1/2024
2556,2025,202408,2,3,3,12,,7,1,11577,8741,2527,1,7/1/2024
379,2025,202407,2,1,2,34,,7,2,11567,9370,7162,1,7/1/2024
2668,2025,202409,5,1,2,38,,5,5,11567,6500,4846,1,7/1/2024
1312,2025,202408,4,8,1,28,,2,5,11560,6734,3591,1,7/1/2024
1968,2025,202408,3,7,1,12,,5,5,11550,9856,8867,1,7/1/2024
623,2025,202408,5,5,2,31,,1,3,11548,10598,6024,1,7/1/2024
1787,2025,202407,1,5,3,16,,2,2,11541,5934,5265,1,7/1/2024
2098,2025,202407,1,4,2,14,,7,2,11539,4967,4782,1,7/1/2024
2807,2025,202407,2,8,1,3,,2,5,11532,5141,11548,1,7/1/2024
1752,2025,202408,2,2,2,29,,2,3,11529,9741,7896,1,7/1/2024
638,2025,202407,3,7,3,14,,2,3,11522,9079,9332,1,7/1/2024
1047,2025,202408,1,3,1,14,,6,1,11522,7667,8770,1,7/1/2024
1599,2025,202409,4,7,2,26,,7,1,11517,10053,11222,1,7/1/2024
2282,2025,202409,3,1,4,23,3,6,3,11512,3962,10489,1,7/1/2024
2216,2025,202408,3,5,3,21,,5,2,11510,4306,9924,1,7/1/2024
2941,2025,202407,4,6,1,18,,6,4,11510,2682,3970,1,7/1/2024
222,2025,202409,3,8,1,32,,2,3,11503,4320,9050,1,7/1/2024
315,2025,202409,4,3,2,23,,6,1,11503,8000,11896,1,7/1/2024
105,2025,202407,5,5,2,10,,5,5,11496,10086,10065,1,7/1/2024
1880,2025,202409,3,7,3,26,,6,2,11491,5870,11079,1,7/1/2024
869,2025,202409,4,7,4,28,8,7,4,11486,6410,10112,1,7/1/2024
842,2025,202408,5,6,3,6,,5,5,11484,8424,7748,1,7/1/2024
2621,2025,202407,1,5,1,12,,7,3,11484,9667,6020,1,7/1/2024
2867,2025,202409,1,2,3,38,,8,2,11484,9808,6403,1,7/1/2024
2505,2025,202408,1,2,3,34,,8,1,11482,6798,9720,1,7/1/2024
573,2025,202409,5,8,2,40,,2,2,11479,10996,10927,1,7/1/2024
1308,2025,202407,2,7,4,40,20,7,3,11474,5929,9160,1,7/1/2024
1772,2025,202408,4,8,2,30,,6,3,11474,2803,6760,1,7/1/2024
1655,2025,202407,1,4,3,31,,5,1,11462,5041,10274,1,7/1/2024
657,2025,202407,2,6,3,32,,6,1,11460,10822,7900,1,7/1/2024
1721,2025,202408,5,1,2,9,,3,4,11450,2812,10444,1,7/1/2024
2076,2025,202407,3,5,4,37,17,3,3,11444,4246,9465,1,7/1/2024
2322,2025,202407,3,3,2,18,,6,3,11441,11179,6720,1,7/1/2024
2071,2025,202407,5,4,1,3,,5,5,11439,5091,10665,1,7/1/2024
1337,2025,202408,4,6,2,37,,4,3,11436,6965,11184,1,7/1/2024
1050,2025,202408,2,1,3,16,,2,2,11434,11712,8250,1,7/1/2024
2673,2025,202409,4,4,4,10,10,7,4,11434,9756,4594,1,7/1/2024
796,2025,202408,3,1,2,5,,2,5,11424,9644,3227,1,7/1/2024
2583,2025,202409,1,5,3,7,,4,1,11417,9589,4182,1,7/1/2024
2696,2025,202408,1,5,3,33,,3,3,11415,6329,3156,1,7/1/2024
1311,2025,202408,5,4,2,30,,2,4,11408,5224,8541,1,7/1/2024
2137,2025,202408,1,6,4,2,2,8,1,11408,6591,8550,1,7/1/2024
2225,2025,202408,5,7,3,19,,7,3,11408,9241,4510,1,7/1/2024
129,2025,202408,1,7,2,31,,5,2,11403,7015,11510,1,7/1/2024
1401,2025,202407,3,6,3,30,,1,1,11400,8946,9989,1,7/1/2024
2104,2025,202408,5,1,4,12,12,6,3,11400,10136,6598,1,7/1/2024
2900,2025,202407,5,3,4,3,3,7,4,11398,6358,11162,1,7/1/2024
2340,2025,202409,4,7,2,35,,6,3,11394,2817,5891,1,7/1/2024
2404,2025,202409,2,1,2,38,,1,5,11389,4446,2841,1,7/1/2024
1332,2025,202409,4,1,2,36,,5,2,11374,6546,4217,1,7/1/2024
2425,2025,202409,4,3,4,11,11,6,1,11370,5400,10022,1,7/1/2024
481,2025,202409,4,6,1,11,,5,5,11367,10022,9212,1,7/1/2024
2332,2025,202407,2,4,1,20,,6,5,11358,11358,3803,1,7/1/2024
1916,2025,202407,1,1,4,31,11,5,4,11356,10146,11015,1,7/1/2024
1776,2025,202407,2,5,3,24,,6,5,11353,8065,8167,1,7/1/2024
2372,2025,202407,5,4,1,11,,2,5,11353,5060,8941,1,7/1/2024
2296,2025,202409,2,6,3,26,,8,1,11348,10127,5694,1,7/1/2024
1550,2025,202408,1,5,2,17,,4,2,11344,9362,3046,1,7/1/2024
1978,2025,202407,1,5,3,20,,3,5,11344,4427,6903,1,7/1/2024
629,2025,202409,2,2,4,40,20,3,2,11339,3732,9920,1,7/1/2024
757,2025,202408,1,2,4,4,4,4,1,11339,3277,7903,1,7/1/2024
924,2025,202408,4,3,2,23,,4,2,11332,10122,3034,1,7/1/2024
394,2025,202407,1,8,4,39,19,6,4,11317,9179,11415,1,7/1/2024
933,2025,202409,1,1,3,23,,6,2,11312,9800,11894,1,7/1/2024
1490,2025,202409,3,3,1,38,,8,3,11296,4350,9279,1,7/1/2024
2241,2025,202409,3,2,1,36,,6,1,11294,6134,5422,1,7/1/2024
2954,2025,202407,1,7,2,29,,4,1,11294,10903,6722,1,7/1/2024
2155,2025,202409,3,8,4,17,17,4,4,11289,9756,6617,1,7/1/2024
897,2025,202409,2,3,1,16,,4,5,11286,11515,6727,1,7/1/2024
1460,2025,202409,1,1,2,6,,2,4,11286,3958,9408,1,7/1/2024
1972,2025,202408,4,8,3,38,,6,5,11286,8412,10012,1,7/1/2024
2029,2025,202407,5,3,1,20,,3,4,11284,6132,3982,1,7/1/2024
979,2025,202408,2,7,1,15,,1,5,11274,6908,9267,1,7/1/2024
2048,2025,202407,1,3,1,1,,1,5,11272,10239,10324,1,7/1/2024
2811,2025,202409,1,2,1,36,,5,5,11272,9279,4570,1,7/1/2024
1331,2025,202408,3,4,4,40,20,6,5,11260,9529,11624,1,7/1/2024
1992,2025,202409,2,4,2,21,,2,1,11260,7810,3244,1,7/1/2024
3000,2025,202407,5,2,4,3,3,5,1,11260,10036,6298,1,7/1/2024
2234,2025,202408,5,1,3,7,,1,3,11253,9798,8120,1,7/1/2024
1917,2025,202409,5,3,1,22,,5,4,11246,9108,2874,1,7/1/2024
2087,2025,202407,3,4,2,36,,6,3,11241,5210,3136,1,7/1/2024
1170,2025,202409,5,3,2,40,,5,4,11236,11232,3106,1,7/1/2024
1966,2025,202407,5,5,2,31,,6,2,11229,8422,8017,1,7/1/2024
871,2025,202409,5,6,1,6,,5,5,11220,10506,11606,1,7/1/2024
1587,2025,202407,3,8,1,35,,3,2,11217,6108,8279,1,7/1/2024
1626,2025,202408,3,3,2,38,,2,3,11215,4872,2420,1,7/1/2024
2600,2025,202408,3,7,4,36,16,7,5,11212,5862,7879,1,7/1/2024
2035,2025,202408,5,8,2,16,,7,3,11208,9053,8629,1,7/1/2024
76,2025,202409,4,3,2,5,,4,1,11206,2712,10532,1,7/1/2024
1673,2025,202408,3,8,1,34,,3,1,11206,7246,9289,1,7/1/2024
1408,2025,202409,3,4,2,7,,7,3,11198,8167,5060,1,7/1/2024
2411,2025,202407,1,5,4,6,6,2,1,11198,6144,10908,1,7/1/2024
557,2025,202407,1,5,3,1,,2,2,11196,11332,2934,1,7/1/2024
1115,2025,202409,3,2,1,34,,8,4,11196,3179,5970,1,7/1/2024
123,2025,202408,2,1,2,11,,2,3,11194,10672,8282,1,7/1/2024
2760,2025,202407,5,3,2,36,,3,1,11182,4341,8210,1,7/1/2024
1689,2025,202408,3,4,3,18,,5,2,11174,11672,6336,1,7/1/2024
1887,2025,202408,2,4,2,1,,6,1,11170,5832,4494,1,7/1/2024
1052,2025,202407,5,3,3,19,,5,5,11167,6108,6822,1,7/1/2024
2305,2025,202407,2,5,1,32,,3,5,11167,10641,4960,1,7/1/2024
718,2025,202407,2,8,2,24,,2,1,11156,5444,10458,1,7/1/2024
1868,2025,202408,3,1,1,40,,1,2,11156,4498,9222,1,7/1/2024
1398,2025,202408,4,6,3,14,,7,2,11150,11384,8415,1,7/1/2024
2316,2025,202409,5,4,4,27,7,5,4,11134,10191,7358,1,7/1/2024
654,2025,202409,2,1,4,14,14,6,3,11129,2812,8224,1,7/1/2024
2355,2025,202408,4,2,3,21,,8,3,11129,5715,5600,1,7/1/2024
1628,2025,202408,4,2,2,20,,3,2,11124,10520,5448,1,7/1/2024
2124,2025,202409,5,6,3,10,,1,1,11124,9262,8841,1,7/1/2024
1816,2025,202407,5,8,1,34,,5,4,11120,11610,5679,1,7/1/2024
2492,2025,202407,1,4,3,19,,1,5,11115,6358,6977,1,7/1/2024
163,2025,202409,1,5,4,22,2,7,1,11106,3003,10465,1,7/1/2024
437,2025,202408,1,6,3,15,,7,3,11106,5189,6074,1,7/1/2024
1982,2025,202407,5,5,2,18,,5,5,11103,5541,10762,1,7/1/2024
2423,2025,202409,1,6,4,6,6,6,5,11103,6150,9748,1,7/1/2024
1391,2025,202409,1,1,3,14,,6,5,11096,7350,9753,1,7/1/2024
2827,2025,202407,4,5,2,2,,6,5,11096,10706,5717,1,7/1/2024
514,2025,202408,2,6,1,5,,2,5,11091,3100,9591,1,7/1/2024
1335,2025,202407,2,3,1,11,,4,1,11086,6722,8534,1,7/1/2024
1355,2025,202408,5,7,4,34,14,2,4,11084,6858,3686,1,7/1/2024
1646,2025,202408,3,2,4,8,8,5,1,11084,8108,6715,1,7/1/2024
536,2025,202409,3,2,1,31,,1,2,11077,7903,3058,1,7/1/2024
2513,2025,202409,5,2,3,30,,5,4,11077,9770,10848,1,7/1/2024
1154,2025,202409,2,5,4,8,8,3,3,11072,10860,2436,1,7/1/2024
1124,2025,202409,4,7,1,17,,5,5,11070,10782,9308,1,7/1/2024
569,2025,202407,2,4,1,30,,2,2,11062,4550,11370,1,7/1/2024
592,2025,202408,2,2,2,3,,7,4,11050,8829,5667,1,7/1/2024
975,2025,202409,1,2,1,2,,2,5,11050,7029,9124,1,7/1/2024
1279,2025,202408,1,6,3,1,,6,5,11044,4460,9029,1,7/1/2024
117,2025,202407,2,6,4,3,3,7,4,11036,8520,5056,1,7/1/2024
653,2025,202407,3,1,2,4,,6,1,11032,9036,11039,1,7/1/2024
986,2025,202407,3,2,2,15,,6,3,11032,9827,5439,1,7/1/2024
1343,2025,202408,5,7,4,12,12,1,3,11032,11896,2672,1,7/1/2024
1996,2025,202409,4,6,2,25,,7,3,11032,11391,5453,1,7/1/2024
428,2025,202408,3,7,3,39,,2,3,11029,11060,4122,1,7/1/2024
2258,2025,202408,3,7,4,35,15,7,3,11027,5662,10058,1,7/1/2024
2958,2025,202408,5,8,1,38,,2,5,11027,5758,9634,1,7/1/2024
1295,2025,202408,2,3,1,33,,8,3,11024,9424,4639,1,7/1/2024
1841,2025,202407,4,7,4,37,17,7,1,11015,4246,7724,1,7/1/2024
1425,2025,202408,2,1,4,3,3,2,3,11008,4312,9632,1,7/1/2024
1286,2025,202409,4,6,2,35,,8,1,11006,10396,3167,1,7/1/2024
2219,2025,202408,3,3,1,13,,1,3,11006,8679,9382,1,7/1/2024
2511,2025,202408,1,6,3,37,,7,5,10984,7867,11012,1,7/1/2024
854,2025,202409,3,7,3,12,,5,2,10982,11067,5444,1,7/1/2024
369,2025,202409,1,1,2,36,,7,3,10972,8946,6167,1,7/1/2024
2713,2025,202409,2,8,4,38,18,4,5,10972,2498,7227,1,7/1/2024
2310,2025,202409,5,2,2,40,,8,5,10970,5124,8550,1,7/1/2024
2628,2025,202408,2,4,2,3,,8,2,10962,7932,9762,1,7/1/2024
1448,2025,202408,3,6,4,12,12,2,2,10958,7374,3806,1,7/1/2024
1756,2025,202407,2,7,1,13,,7,1,10958,9084,2929,1,7/1/2024
2573,2025,202407,3,7,3,15,,6,4,10956,3529,9774,1,7/1/2024
1247,2025,202408,3,6,1,25,,2,4,10948,5094,3048,1,7/1/2024
2687,2025,202408,1,3,1,15,,7,4,10944,5232,7710,1,7/1/2024
466,2025,202408,4,6,4,26,6,3,2,10924,11124,7691,1,7/1/2024
491,2025,202409,1,5,3,9,,6,2,10924,9750,2720,1,7/1/2024
1810,2025,202408,4,7,1,34,,2,3,10922,9336,3284,1,7/1/2024
2245,2025,202408,5,8,3,18,,8,4,10922,10441,4598,1,7/1/2024
2418,2025,202407,2,6,3,8,,8,4,10920,3815,7874,1,7/1/2024
2559,2025,202409,4,3,4,39,19,4,2,10920,6546,11665,1,7/1/2024
2789,2025,202408,2,1,1,40,,2,2,10920,6003,4844,1,7/1/2024
1625,2025,202409,2,2,3,16,,4,3,10912,11529,9998,1,7/1/2024
1288,2025,202408,5,7,3,15,,3,3,10910,6334,3170,1,7/1/2024
1613,2025,202409,5,8,4,19,19,8,5,10910,8008,11160,1,7/1/2024
375,2025,202407,1,3,4,39,19,6,2,10908,3374,8846,1,7/1/2024
340,2025,202407,1,8,3,25,,6,5,10906,10339,3579,1,7/1/2024
681,2025,202409,4,5,1,40,,5,2,10898,9991,10467,1,7/1/2024
825,2025,202407,3,6,1,17,,3,1,10896,6700,8541,1,7/1/2024
2710,2025,202408,5,7,4,39,19,4,4,10896,4829,2753,1,7/1/2024
120,2025,202407,2,5,3,26,,8,1,10889,6712,7967,1,7/1/2024
2623,2025,202407,5,8,3,9,,7,3,10884,5117,10515,1,7/1/2024
2375,2025,202407,1,6,3,36,,2,3,10882,11691,6356,1,7/1/2024
1986,2025,202409,3,4,3,27,,3,2,10879,7489,6934,1,7/1/2024
1789,2025,202408,1,1,1,38,,6,4,10877,4036,6729,1,7/1/2024
1825,2025,202407,4,8,2,23,,3,4,10874,3103,5182,1,7/1/2024
2619,2025,202408,1,8,4,31,11,8,5,10872,8050,4136,1,7/1/2024
1890,2025,202407,1,6,4,6,6,7,1,10870,9734,9803,1,7/1/2024
1523,2025,202408,5,6,2,36,,2,2,10867,9998,11817,1,7/1/2024
2562,2025,202408,2,2,4,17,17,5,4,10865,4920,11894,1,7/1/2024
1571,2025,202408,5,3,4,18,18,7,4,10862,6944,4074,1,7/1/2024
1559,2025,202409,5,8,2,39,,6,1,10848,5667,5846,1,7/1/2024
2146,2025,202407,2,5,2,30,,8,1,10848,8232,10967,1,7/1/2024
2200,2025,202407,1,7,2,17,,7,3,10844,6606,6650,1,7/1/2024
363,2025,202408,3,4,4,3,3,7,4,10839,6532,11522,1,7/1/2024
1122,2025,202408,5,4,1,7,,7,5,10839,10800,6784,1,7/1/2024
1377,2025,202407,4,5,3,40,,6,5,10839,3112,3236,1,7/1/2024
2294,2025,202409,5,2,2,40,,8,2,10839,8094,2708,1,7/1/2024
2449,2025,202407,3,6,2,23,,7,5,10839,7446,10570,1,7/1/2024
302,2025,202409,2,4,4,34,14,6,2,10834,7498,3839,1,7/1/2024
326,2025,202408,1,3,4,22,2,1,3,10832,10696,11136,1,7/1/2024
2999,2025,202408,5,7,1,3,,6,5,10829,2867,7148,1,7/1/2024
577,2025,202408,2,5,4,5,5,8,4,10827,9774,10739,1,7/1/2024
1653,2025,202407,5,4,4,32,12,8,5,10827,10212,7198,1,7/1/2024
1953,2025,202407,4,7,4,6,6,5,2,10815,9624,3377,1,7/1/2024
753,2025,202408,1,6,3,8,,1,1,10810,5303,5212,1,7/1/2024
2431,2025,202409,5,7,4,28,8,6,3,10810,10853,8670,1,7/1/2024
2568,2025,202407,3,7,1,10,,1,1,10810,7684,11884,1,7/1/2024
198,2025,202408,4,5,4,24,4,4,1,10806,10100,9944,1,7/1/2024
2140,2025,202407,3,8,4,10,10,3,1,10794,11827,9429,1,7/1/2024
328,2025,202407,5,2,3,11,,8,1,10789,3084,4182,1,7/1/2024
2956,2025,202408,1,2,2,32,,5,5,10789,4162,6589,1,7/1/2024
2032,2025,202407,2,5,2,10,,2,2,10784,7324,5010,1,7/1/2024
2313,2025,202408,3,6,4,25,5,6,4,10782,4286,11208,1,7/1/2024
485,2025,202407,3,5,3,19,,5,4,10777,10212,10172,1,7/1/2024
2828,2025,202408,3,4,1,27,,1,3,10777,4420,2622,1,7/1/2024
1495,2025,202408,3,7,4,31,11,8,2,10774,3027,6012,1,7/1/2024
240,2025,202407,2,7,3,37,,5,2,10772,10962,4358,1,7/1/2024
1842,2025,202409,5,2,4,35,15,1,2,10770,10824,6496,1,7/1/2024
722,2025,202409,5,8,3,26,,5,3,10767,4660,11853,1,7/1/2024
1848,2025,202407,1,7,1,30,,5,4,10758,9786,10915,1,7/1/2024
886,2025,202409,1,6,3,37,,5,5,10753,10365,9958,1,7/1/2024
1893,2025,202407,3,1,3,37,,2,3,10753,9877,6456,1,7/1/2024
1610,2025,202407,1,8,1,2,,1,2,10741,5884,4522,1,7/1/2024
2250,2025,202408,2,5,4,37,17,2,4,10736,9120,3294,1,7/1/2024
708,2025,202408,5,1,4,26,6,7,5,10727,3884,3274,1,7/1/2024
1098,2025,202407,5,5,3,37,,8,3,10727,4972,5427,1,7/1/2024
2315,2025,202408,2,7,2,39,,2,2,10727,10874,3874,1,7/1/2024
770,2025,202408,5,5,2,36,,7,2,10724,11522,7982,1,7/1/2024
42,2025,202409,5,5,2,16,,7,2,10722,7006,10322,1,7/1/2024
1833,2025,202408,1,2,4,31,11,4,2,10720,4489,4189,1,7/1/2024
2188,2025,202407,3,4,1,2,,3,3,10715,6194,3989,1,7/1/2024
2841,2025,202409,5,6,4,14,14,6,4,10712,10772,4308,1,7/1/2024
1156,2025,202407,5,1,1,27,,5,5,10708,7812,2546,1,7/1/2024
611,2025,202408,4,1,2,24,,2,4,10700,8208,11739,1,7/1/2024
413,2025,202409,3,2,2,17,,8,5,10698,6703,5646,1,7/1/2024
2831,2025,202408,2,1,2,13,,3,4,10698,10174,5320,1,7/1/2024
1385,2025,202409,1,6,4,35,15,7,4,10691,4408,10060,1,7/1/2024
1389,2025,202408,4,5,3,4,,3,3,10689,6670,10532,1,7/1/2024
25,2025,202407,1,3,3,36,,2,1,10686,10391,9627,1,7/1/2024
188,2025,202409,1,7,3,22,,5,3,10679,2553,9879,1,7/1/2024
790,2025,202408,1,7,4,6,6,2,5,10679,2558,9310,1,7/1/2024
2254,2025,202407,3,7,3,24,,6,3,10677,6277,7703,1,7/1/2024
2330,2025,202408,2,7,4,31,11,5,5,10677,2822,3662,1,7/1/2024
336,2025,202409,2,8,3,8,,4,1,10674,9560,8448,1,7/1/2024
590,2025,202408,4,1,1,35,,4,3,10674,7772,8139,1,7/1/2024
878,2025,202409,5,5,2,14,,5,2,10674,4906,8439,1,7/1/2024
1201,2025,202408,2,3,2,6,,2,5,10672,10882,9344,1,7/1/2024
2427,2025,202409,4,4,1,13,,2,5,10672,8503,11556,1,7/1/2024
2727,2025,202409,4,2,2,8,,2,5,10672,10248,7779,1,7/1/2024
663,2025,202408,1,1,1,25,,6,2,10670,6315,2672,1,7/1/2024
2143,2025,202407,1,1,3,11,,7,4,10665,7100,7548,1,7/1/2024
750,2025,202409,3,5,2,26,,7,4,10662,10406,3841,1,7/1/2024
1089,2025,202408,1,1,3,40,,2,5,10662,10650,5650,1,7/1/2024
232,2025,202407,2,8,4,21,1,2,4,10660,11003,10124,1,7/1/2024
1468,2025,202408,2,2,4,26,6,5,4,10660,3739,11722,1,7/1/2024
1963,2025,202408,4,2,3,8,,6,1,10660,3660,9820,1,7/1/2024
2214,2025,202408,1,6,1,21,,5,2,10660,11744,9322,1,7/1/2024
214,2025,202408,1,8,4,4,4,5,5,10656,6139,10036,1,7/1/2024
649,2025,202407,3,8,2,23,,4,2,10656,11832,9786,1,7/1/2024
1838,2025,202409,2,1,2,17,,2,1,10656,5817,4853,1,7/1/2024
82,2025,202409,5,7,4,13,13,3,5,10650,8222,8884,1,7/1/2024
1515,2025,202408,5,8,4,25,5,2,2,10650,5098,11279,1,7/1/2024
789,2025,202407,3,7,1,1,,2,2,10646,3315,7529,1,7/1/2024
768,2025,202407,3,1,1,25,,8,1,10641,6915,2453,1,7/1/2024
313,2025,202408,3,5,2,2,,6,2,10639,3365,2700,1,7/1/2024
1198,2025,202407,5,4,4,19,19,6,1,10639,3789,4806,1,7/1/2024
2235,2025,202408,4,2,2,7,,7,2,10636,3117,6179,1,7/1/2024
504,2025,202407,1,5,4,12,12,4,1,10627,6412,3308,1,7/1/2024
2925,2025,202408,5,5,1,15,,5,5,10622,8310,11498,1,7/1/2024
593,2025,202409,2,8,1,40,,4,5,10617,9724,2482,1,7/1/2024
996,2025,202407,3,1,3,31,,8,1,10617,11544,6186,1,7/1/2024
2269,2025,202409,4,4,1,7,,5,2,10617,9117,9279,1,7/1/2024
1269,2025,202408,1,7,3,9,,4,4,10615,9100,6541,1,7/1/2024
1815,2025,202408,1,8,4,28,8,6,5,10612,7441,10267,1,7/1/2024
2943,2025,202408,1,3,3,28,,5,2,10612,9450,8462,1,7/1/2024
50,2025,202407,5,6,4,20,20,8,1,10610,9900,11391,1,7/1/2024
1507,2025,202408,5,6,4,1,1,7,2,10598,7420,10844,1,7/1/2024
2634,2025,202409,2,1,1,33,,6,3,10596,8229,6712,1,7/1/2024
2804,2025,202409,1,3,3,37,,7,4,10591,5974,4303,1,7/1/2024
1596,2025,202407,5,6,3,7,,7,5,10589,4079,4429,1,7/1/2024
2100,2025,202407,4,5,4,30,10,6,1,10589,6291,11670,1,7/1/2024
171,2025,202408,4,4,1,1,,2,2,10586,7994,7289,1,7/1/2024
1368,2025,202407,4,1,4,33,13,3,5,10582,4265,8239,1,7/1/2024
2639,2025,202409,1,2,2,31,,8,5,10582,8515,11353,1,7/1/2024
501,2025,202407,1,8,4,19,19,6,5,10579,7467,7015,1,7/1/2024
1268,2025,202409,2,1,4,31,11,1,2,10574,9246,5200,1,7/1/2024
730,2025,202407,1,6,3,34,,8,3,10572,10344,2446,1,7/1/2024
2783,2025,202408,3,3,1,21,,3,1,10572,10596,6689,1,7/1/2024
1806,2025,202407,4,6,1,5,,5,4,10567,6510,9662,1,7/1/2024
2576,2025,202409,1,4,2,35,,7,2,10567,4284,10794,1,7/1/2024
365,2025,202409,4,4,1,12,,1,4,10560,5786,3370,1,7/1/2024
1358,2025,202409,5,5,1,22,,6,5,10558,4786,7467,1,7/1/2024
719,2025,202408,1,4,2,36,,5,4,10553,9117,5598,1,7/1/2024
1540,2025,202407,3,1,4,10,10,2,1,10553,4510,2924,1,7/1/2024
190,2025,202407,5,3,3,26,,5,5,10550,9808,4184,1,7/1/2024
2503,2025,202407,3,2,1,22,,8,4,10548,6358,10306,1,7/1/2024
829,2025,202408,5,4,4,3,3,6,4,10546,11770,7048,1,7/1/2024
2584,2025,202408,5,8,4,6,6,7,5,10544,2758,9184,1,7/1/2024
941,2025,202409,4,2,3,6,,2,4,10541,7294,9596,1,7/1/2024
245,2025,202407,3,5,2,2,,5,4,10539,11158,10653,1,7/1/2024
935,2025,202408,4,5,2,37,,3,4,10539,11720,4420,1,7/1/2024
1396,2025,202409,3,7,3,16,,6,3,10534,11229,8056,1,7/1/2024
682,2025,202407,2,5,3,6,,4,1,10524,10915,2853,1,7/1/2024
1357,2025,202409,4,6,1,19,,2,1,10524,9694,5186,1,7/1/2024
1234,2025,202408,4,6,3,21,,6,5,10520,7970,8986,1,7/1/2024
2037,2025,202407,2,8,3,3,,8,3,10520,7953,6750,1,7/1/2024
2834,2025,202408,5,5,2,11,,8,4,10515,4615,9070,1,7/1/2024
2745,2025,202409,1,7,2,6,,3,2,10510,4936,2908,1,7/1/2024
2877,2025,202407,2,1,1,21,,5,5,10508,5027,9746,1,7/1/2024
1510,2025,202407,5,8,2,29,,8,5,10506,5917,7772,1,7/1/2024
2271,2025,202407,2,7,2,1,,3,2,10500,3567,8272,1,7/1/2024
2728,2025,202407,3,4,1,4,,8,5,10500,6360,6829,1,7/1/2024
1165,2025,202407,1,2,4,4,4,5,5,10498,4174,11724,1,7/1/2024
1278,2025,202408,4,1,3,16,,4,1,10498,11039,10062,1,7/1/2024
2069,2025,202407,2,7,2,8,,6,4,10498,6408,8420,1,7/1/2024
1459,2025,202407,5,2,2,8,,1,4,10494,8082,10265,1,7/1/2024
1970,2025,202407,1,2,3,21,,2,5,10486,10617,10848,1,7/1/2024
1325,2025,202409,2,1,4,35,15,5,1,10484,9732,3550,1,7/1/2024
2221,2025,202407,3,6,3,36,,6,1,10484,9872,4803,1,7/1/2024
1849,2025,202408,3,6,4,26,6,7,3,10470,6820,6746,1,7/1/2024
2878,2025,202409,2,4,4,30,10,5,2,10470,10753,4756,1,7/1/2024
199,2025,202409,3,1,4,31,11,8,3,10467,3253,10267,1,7/1/2024
194,2025,202409,3,5,4,1,1,2,2,10465,11603,2732,1,7/1/2024
263,2025,202408,5,6,2,8,,3,3,10460,5303,8774,1,7/1/2024
41,2025,202409,4,6,4,22,2,4,5,10453,7200,3294,1,7/1/2024
748,2025,202408,4,3,2,6,,8,1,10453,6553,10974,1,7/1/2024
613,2025,202408,3,6,3,12,,4,4,10450,3850,4994,1,7/1/2024
1742,2025,202407,3,2,2,19,,2,2,10450,10596,10936,1,7/1/2024
391,2025,202407,2,5,3,19,,5,1,10448,11824,11327,1,7/1/2024
2180,2025,202408,4,3,3,21,,5,2,10439,7074,6650,1,7/1/2024
476,2025,202408,5,7,3,5,,4,5,10432,2946,6134,1,7/1/2024
1022,2025,202407,1,5,4,10,10,7,2,10429,4953,7300,1,7/1/2024
2537,2025,202409,3,7,2,25,,7,5,10424,9279,9050,1,7/1/2024
2055,2025,202409,4,1,4,29,9,3,4,10408,7900,6346,1,7/1/2024
2523,2025,202408,5,5,1,36,,2,3,10406,7765,11906,1,7/1/2024
2521,2025,202407,3,7,3,18,,8,3,10400,4072,8294,1,7/1/2024
2654,2025,202409,4,7,1,2,,3,3,10396,2810,2929,1,7/1/2024
131,2025,202407,2,8,1,12,,2,4,10394,11603,8136,1,7/1/2024
46,2025,202409,3,2,2,3,,8,5,10389,3622,5815,1,7/1/2024
2067,2025,202408,2,3,2,2,,5,5,10389,2522,6417,1,7/1/2024
2117,2025,202408,5,3,2,8,,3,2,10386,6741,3756,1,7/1/2024
893,2025,202407,4,8,4,36,16,1,5,10382,5394,3870,1,7/1/2024
2333,2025,202409,5,5,1,31,,6,3,10382,8115,11191,1,7/1/2024
289,2025,202409,5,6,3,10,,2,5,10379,6141,9372,1,7/1/2024
2557,2025,202408,5,7,1,21,,7,3,10377,10615,11458,1,7/1/2024
1498,2025,202409,1,1,4,38,18,2,5,10374,8134,2736,1,7/1/2024
2782,2025,202407,2,3,3,13,,2,5,10374,8029,6639,1,7/1/2024
2922,2025,202407,1,3,3,40,,6,4,10374,10879,11265,1,7/1/2024
2444,2025,202407,2,7,1,26,,6,5,10370,11386,11632,1,7/1/2024
1464,2025,202408,2,5,3,28,,6,4,10365,8824,8179,1,7/1/2024
1900,2025,202407,1,2,4,26,6,3,3,10365,6774,8620,1,7/1/2024
2797,2025,202407,1,2,3,8,,3,2,10358,3515,5822,1,7/1/2024
1665,2025,202408,2,1,4,11,11,6,5,10356,4191,2894,1,7/1/2024
259,2025,202407,2,7,2,36,,5,3,10348,8665,7158,1,7/1/2024
698,2025,202409,3,3,2,2,,5,5,10344,10970,5679,1,7/1/2024
2030,2025,202407,4,2,2,18,,5,2,10344,9162,5953,1,7/1/2024
2179,2025,202409,3,2,2,2,,5,4,10344,8191,8939,1,7/1/2024
2469,2025,202407,5,2,2,27,,3,2,10341,4953,9217,1,7/1/2024
2574,2025,202409,4,4,4,36,16,8,4,10341,8032,5136,1,7/1/2024
625,2025,202409,1,2,3,39,,3,2,10339,8972,7034,1,7/1/2024
2973,2025,202407,4,8,1,37,,6,1,10339,2691,9906,1,7/1/2024
454,2025,202409,5,2,3,12,,5,5,10334,8458,10156,1,7/1/2024
2128,2025,202407,4,8,3,10,,2,1,10332,4924,2706,1,7/1/2024
2649,2025,202408,4,2,2,38,,6,2,10327,6600,2608,1,7/1/2024
1388,2025,202407,1,5,4,17,17,2,5,10322,7244,7198,1,7/1/2024
2215,2025,202408,1,2,1,28,,5,1,10315,2796,8508,1,7/1/2024
915,2025,202407,2,8,2,32,,3,3,10312,2922,4136,1,7/1/2024
1670,2025,202407,4,1,2,20,,4,3,10312,7150,4577,1,7/1/2024
852,2025,202407,2,2,1,33,,4,2,10306,10646,9665,1,7/1/2024
2854,2025,202408,1,3,1,12,,3,5,10306,5158,3072,1,7/1/2024
2771,2025,202408,1,2,3,38,,5,2,10298,10908,4820,1,7/1/2024
680,2025,202407,2,3,3,18,,6,1,10296,8865,11717,1,7/1/2024
1216,2025,202407,1,4,2,21,,4,5,10291,5832,9662,1,7/1/2024
771,2025,202408,5,4,2,39,,7,5,10286,6129,4186,1,7/1/2024
2409,2025,202409,1,6,3,36,,6,5,10286,8822,7008,1,7/1/2024
2530,2025,202407,4,7,3,28,,8,3,10277,5220,6227,1,7/1/2024
1303,2025,202408,1,8,1,4,,2,1,10274,5946,2691,1,7/1/2024
2285,2025,202407,3,6,2,22,,6,1,10272,3041,5358,1,7/1/2024
686,2025,202409,3,2,4,26,6,6,2,10267,9889,9456,1,7/1/2024
1092,2025,202408,3,4,4,18,18,5,4,10267,8108,6574,1,7/1/2024
1099,2025,202407,5,1,4,36,16,6,4,10265,9322,10272,1,7/1/2024
762,2025,202408,4,2,4,32,12,1,1,10262,9148,9317,1,7/1/2024
1271,2025,202408,2,6,2,25,,3,3,10262,9065,8998,1,7/1/2024
438,2025,202409,1,8,4,36,16,8,4,10260,11841,9262,1,7/1/2024
1990,2025,202409,2,6,3,33,,5,1,10260,7329,10310,1,7/1/2024
2415,2025,202408,1,5,4,6,6,6,5,10241,5991,10444,1,7/1/2024
2539,2025,202409,1,6,1,9,,1,1,10239,8317,6615,1,7/1/2024
1685,2025,202409,3,5,2,18,,6,2,10236,8315,11736,1,7/1/2024
2535,2025,202409,3,3,2,16,,8,1,10234,9989,6891,1,7/1/2024
2809,2025,202408,5,3,3,26,,8,5,10232,11258,8596,1,7/1/2024
2485,2025,202407,5,4,1,30,,4,4,10227,10779,7396,1,7/1/2024
2560,2025,202407,1,1,3,29,,8,2,10227,5796,8044,1,7/1/2024
2894,2025,202407,5,8,3,12,,6,5,10217,3691,6053,1,7/1/2024
2991,2025,202409,1,5,2,5,,7,4,10217,10182,7941,1,7/1/2024
439,2025,202407,2,4,1,28,,7,4,10208,10215,8610,1,7/1/2024
1952,2025,202408,2,8,1,22,,5,4,10208,7832,11450,1,7/1/2024
1541,2025,202407,1,5,2,3,,2,2,10206,4141,5098,1,7/1/2024
2837,2025,202409,3,8,1,6,,2,4,10200,7520,11748,1,7/1/2024
960,2025,202408,5,7,4,27,7,2,2,10198,7174,10700,1,7/1/2024
1780,2025,202409,5,5,3,1,,4,1,10198,11653,2627,1,7/1/2024
488,2025,202407,4,2,1,12,,6,1,10194,4024,8534,1,7/1/2024
877,2025,202409,3,3,1,11,,7,2,10194,7310,11524,1,7/1/2024
1338,2025,202407,1,4,3,32,,6,5,10191,3977,9786,1,7/1/2024
1255,2025,202407,3,6,3,25,,5,3,10189,7689,4948,1,7/1/2024
268,2025,202408,1,3,4,34,14,3,4,10186,6048,8115,1,7/1/2024
1967,2025,202407,5,8,1,23,,8,3,10184,9224,5367,1,7/1/2024
1871,2025,202409,4,2,3,3,,3,4,10179,5020,7110,1,7/1/2024
2593,2025,202407,2,8,3,20,,3,3,10165,3120,7332,1,7/1/2024
2468,2025,202408,5,6,3,14,,6,2,10162,4929,9665,1,7/1/2024
2716,2025,202408,4,8,4,19,19,2,4,10162,4903,6182,1,7/1/2024
832,2025,202408,1,4,4,11,11,4,1,10158,3241,2456,1,7/1/2024
43,2025,202409,1,7,2,35,,2,2,10156,10627,4229,1,7/1/2024
2323,2025,202408,2,4,4,23,3,7,5,10153,2834,4850,1,7/1/2024
1708,2025,202407,2,6,2,3,,2,1,10144,4548,3196,1,7/1/2024
589,2025,202409,5,8,4,37,17,6,4,10132,10670,3882,1,7/1/2024
2249,2025,202407,3,6,2,23,,2,4,10129,2798,9594,1,7/1/2024
2844,2025,202409,5,8,2,33,,1,2,10127,3677,10650,1,7/1/2024
1197,2025,202409,3,2,4,22,2,8,2,10124,11874,10772,1,7/1/2024
411,2025,202409,3,1,3,25,,7,4,10122,7467,9508,1,7/1/2024
518,2025,202409,1,3,3,30,,3,1,10120,7639,10536,1,7/1/2024
253,2025,202409,2,3,3,19,,1,1,10117,5706,4412,1,7/1/2024
2939,2025,202409,1,5,4,23,3,4,1,10117,6612,4796,1,7/1/2024
1438,2025,202408,3,2,3,5,,5,4,10112,9274,11900,1,7/1/2024
1722,2025,202409,3,6,4,36,16,5,3,10106,11327,10056,1,7/1/2024
1284,2025,202409,1,2,3,17,,7,4,10098,7308,4674,1,7/1/2024
59,2025,202408,2,3,2,2,,3,3,10096,3308,3782,1,7/1/2024
2801,2025,202407,3,2,4,30,10,4,4,10094,7748,8896,1,7/1/2024
1257,2025,202409,1,6,4,37,17,1,5,10089,5027,2874,1,7/1/2024
159,2025,202407,3,2,3,29,,4,4,10082,3448,10546,1,7/1/2024
2192,2025,202408,5,7,2,15,,3,2,10079,3312,3334,1,7/1/2024
2491,2025,202409,2,4,4,25,5,6,3,10079,7053,5244,1,7/1/2024
788,2025,202407,5,8,1,15,,8,2,10077,8122,7648,1,7/1/2024
37,2025,202407,2,2,4,30,10,2,1,10074,4465,3956,1,7/1/2024
299,2025,202408,2,1,4,8,8,5,3,10074,9629,9622,1,7/1/2024
2073,2025,202407,4,7,1,15,,3,1,10072,9148,4236,1,7/1/2024
2512,2025,202409,1,1,2,14,,4,3,10070,9453,4415,1,7/1/2024
1773,2025,202409,3,2,4,25,5,3,2,10062,8374,11212,1,7/1/2024
2039,2025,202407,1,3,3,17,,5,2,10060,7882,7700,1,7/1/2024
1969,2025,202407,2,5,2,20,,1,5,10056,9453,5596,1,7/1/2024
458,2025,202409,2,7,2,36,,1,5,10048,10962,4889,1,7/1/2024
2896,2025,202408,4,8,2,29,,8,4,10048,11648,4298,1,7/1/2024
617,2025,202408,3,5,4,9,9,1,4,10046,6710,4348,1,7/1/2024
2428,2025,202408,4,1,2,5,,3,1,10046,2422,5141,1,7/1/2024
645,2025,202407,3,1,3,2,,1,4,10044,6067,9200,1,7/1/2024
2680,2025,202407,3,8,2,14,,7,5,10041,4153,3941,1,7/1/2024
766,2025,202408,3,6,4,2,2,3,5,10036,7108,7877,1,7/1/2024
2105,2025,202408,5,5,3,10,,8,3,10032,4020,10732,1,7/1/2024
1439,2025,202409,4,1,2,13,,3,4,10029,6820,5860,1,7/1/2024
2334,2025,202407,3,3,4,4,4,1,1,10027,7900,3794,1,7/1/2024
28,2025,202408,3,2,4,23,3,3,4,10024,10494,5022,1,7/1/2024
2380,2025,202408,5,5,4,15,15,7,1,10017,7820,7098,1,7/1/2024
2343,2025,202407,5,4,2,23,,5,5,10015,2586,2924,1,7/1/2024
1136,2025,202409,3,6,2,21,,3,3,10008,5534,9648,1,7/1/2024
1430,2025,202408,1,7,1,38,,3,4,10008,2515,9491,1,7/1/2024
2361,2025,202409,3,8,3,31,,3,3,10008,4856,4136,1,7/1/2024
2544,2025,202409,1,3,2,16,,8,5,10008,7650,10879,1,7/1/2024
513,2025,202408,1,2,3,20,,3,1,10006,8953,3108,1,7/1/2024
406,2025,202407,5,7,4,25,5,5,3,10003,4341,8129,1,7/1/2024
2645,2025,202408,2,4,2,31,,6,2,10000,5694,3848,1,7/1/2024
776,2025,202407,3,4,2,36,,7,5,9998,7344,3332,1,7/1/2024
865,2025,202407,4,2,4,21,1,7,2,9998,9477,6770,1,7/1/2024
734,2025,202408,3,2,3,18,,8,2,9996,3494,10396,1,7/1/2024
22,2025,202407,5,3,2,6,,1,3,9994,10470,9706,1,7/1/2024
669,2025,202409,1,4,3,13,,2,1,9991,6874,9436,1,7/1/2024
860,2025,202407,3,8,1,16,,2,4,9991,7989,4756,1,7/1/2024
1945,2025,202409,5,4,4,11,11,3,2,9991,9353,9865,1,7/1/2024
2592,2025,202409,2,2,3,24,,1,3,9991,4336,8550,1,7/1/2024
1361,2025,202409,1,6,3,34,,6,3,9984,7184,8815,1,7/1/2024
2107,2025,202409,1,7,1,9,,3,5,9984,5791,6398,1,7/1/2024
2371,2025,202408,1,8,3,21,,7,5,9982,4439,6406,1,7/1/2024
2489,2025,202409,5,4,4,32,12,4,5,9982,5512,10084,1,7/1/2024
1081,2025,202407,5,4,4,10,10,2,1,9979,5079,6020,1,7/1/2024
2317,2025,202408,5,5,2,33,,2,5,9979,3708,3794,1,7/1/2024
2125,2025,202407,1,1,3,35,,8,5,9974,2622,10794,1,7/1/2024
2127,2025,202408,2,3,3,27,,6,5,9974,7758,7389,1,7/1/2024
2585,2025,202408,2,5,1,25,,2,1,9970,6058,3212,1,7/1/2024
2604,2025,202407,5,5,1,17,,7,3,9950,11844,6479,1,7/1/2024
1672,2025,202409,2,5,4,19,19,5,3,9948,3836,3306,1,7/1/2024
208,2025,202408,3,8,3,35,,4,4,9936,9227,3365,1,7/1/2024
487,2025,202408,4,4,2,22,,8,2,9934,5439,6708,1,7/1/2024
2109,2025,202408,2,5,4,21,1,2,3,9929,5139,6520,1,7/1/2024
2876,2025,202408,5,5,1,20,,1,1,9929,9996,4746,1,7/1/2024
1739,2025,202407,3,8,4,22,2,7,5,9924,6479,10927,1,7/1/2024
1566,2025,202407,2,2,2,9,,2,1,9922,6408,5962,1,7/1/2024
2256,2025,202409,1,7,4,16,16,3,1,9920,9570,10244,1,7/1/2024
2149,2025,202407,5,5,3,37,,1,4,9917,6232,10674,1,7/1/2024
486,2025,202408,1,4,1,35,,2,5,9915,11296,10598,1,7/1/2024
63,2025,202407,2,4,2,17,,6,5,9912,10670,2667,1,7/1/2024
1855,2025,202408,1,4,4,7,7,6,2,9908,3384,11896,1,7/1/2024
1919,2025,202407,2,6,2,20,,8,4,9908,4546,9915,1,7/1/2024
2832,2025,202409,3,1,4,7,7,2,5,9906,7106,8012,1,7/1/2024
2707,2025,202408,3,7,3,27,,4,3,9900,9553,3570,1,7/1/2024
1989,2025,202408,5,6,1,35,,2,4,9896,2660,4856,1,7/1/2024
714,2025,202409,2,7,4,18,18,1,3,9889,8715,8508,1,7/1/2024
2396,2025,202409,3,3,4,18,18,1,5,9889,5265,10727,1,7/1/2024
2772,2025,202409,4,3,4,23,3,2,3,9886,7391,4791,1,7/1/2024
2949,2025,202408,3,5,1,13,,2,2,9879,5717,6936,1,7/1/2024
1336,2025,202407,5,2,2,19,,7,3,9877,4741,2715,1,7/1/2024
2617,2025,202408,2,2,2,21,,2,5,9877,9941,10370,1,7/1/2024
870,2025,202408,1,6,2,24,,1,2,9872,11798,8650,1,7/1/2024
125,2025,202407,2,5,3,6,,1,3,9870,5106,5141,1,7/1/2024
1128,2025,202408,2,3,2,1,,3,1,9870,5050,7653,1,7/1/2024
696,2025,202407,5,2,1,14,,5,2,9862,8639,11250,1,7/1/2024
40,2025,202407,2,1,1,15,,7,4,9858,3296,10596,1,7/1/2024
475,2025,202407,3,1,4,19,19,1,1,9858,3212,6946,1,7/1/2024
1322,2025,202409,1,3,1,15,,5,2,9853,6574,9300,1,7/1/2024
2651,2025,202409,3,3,2,40,,5,1,9850,7094,4520,1,7/1/2024
248,2025,202409,5,5,1,18,,6,1,9846,10522,10903,1,7/1/2024
2845,2025,202409,5,7,3,33,,2,4,9846,6439,2915,1,7/1/2024
2374,2025,202408,1,5,4,8,8,2,2,9839,5391,10994,1,7/1/2024
1088,2025,202408,4,6,4,6,6,7,1,9829,3948,5072,1,7/1/2024
857,2025,202408,4,5,3,40,,2,3,9822,6882,11117,1,7/1/2024
1108,2025,202409,4,3,3,33,,7,2,9817,5322,5622,1,7/1/2024
90,2025,202407,2,4,3,25,,2,5,9812,9594,7512,1,7/1/2024
1944,2025,202408,3,4,1,39,,8,1,9808,5134,5253,1,7/1/2024
937,2025,202409,4,5,1,35,,7,5,9806,9008,11039,1,7/1/2024
511,2025,202407,3,2,3,22,,6,4,9800,10891,2694,1,7/1/2024
1095,2025,202408,3,5,2,17,,3,5,9800,7370,11146,1,7/1/2024
1895,2025,202408,3,8,3,4,,3,1,9800,9334,5841,1,7/1/2024
930,2025,202407,3,1,2,28,,6,1,9796,10027,10272,1,7/1/2024
2883,2025,202409,2,6,3,32,,1,1,9796,6470,2632,1,7/1/2024
2959,2025,202407,5,6,2,27,,3,4,9779,9641,7658,1,7/1/2024
1105,2025,202408,2,2,3,10,,1,3,9777,11606,7294,1,7/1/2024
338,2025,202407,2,3,1,12,,1,5,9774,2779,3539,1,7/1/2024
2239,2025,202407,4,4,1,25,,6,4,9772,3810,2656,1,7/1/2024
1700,2025,202408,4,6,1,21,,6,2,9770,9058,6098,1,7/1/2024
1666,2025,202408,5,5,2,7,,3,5,9765,5279,11120,1,7/1/2024
464,2025,202409,1,5,2,15,,2,1,9762,10172,6377,1,7/1/2024
2715,2025,202408,5,2,1,24,,5,2,9758,11479,6156,1,7/1/2024
2046,2025,202408,5,2,2,8,,2,4,9756,5284,10024,1,7/1/2024
2940,2025,202409,5,1,3,12,,1,1,9748,2470,7382,1,7/1/2024
1159,2025,202407,5,5,2,31,,4,3,9746,5836,10336,1,7/1/2024
1845,2025,202409,3,7,4,11,11,8,5,9744,10206,8734,1,7/1/2024
658,2025,202409,4,1,2,18,,3,5,9741,2408,11608,1,7/1/2024
1857,2025,202407,5,2,4,11,11,5,1,9741,11677,8848,1,7/1/2024
104,2025,202407,3,8,1,23,,5,3,9734,8279,11746,1,7/1/2024
2248,2025,202407,2,5,3,17,,2,5,9734,10229,5850,1,7/1/2024
2456,2025,202409,5,7,2,15,,4,1,9734,6179,2491,1,7/1/2024
650,2025,202407,2,6,4,10,10,7,2,9727,10448,11600,1,7/1/2024
1327,2025,202409,3,8,3,21,,5,2,9727,7058,9200,1,7/1/2024
1957,2025,202407,4,4,1,4,,3,4,9727,2582,9734,1,7/1/2024
2731,2025,202409,5,7,2,10,,1,5,9720,7100,9429,1,7/1/2024
1181,2025,202408,1,4,2,6,,5,4,9712,9856,3139,1,7/1/2024
692,2025,202408,1,6,4,15,15,6,2,9706,2508,4436,1,7/1/2024
2935,2025,202408,3,7,3,20,,6,5,9703,11253,6541,1,7/1/2024
2985,2025,202408,1,6,2,39,,1,4,9703,5117,9048,1,7/1/2024
1522,2025,202409,5,4,3,5,,5,1,9700,5846,3415,1,7/1/2024
2791,2025,202407,2,4,2,26,,6,5,9700,11548,11527,1,7/1/2024
2975,2025,202408,1,3,2,6,,1,5,9686,10853,9791,1,7/1/2024
671,2025,202409,4,7,1,3,,8,1,9684,5127,8077,1,7/1/2024
2743,2025,202408,2,8,1,11,,5,3,9684,4846,4844,1,7/1/2024
1921,2025,202408,4,1,3,6,,8,5,9679,2974,4189,1,7/1/2024
62,2025,202407,2,3,4,14,14,8,3,9677,9720,8917,1,7/1/2024
217,2025,202409,4,1,4,13,13,5,1,9674,10420,9782,1,7/1/2024
1928,2025,202407,1,5,1,21,,5,1,9674,2982,3274,1,7/1/2024
2920,2025,202408,1,6,2,6,,2,5,9674,6624,9189,1,7/1/2024
575,2025,202409,5,1,2,39,,6,3,9672,4567,7789,1,7/1/2024
1076,2025,202408,3,8,4,16,16,1,5,9672,10256,10874,1,7/1/2024
2351,2025,202407,2,7,3,25,,6,2,9670,5603,7194,1,7/1/2024
2486,2025,202408,1,3,4,3,3,6,3,9670,11417,3739,1,7/1/2024
2406,2025,202409,5,7,2,23,,6,5,9667,11832,11732,1,7/1/2024
1040,2025,202409,3,6,2,3,,6,3,9665,7429,8765,1,7/1/2024
535,2025,202408,5,5,4,5,5,8,4,9660,6012,4015,1,7/1/2024
636,2025,202407,2,7,2,16,,2,5,9656,7191,6641,1,7/1/2024
2320,2025,202408,4,2,3,35,,1,5,9656,10236,5315,1,7/1/2024
1289,2025,202409,2,6,4,16,16,4,1,9646,8241,11774,1,7/1/2024
2650,2025,202407,3,1,3,13,,7,3,9646,8596,3591,1,7/1/2024
323,2025,202407,3,6,2,17,,5,2,9644,3415,4456,1,7/1/2024
1241,2025,202408,5,3,2,25,,8,3,9641,8256,2453,1,7/1/2024
2627,2025,202409,3,5,3,18,,8,5,9636,3724,6410,1,7/1/2024
1239,2025,202408,1,1,2,39,,7,3,9632,10467,4070,1,7/1/2024
1492,2025,202408,2,7,2,38,,6,2,9629,8039,8836,1,7/1/2024
759,2025,202409,3,6,3,28,,8,1,9627,3420,7146,1,7/1/2024
2763,2025,202407,3,4,2,30,,4,3,9627,4203,8629,1,7/1/2024
1942,2025,202407,5,7,4,30,10,7,5,9612,6124,3182,1,7/1/2024
1705,2025,202408,1,8,1,4,,2,2,9606,3877,7974,1,7/1/2024
343,2025,202408,1,5,3,32,,2,4,9603,10862,8315,1,7/1/2024
285,2025,202409,1,4,3,33,,3,2,9598,9136,10384,1,7/1/2024
1836,2025,202408,1,1,4,26,6,7,1,9598,9962,5429,1,7/1/2024
527,2025,202409,4,2,1,4,,3,3,9594,5472,9256,1,7/1/2024
728,2025,202407,1,3,1,34,,8,2,9591,4944,3096,1,7/1/2024
1487,2025,202408,2,8,4,9,9,7,4,9591,6527,6750,1,7/1/2024
2501,2025,202408,2,2,1,17,,2,2,9586,4858,7289,1,7/1/2024
1636,2025,202409,4,4,4,34,14,4,4,9572,4758,3806,1,7/1/2024
2915,2025,202407,1,3,3,20,,3,4,9570,3698,4194,1,7/1/2024
1102,2025,202408,1,3,3,31,,6,3,9567,7939,11867,1,7/1/2024
20,2025,202408,5,1,2,19,,8,3,9560,6470,10017,1,7/1/2024
1316,2025,202409,5,6,3,3,,4,2,9541,7536,11750,1,7/1/2024
2942,2025,202407,1,5,4,17,17,1,2,9534,3244,6970,1,7/1/2024
1998,2025,202408,3,4,1,25,,7,5,9529,5410,7712,1,7/1/2024
2376,2025,202407,5,3,3,33,,5,1,9527,7110,9196,1,7/1/2024
1063,2025,202407,1,7,3,19,,4,3,9524,6884,8765,1,7/1/2024
2887,2025,202407,1,3,2,36,,2,5,9524,4248,4189,1,7/1/2024
1470,2025,202408,3,7,2,32,,6,5,9522,9417,5303,1,7/1/2024
1896,2025,202409,1,7,1,3,,5,2,9522,10615,7532,1,7/1/2024
370,2025,202408,5,1,2,15,,3,4,9520,4432,9141,1,7/1/2024
1167,2025,202407,3,1,3,9,,5,1,9515,9153,9300,1,7/1/2024
2758,2025,202409,2,3,4,26,6,4,3,9508,8720,8477,1,7/1/2024
2510,2025,202408,1,7,3,18,,6,1,9503,4936,10836,1,7/1/2024
872,2025,202407,3,2,1,18,,7,5,9494,4339,4082,1,7/1/2024
64,2025,202409,2,7,3,27,,7,1,9491,5298,3462,1,7/1/2024
2148,2025,202408,3,2,1,15,,7,1,9491,5898,6129,1,7/1/2024
2329,2025,202409,5,5,3,17,,8,4,9482,4265,11158,1,7/1/2024
579,2025,202407,3,1,1,35,,7,1,9477,3236,5417,1,7/1/2024
2019,2025,202408,3,4,3,7,,7,2,9474,5000,11274,1,7/1/2024
904,2025,202408,5,8,1,20,,4,2,9472,8441,6432,1,7/1/2024
2211,2025,202407,1,7,1,37,,6,3,9470,11241,4236,1,7/1/2024
1178,2025,202407,1,8,2,29,,6,1,9465,4739,7362,1,7/1/2024
161,2025,202407,3,1,3,8,,5,5,9462,11836,5162,1,7/1/2024
70,2025,202409,1,6,2,40,,5,3,9460,5124,8296,1,7/1/2024
1530,2025,202408,3,4,3,23,,4,5,9458,7324,6144,1,7/1/2024
2224,2025,202407,3,2,2,19,,4,3,9453,6812,6567,1,7/1/2024
94,2025,202407,2,8,2,5,,8,4,9444,3124,5089,1,7/1/2024
606,2025,202409,4,7,2,22,,6,2,9441,8824,6850,1,7/1/2024
811,2025,202409,5,4,2,37,,1,4,9441,3262,3348,1,7/1/2024
405,2025,202408,3,7,4,32,12,6,2,9436,9782,10617,1,7/1/2024
1230,2025,202409,1,4,3,28,,7,3,9436,5679,6079,1,7/1/2024
1572,2025,202409,3,8,1,8,,7,4,9436,3653,3260,1,7/1/2024
1910,2025,202408,2,7,1,18,,4,1,9434,7639,7150,1,7/1/2024
1381,2025,202407,1,7,2,17,,8,2,9432,9639,8022,1,7/1/2024
2405,2025,202408,2,4,3,40,,5,3,9427,11439,6991,1,7/1/2024
676,2025,202408,2,5,4,4,4,4,4,9424,4839,2834,1,7/1/2024
1785,2025,202407,4,5,4,22,2,3,4,9422,9812,7084,1,7/1/2024
1637,2025,202409,1,6,4,32,12,6,2,9420,3950,7172,1,7/1/2024
2880,2025,202409,1,8,2,34,,3,1,9420,11694,7498,1,7/1/2024
2244,2025,202409,5,1,4,38,18,5,2,9415,4103,4579,1,7/1/2024
349,2025,202407,5,7,2,4,,7,4,9408,10512,11510,1,7/1/2024
1123,2025,202409,2,5,1,15,,3,5,9406,9091,11865,1,7/1/2024
2009,2025,202407,3,5,3,3,,7,2,9406,6296,3736,1,7/1/2024
2730,2025,202409,2,6,1,11,,7,2,9406,5927,7015,1,7/1/2024
388,2025,202407,1,1,4,15,15,2,2,9400,4396,3915,1,7/1/2024
2754,2025,202409,5,7,2,37,,3,1,9400,8532,9006,1,7/1/2024
1846,2025,202409,1,4,3,18,,7,3,9389,9682,10512,1,7/1/2024
2818,2025,202407,1,3,1,37,,5,3,9382,11246,10736,1,7/1/2024
342,2025,202408,2,5,2,33,,2,2,9379,6836,10946,1,7/1/2024
2417,2025,202407,2,5,3,23,,8,2,9379,7760,2527,1,7/1/2024
1101,2025,202409,1,1,4,28,8,1,4,9377,9406,5717,1,7/1/2024
2780,2025,202408,4,4,1,4,,2,2,9374,9112,10115,1,7/1/2024
2995,2025,202407,3,8,4,1,1,4,4,9372,10215,3260,1,7/1/2024
644,2025,202408,5,1,3,34,,6,4,9362,11079,11300,1,7/1/2024
2203,2025,202408,2,5,3,28,,2,3,9362,2810,6858,1,7/1/2024
715,2025,202407,2,6,2,6,,6,5,9360,11034,7820,1,7/1/2024
2353,2025,202409,4,6,1,13,,7,2,9358,3300,8079,1,7/1/2024
2506,2025,202407,1,3,3,5,,8,4,9358,7244,11065,1,7/1/2024
2550,2025,202407,5,2,3,29,,5,5,9350,5727,3124,1,7/1/2024
265,2025,202409,5,4,1,5,,5,5,9348,9379,10582,1,7/1/2024
1933,2025,202408,4,4,4,26,6,2,4,9348,2958,5848,1,7/1/2024
2252,2025,202409,4,5,2,18,,2,2,9341,9148,10615,1,7/1/2024
745,2025,202408,4,3,2,30,,7,1,9317,10932,6236,1,7/1/2024
2120,2025,202409,1,8,1,36,,3,5,9317,8422,3572,1,7/1/2024
780,2025,202407,4,2,1,36,,2,1,9306,5227,2712,1,7/1/2024
2703,2025,202408,4,5,4,28,8,3,3,9306,5884,9253,1,7/1/2024
2718,2025,202409,3,5,3,23,,4,4,9306,2929,4322,1,7/1/2024
874,2025,202408,4,6,3,27,,8,2,9303,10215,7429,1,7/1/2024
1746,2025,202408,5,3,3,23,,5,2,9303,9582,8708,1,7/1/2024
1718,2025,202408,2,6,4,20,20,1,3,9298,10184,10134,1,7/1/2024
1949,2025,202408,5,1,4,26,6,4,2,9296,2824,3620,1,7/1/2024
1146,2025,202409,4,2,4,29,9,1,4,9294,6374,10658,1,7/1/2024
1263,2025,202407,1,6,3,1,,3,1,9294,2434,4800,1,7/1/2024
1768,2025,202408,5,6,4,28,8,8,3,9286,11827,7886,1,7/1/2024
2567,2025,202409,3,6,3,4,,7,1,9282,5467,9106,1,7/1/2024
2890,2025,202407,3,2,4,34,14,1,1,9279,3103,10646,1,7/1/2024
2345,2025,202409,5,4,1,9,,8,1,9277,7158,11562,1,7/1/2024
227,2025,202407,4,1,3,35,,8,1,9274,9994,4660,1,7/1/2024
2377,2025,202407,1,7,2,4,,7,3,9272,5534,2520,1,7/1/2024
288,2025,202407,4,7,4,31,11,7,2,9270,3086,11320,1,7/1/2024
859,2025,202408,4,5,2,26,,5,3,9265,6039,2748,1,7/1/2024
2083,2025,202409,5,2,4,40,20,6,1,9265,7308,6556,1,7/1/2024
2314,2025,202407,4,4,2,11,,6,1,9262,4674,7046,1,7/1/2024
2684,2025,202408,4,1,3,8,,5,3,9262,3000,3453,1,7/1/2024
2207,2025,202409,1,8,2,15,,5,2,9246,4574,5984,1,7/1/2024
32,2025,202407,3,3,2,9,,8,4,9244,10017,7977,1,7/1/2024
1249,2025,202409,5,5,4,39,19,7,4,9241,3506,6112,1,7/1/2024
169,2025,202408,3,7,4,22,2,3,4,9239,2574,7303,1,7/1/2024
351,2025,202407,3,5,4,2,2,4,3,9239,8724,5265,1,7/1/2024
1275,2025,202408,1,8,3,8,,6,1,9239,3989,3527,1,7/1/2024
1472,2025,202409,5,7,3,17,,3,5,9239,9744,4365,1,7/1/2024
538,2025,202407,5,1,1,34,,3,4,9236,11624,8924,1,7/1/2024
1767,2025,202408,4,8,1,39,,3,4,9236,7872,6832,1,7/1/2024
793,2025,202408,2,8,1,22,,3,1,9222,9503,10167,1,7/1/2024
1633,2025,202409,2,5,2,14,,3,1,9220,8617,6998,1,7/1/2024
1580,2025,202407,4,2,1,3,,5,2,9217,8858,4284,1,7/1/2024
2007,2025,202407,1,8,3,21,,5,1,9217,11446,8260,1,7/1/2024
706,2025,202408,4,2,1,26,,2,2,9215,8258,3286,1,7/1/2024
1292,2025,202408,4,5,1,12,,6,1,9215,11648,3317,1,7/1/2024
2658,2025,202408,3,1,1,3,,5,5,9212,10479,7234,1,7/1/2024
77,2025,202408,2,2,2,5,,7,2,9210,5150,10532,1,7/1/2024
622,2025,202408,5,2,4,22,2,3,1,9210,4215,3970,1,7/1/2024
2280,2025,202408,3,8,1,16,,2,1,9203,4277,8882,1,7/1/2024
1852,2025,202408,4,6,3,22,,2,5,9196,4986,2841,1,7/1/2024
1901,2025,202408,4,3,3,31,,8,5,9196,5965,10458,1,7/1/2024
1491,2025,202407,2,5,2,6,,8,4,9194,3622,11817,1,7/1/2024
462,2025,202409,5,1,1,23,,2,2,9186,7710,5277,1,7/1/2024
1138,2025,202407,1,1,3,10,,7,1,9184,6470,3941,1,7/1/2024
2982,2025,202407,4,2,2,37,,8,4,9184,6667,9770,1,7/1/2024
352,2025,202408,2,1,1,24,,5,2,9179,3960,2550,1,7/1/2024
2921,2025,202407,1,1,3,24,,5,1,9177,4941,9441,1,7/1/2024
1609,2025,202408,3,1,2,25,,4,3,9165,7572,7865,1,7/1/2024
670,2025,202407,2,4,3,25,,1,4,9160,3239,10627,1,7/1/2024
841,2025,202408,2,5,3,36,,3,4,9160,6174,6950,1,7/1/2024
1761,2025,202408,3,7,3,37,,2,3,9160,6974,7210,1,7/1/2024
2295,2025,202407,2,7,4,7,7,3,2,9158,11284,9117,1,7/1/2024
2018,2025,202407,5,6,3,34,,4,4,9156,8808,7472,1,7/1/2024
1155,2025,202407,5,3,3,6,,1,1,9150,5194,2589,1,7/1/2024
2022,2025,202408,5,4,1,29,,8,5,9150,4622,5284,1,7/1/2024
2937,2025,202408,2,5,3,33,,1,1,9150,2477,5882,1,7/1/2024
33,2025,202407,1,3,4,25,5,2,5,9141,7810,3272,1,7/1/2024
2096,2025,202409,4,8,4,38,18,7,1,9136,9556,4229,1,7/1/2024
765,2025,202407,4,8,3,39,,2,4,9134,3310,8706,1,7/1/2024
1850,2025,202409,5,4,1,33,,8,1,9132,4036,4889,1,7/1/2024
1096,2025,202408,1,3,4,31,11,3,2,9124,8953,6117,1,7/1/2024
2602,2025,202407,1,4,1,18,,7,3,9124,10382,9717,1,7/1/2024
145,2025,202409,2,4,3,29,,7,5,9120,8632,2879,1,7/1/2024
1340,2025,202409,2,5,2,31,,7,2,9117,6941,9646,1,7/1/2024
2390,2025,202408,1,6,3,6,,7,4,9117,6403,9362,1,7/1/2024
2291,2025,202409,5,8,4,34,14,4,3,9110,7865,9634,1,7/1/2024
1730,2025,202409,2,6,1,17,,8,2,9103,3715,7286,1,7/1/2024
2185,2025,202409,1,6,3,13,,5,2,9103,11222,8834,1,7/1/2024
1719,2025,202407,3,5,2,20,,7,4,9100,7082,3589,1,7/1/2024
697,2025,202407,1,5,3,13,,5,5,9096,10462,8517,1,7/1/2024
329,2025,202408,4,4,4,9,9,7,4,9091,4208,3815,1,7/1/2024
2008,2025,202408,3,3,3,39,,8,2,9086,10520,6236,1,7/1/2024
1716,2025,202408,2,6,4,10,10,7,3,9084,6236,4260,1,7/1/2024
2297,2025,202408,1,1,4,6,6,1,5,9072,11158,2667,1,7/1/2024
1369,2025,202408,3,6,3,13,,2,1,9070,11294,10591,1,7/1/2024
981,2025,202408,1,7,4,17,17,8,5,9065,10998,3667,1,7/1/2024
202,2025,202408,5,2,2,2,,7,5,9060,7558,4765,1,7/1/2024
1469,2025,202407,1,5,4,32,12,5,3,9058,6586,10012,1,7/1/2024
547,2025,202409,1,1,4,4,4,1,4,9048,5060,11877,1,7/1/2024
460,2025,202407,5,5,4,17,17,7,1,9044,11074,4941,1,7/1/2024
1603,2025,202407,5,1,3,20,,8,5,9044,9329,10020,1,7/1/2024
2480,2025,202409,2,1,1,31,,5,1,9044,11648,6382,1,7/1/2024
1014,2025,202407,2,8,2,40,,7,5,9041,3850,11260,1,7/1/2024
398,2025,202407,1,5,2,17,,2,4,9039,3948,7067,1,7/1/2024
1729,2025,202409,1,2,4,11,11,3,5,9036,11124,8167,1,7/1/2024
1259,2025,202409,4,3,4,38,18,5,3,9027,10708,8562,1,7/1/2024
1057,2025,202409,1,6,3,9,,2,3,9024,11320,5815,1,7/1/2024
1588,2025,202408,4,1,1,35,,6,1,9024,5522,11332,1,7/1/2024
35,2025,202407,3,1,2,38,,4,1,9022,8794,9944,1,7/1/2024
390,2025,202409,2,3,4,10,10,4,5,9022,4653,8882,1,7/1/2024
415,2025,202409,4,8,2,38,,6,3,9022,5079,4724,1,7/1/2024
2500,2025,202408,5,7,1,15,,3,5,9022,8839,8729,1,7/1/2024
1526,2025,202408,2,4,3,21,,6,5,9020,4367,10644,1,7/1/2024
1079,2025,202407,3,3,1,26,,2,5,9012,7065,8808,1,7/1/2024
1788,2025,202407,4,6,2,9,,3,5,9012,3591,6070,1,7/1/2024
2195,2025,202407,4,3,2,4,,4,1,9008,10191,7746,1,7/1/2024
1075,2025,202409,2,8,3,38,,3,3,8996,4994,7598,1,7/1/2024
2461,2025,202409,2,4,1,39,,5,4,8996,9517,10122,1,7/1/2024
7,2025,202409,4,7,2,11,,6,3,8991,3670,8736,1,7/1/2024
2430,2025,202408,2,7,3,25,,2,3,8989,7748,5165,1,7/1/2024
116,2025,202409,5,1,3,28,,4,5,8984,3384,4356,1,7/1/2024
1392,2025,202407,4,3,3,18,,2,2,8984,7410,7712,1,7/1/2024
1258,2025,202407,2,1,1,16,,8,3,8979,7532,5536,1,7/1/2024
543,2025,202409,2,3,2,6,,3,2,8965,3320,7244,1,7/1/2024
287,2025,202409,5,7,3,1,,5,2,8960,3782,6279,1,7/1/2024
1496,2025,202407,2,6,4,31,11,2,3,8960,10184,8158,1,7/1/2024
2198,2025,202409,4,8,3,27,,5,4,8958,10484,4900,1,7/1/2024
1882,2025,202408,1,3,3,8,,4,2,8956,5441,3527,1,7/1/2024
1474,2025,202408,3,3,3,20,,3,1,8953,8144,3253,1,7/1/2024
52,2025,202407,5,4,3,27,,7,3,8948,10515,3467,1,7/1/2024
1618,2025,202407,4,5,1,27,,2,2,8946,2908,10124,1,7/1/2024
2263,2025,202409,5,7,2,24,,5,1,8944,11648,3762,1,7/1/2024
1405,2025,202409,2,6,1,26,,5,5,8941,6994,9065,1,7/1/2024
1802,2025,202408,2,5,1,23,,2,5,8941,10412,2629,1,7/1/2024
528,2025,202409,2,4,1,34,,3,4,8936,11906,4206,1,7/1/2024
631,2025,202409,5,4,1,1,,5,3,8936,7856,5612,1,7/1/2024
1651,2025,202408,3,1,4,40,20,2,2,8936,9877,4970,1,7/1/2024
1202,2025,202409,4,8,3,39,,1,3,8929,6648,5396,1,7/1/2024
235,2025,202407,2,4,3,10,,4,2,8924,9210,6586,1,7/1/2024
54,2025,202409,1,4,4,30,10,8,4,8920,9048,2691,1,7/1/2024
2533,2025,202409,2,4,2,40,,3,4,8917,11144,9136,1,7/1/2024
2742,2025,202407,4,2,4,31,11,5,2,8915,4967,2644,1,7/1/2024
746,2025,202407,5,2,2,12,,4,2,8910,9865,3706,1,7/1/2024
2522,2025,202409,1,3,2,30,,2,3,8910,3900,3224,1,7/1/2024
1819,2025,202409,1,4,4,39,19,7,1,8908,4574,2674,1,7/1/2024
2132,2025,202407,4,3,1,5,,3,1,8906,3053,8444,1,7/1/2024
726,2025,202409,2,7,3,9,,3,3,8900,11817,11422,1,7/1/2024
957,2025,202408,2,7,3,21,,6,4,8900,9150,7627,1,7/1/2024
1699,2025,202409,3,1,2,7,,1,5,8898,3260,10639,1,7/1/2024
168,2025,202408,4,8,4,35,15,4,3,8894,8912,7989,1,7/1/2024
1923,2025,202409,1,2,3,31,,4,5,8891,2844,6256,1,7/1/2024
2286,2025,202408,3,8,1,31,,4,4,8891,5608,5610,1,7/1/2024
863,2025,202409,4,8,1,7,,3,4,8884,6686,4508,1,7/1/2024
2661,2025,202408,1,4,3,10,,4,5,8882,9332,8867,1,7/1/2024
203,2025,202407,2,1,2,12,,6,2,8877,10870,6898,1,7/1/2024
1796,2025,202408,3,7,3,21,,5,5,8877,11027,7779,1,7/1/2024
1835,2025,202409,5,8,3,5,,4,2,8877,10524,6836,1,7/1/2024
435,2025,202408,3,4,3,18,,4,5,8865,4748,5160,1,7/1/2024
2859,2025,202407,5,2,1,31,,8,1,8865,5715,5489,1,7/1/2024
371,2025,202407,5,2,1,31,,1,4,8862,4248,3517,1,7/1/2024
2657,2025,202409,5,1,1,36,,6,5,8860,10910,4465,1,7/1/2024
2478,2025,202408,3,5,1,29,,1,1,8858,6972,3539,1,7/1/2024
800,2025,202408,5,8,3,36,,8,2,8856,5479,5908,1,7/1/2024
1578,2025,202409,1,7,1,32,,1,5,8850,6339,8106,1,7/1/2024
1012,2025,202409,3,2,1,27,,7,2,8848,5853,6350,1,7/1/2024
2191,2025,202407,5,3,4,39,19,8,1,8848,6870,8458,1,7/1/2024
2589,2025,202409,1,8,3,31,,2,3,8848,5506,5979,1,7/1/2024
260,2025,202408,3,7,4,26,6,1,1,8846,7717,9386,1,7/1/2024
888,2025,202407,2,1,2,2,,6,3,8844,5896,7991,1,7/1/2024
918,2025,202408,1,6,2,18,,3,4,8844,10274,10844,1,7/1/2024
1668,2025,202408,3,1,3,39,,4,4,8844,6689,9158,1,7/1/2024
166,2025,202407,4,2,4,19,19,4,5,8841,6160,6206,1,7/1/2024
1697,2025,202407,4,1,1,16,,7,3,8839,5506,5439,1,7/1/2024
2438,2025,202409,4,3,1,20,,2,2,8839,5746,8962,1,7/1/2024
1594,2025,202409,4,4,3,32,,3,4,8836,4972,5148,1,7/1/2024
58,2025,202408,1,3,4,17,17,5,4,8832,7034,3329,1,7/1/2024
114,2025,202409,1,5,3,17,,1,1,8829,8977,3312,1,7/1/2024
1937,2025,202409,4,3,3,9,,3,3,8829,5672,5660,1,7/1/2024
1701,2025,202407,2,1,4,18,18,8,2,8827,9506,5600,1,7/1/2024
2691,2025,202409,5,3,3,15,,1,4,8824,7217,2667,1,7/1/2024
2924,2025,202407,1,3,2,11,,2,5,8824,9665,4765,1,7/1/2024
2961,2025,202408,4,2,3,24,,2,2,8824,7777,3608,1,7/1/2024
637,2025,202408,2,2,1,7,,7,3,8822,5612,8212,1,7/1/2024
149,2025,202408,3,1,2,38,,7,3,8820,5274,3627,1,7/1/2024
2311,2025,202408,3,7,1,26,,1,1,8812,3362,10108,1,7/1/2024
182,2025,202409,2,2,3,22,,7,3,8810,10367,6182,1,7/1/2024
2553,2025,202407,4,8,2,8,,2,3,8808,5536,9889,1,7/1/2024
367,2025,202407,1,1,3,34,,2,1,8806,6344,3208,1,7/1/2024
2331,2025,202407,3,4,1,34,,5,1,8806,6791,3577,1,7/1/2024
1304,2025,202408,3,2,3,21,,4,2,8798,11448,10329,1,7/1/2024
1317,2025,202408,5,7,4,18,18,3,1,8796,3300,6182,1,7/1/2024
1801,2025,202409,5,4,1,11,,2,3,8796,2410,10017,1,7/1/2024
2541,2025,202408,1,5,4,12,12,5,1,8794,8498,5900,1,7/1/2024
15,2025,202408,2,3,1,38,,3,1,8791,5710,5739,1,7/1/2024
451,2025,202407,1,7,2,20,,8,4,8791,11146,5856,1,7/1/2024
1395,2025,202409,5,5,3,11,,5,2,8791,2496,6106,1,7/1/2024
212,2025,202409,1,7,4,11,11,7,3,8784,5706,8058,1,7/1/2024
1354,2025,202408,2,1,1,4,,8,5,8770,5620,3270,1,7/1/2024
2808,2025,202408,3,6,4,20,20,2,1,8770,9982,6106,1,7/1/2024
1753,2025,202409,1,1,2,30,,4,5,8765,8636,8056,1,7/1/2024
2227,2025,202407,4,5,1,31,,3,4,8762,9991,7589,1,7/1/2024
2998,2025,202408,3,3,4,7,7,1,2,8762,8250,5532,1,7/1/2024
334,2025,202407,5,8,4,15,15,3,2,8760,4589,11189,1,7/1/2024
1509,2025,202409,2,6,1,7,,6,4,8758,7770,7534,1,7/1/2024
2134,2025,202408,4,4,4,30,10,1,3,8753,10872,7410,1,7/1/2024
2205,2025,202407,2,3,1,28,,4,2,8750,3344,9422,1,7/1/2024
1226,2025,202407,2,6,1,17,,4,4,8746,8408,6358,1,7/1/2024
2421,2025,202408,1,8,2,28,,8,4,8744,8946,5867,1,7/1/2024
2327,2025,202407,2,8,4,27,7,3,5,8739,2598,4994,1,7/1/2024
1026,2025,202409,5,3,4,15,15,7,5,8736,11122,5284,1,7/1/2024
2389,2025,202409,5,7,1,1,,2,3,8736,5403,2815,1,7/1/2024
1582,2025,202408,3,3,1,37,,1,2,8734,5672,4560,1,7/1/2024
368,2025,202408,1,6,2,31,,1,3,8732,7258,4312,1,7/1/2024
1010,2025,202408,4,4,2,28,,7,4,8729,7458,10906,1,7/1/2024
2359,2025,202408,5,7,4,24,4,2,5,8727,7239,9739,1,7/1/2024
1002,2025,202408,1,4,4,14,14,1,5,8724,7312,11217,1,7/1/2024
1513,2025,202409,5,8,2,24,,5,3,8724,2748,4660,1,7/1/2024
1611,2025,202407,1,6,2,20,,5,2,8724,9070,8639,1,7/1/2024
249,2025,202409,4,6,1,22,,6,3,8720,9565,10600,1,7/1/2024
2964,2025,202407,1,8,3,37,,2,2,8717,5167,8846,1,7/1/2024
2870,2025,202407,2,1,4,32,12,4,3,8712,9470,9491,1,7/1/2024
98,2025,202407,2,3,1,38,,3,4,8703,7094,6032,1,7/1/2024
1621,2025,202408,3,2,4,37,17,5,5,8686,4572,6779,1,7/1/2024
2094,2025,202408,1,4,4,38,18,7,4,8684,11622,8467,1,7/1/2024
2633,2025,202409,4,2,4,16,16,6,1,8684,4236,10982,1,7/1/2024
300,2025,202409,1,3,3,24,,4,4,8682,3574,9703,1,7/1/2024
274,2025,202408,1,3,4,22,2,5,3,8677,5558,9744,1,7/1/2024
868,2025,202408,1,6,2,19,,4,2,8677,3227,2579,1,7/1/2024
108,2025,202408,4,3,2,26,,5,1,8662,5253,7303,1,7/1/2024
2490,2025,202408,2,6,3,21,,4,3,8662,8132,10865,1,7/1/2024
2437,2025,202408,4,5,2,33,,1,2,8660,7262,3967,1,7/1/2024
1390,2025,202408,4,1,4,12,12,5,3,8658,8744,10577,1,7/1/2024
1421,2025,202408,5,6,3,28,,4,4,8656,7862,9606,1,7/1/2024
830,2025,202409,3,8,1,25,,8,3,8653,11410,3870,1,7/1/2024
470,2025,202409,2,2,1,32,,8,2,8648,10832,4315,1,7/1/2024
432,2025,202409,2,7,1,14,,3,5,8644,8589,5210,1,7/1/2024
2874,2025,202409,5,7,1,16,,4,5,8644,5048,8072,1,7/1/2024
833,2025,202409,1,6,3,30,,8,5,8641,2989,8420,1,7/1/2024
2744,2025,202409,2,7,1,7,,7,2,8641,10582,5003,1,7/1/2024
1039,2025,202408,2,5,2,18,,3,4,8634,10694,11467,1,7/1/2024
113,2025,202408,3,6,3,35,,4,2,8629,11210,11310,1,7/1/2024
881,2025,202408,1,8,1,34,,5,1,8627,2970,10939,1,7/1/2024
938,2025,202407,5,2,1,5,,8,3,8627,7884,11706,1,7/1/2024
2857,2025,202408,1,3,3,29,,4,1,8627,8724,10786,1,7/1/2024
2075,2025,202407,2,7,1,13,,6,2,8624,6184,9815,1,7/1/2024
2606,2025,202409,5,5,2,32,,8,2,8624,6077,4936,1,7/1/2024
2063,2025,202408,4,5,2,16,,5,5,8617,11891,7577,1,7/1/2024
561,2025,202407,4,1,2,12,,3,1,8615,5834,3332,1,7/1/2024
1751,2025,202408,1,5,3,21,,8,4,8608,6372,9696,1,7/1/2024
1537,2025,202409,4,5,1,7,,7,4,8606,5856,5994,1,7/1/2024
2515,2025,202409,1,7,3,22,,6,2,8603,2846,10739,1,7/1/2024
376,2025,202407,1,4,3,7,,3,2,8600,3677,9462,1,7/1/2024
1581,2025,202409,1,1,3,12,,7,3,8600,5812,4765,1,7/1/2024
200,2025,202407,1,3,3,2,,5,2,8598,5784,6386,1,7/1/2024
2972,2025,202409,1,1,1,19,,8,3,8594,3232,9136,1,7/1/2024
660,2025,202409,3,2,3,36,,6,2,8586,4636,9677,1,7/1/2024
1017,2025,202407,3,7,3,29,,4,3,8584,7896,9117,1,7/1/2024
1051,2025,202408,3,8,3,21,,7,1,8584,4846,10850,1,7/1/2024
1927,2025,202408,5,2,3,14,,2,3,8584,7989,11129,1,7/1/2024
521,2025,202408,3,4,4,33,13,8,1,8577,3720,4948,1,7/1/2024
2413,2025,202408,3,5,3,7,,6,2,8577,9546,2970,1,7/1/2024
321,2025,202408,2,5,2,33,,4,5,8570,9820,11570,1,7/1/2024
1529,2025,202408,2,8,4,14,14,1,1,8570,4248,5677,1,7/1/2024
891,2025,202409,5,2,4,25,5,4,3,8565,7989,4458,1,7/1/2024
1419,2025,202407,5,6,3,16,,7,1,8565,7512,7022,1,7/1/2024
1563,2025,202407,1,5,4,5,5,5,2,8562,9648,7227,1,7/1/2024
134,2025,202409,4,7,1,12,,3,3,8558,5689,8234,1,7/1/2024
1475,2025,202409,4,5,4,16,16,3,5,8558,9144,10870,1,7/1/2024
2659,2025,202407,4,2,3,35,,1,2,8556,4350,9948,1,7/1/2024
1936,2025,202409,5,6,2,24,,2,3,8553,11758,9046,1,7/1/2024
1273,2025,202407,4,5,3,11,,3,3,8550,9553,2853,1,7/1/2024
1902,2025,202408,5,7,4,10,10,8,2,8550,8106,9617,1,7/1/2024
2174,2025,202409,3,4,1,10,,5,3,8548,9586,10074,1,7/1/2024
916,2025,202408,1,7,4,26,6,7,5,8546,9744,8427,1,7/1/2024
1505,2025,202408,1,7,3,32,,2,1,8544,2500,7450,1,7/1/2024
1662,2025,202408,1,6,1,8,,6,2,8541,9232,5956,1,7/1/2024
2044,2025,202409,1,8,2,6,,6,1,8539,11041,3079,1,7/1/2024
2642,2025,202407,1,5,3,10,,1,5,8539,3489,2900,1,7/1/2024
2435,2025,202407,2,1,1,30,,1,3,8536,6208,3603,1,7/1/2024
2681,2025,202407,4,3,1,5,,1,5,8532,9482,3382,1,7/1/2024
1725,2025,202407,4,5,3,20,,6,3,8512,4591,7303,1,7/1/2024
2868,2025,202409,2,2,3,39,,6,4,8512,2506,9636,1,7/1/2024
711,2025,202409,3,8,2,30,,8,3,8508,7434,7829,1,7/1/2024
1008,2025,202408,4,7,3,40,,4,4,8503,5160,3441,1,7/1/2024
423,2025,202407,3,5,1,36,,7,2,8500,11546,11370,1,7/1/2024
1692,2025,202408,5,2,3,9,,5,3,8498,4982,5622,1,7/1/2024
2328,2025,202408,3,3,4,40,20,5,5,8496,3572,7896,1,7/1/2024
2053,2025,202408,1,6,2,16,,7,3,8494,9965,7108,1,7/1/2024
269,2025,202408,1,5,2,11,,5,5,8491,4148,10358,1,7/1/2024
1762,2025,202407,3,2,4,34,14,4,5,8491,3096,4715,1,7/1/2024
2531,2025,202408,1,1,4,32,12,5,1,8489,10729,10415,1,7/1/2024
1750,2025,202408,2,1,1,33,,7,3,8465,4132,8808,1,7/1/2024
1281,2025,202407,2,5,3,30,,7,4,8462,8860,10077,1,7/1/2024
2243,2025,202408,2,8,2,17,,6,3,8462,5400,10094,1,7/1/2024
2686,2025,202407,4,5,2,30,,2,3,8462,7572,5458,1,7/1/2024
909,2025,202409,2,7,3,9,,4,3,8458,10694,8996,1,7/1/2024
2325,2025,202408,2,8,3,2,,1,1,8453,5091,6941,1,7/1/2024
446,2025,202409,2,2,4,9,9,4,1,8446,2986,10091,1,7/1/2024
1964,2025,202408,4,5,3,14,,3,3,8446,9034,4294,1,7/1/2024
2267,2025,202407,5,2,2,28,,6,1,8446,6656,9291,1,7/1/2024
2979,2025,202409,3,7,2,37,,5,2,8446,9841,8439,1,7/1/2024
836,2025,202408,4,1,3,14,,5,1,8444,4296,3522,1,7/1/2024
2671,2025,202409,1,6,2,21,,2,2,8439,9082,3850,1,7/1/2024
2011,2025,202407,3,4,1,33,,6,1,8427,8436,8870,1,7/1/2024
2735,2025,202409,4,7,4,16,16,2,1,8424,5029,8270,1,7/1/2024
709,2025,202407,1,5,3,18,,5,1,8422,9484,5441,1,7/1/2024
798,2025,202408,5,3,4,17,17,3,2,8422,11296,4196,1,7/1/2024
912,2025,202407,5,3,3,30,,3,2,8420,3412,5903,1,7/1/2024
999,2025,202407,5,8,2,22,,2,3,8417,11400,4608,1,7/1/2024
1016,2025,202407,4,8,1,11,,5,2,8417,11870,4244,1,7/1/2024
2056,2025,202409,4,8,4,30,10,3,3,8417,3439,6586,1,7/1/2024
2767,2025,202407,5,7,4,19,19,5,3,8417,4217,4429,1,7/1/2024
102,2025,202409,1,5,1,40,,5,1,8415,6603,7008,1,7/1/2024
1362,2025,202409,3,2,3,25,,1,2,8415,7277,2479,1,7/1/2024
2765,2025,202407,1,1,1,27,,7,4,8415,4046,5232,1,7/1/2024
1938,2025,202408,2,4,3,8,,1,1,8408,4144,3558,1,7/1/2024
1793,2025,202408,5,3,2,28,,6,3,8406,8684,8377,1,7/1/2024
1494,2025,202408,1,5,4,16,16,5,5,8400,5527,9186,1,7/1/2024
1577,2025,202409,5,4,2,12,,4,5,8400,11353,9760,1,7/1/2024
2002,2025,202408,3,2,4,19,19,6,2,8398,2641,3291,1,7/1/2024
2871,2025,202408,5,8,2,37,,4,1,8394,10527,3644,1,7/1/2024
973,2025,202408,4,2,4,17,17,2,5,8389,3250,3008,1,7/1/2024
777,2025,202409,4,3,1,23,,5,4,8382,4422,3596,1,7/1/2024
1011,2025,202407,4,4,1,10,,5,4,8382,4008,9344,1,7/1/2024
2348,2025,202407,4,2,4,21,1,6,2,8379,3903,6115,1,7/1/2024
204,2025,202407,2,5,3,12,,6,1,8372,4306,3874,1,7/1/2024
1058,2025,202407,5,4,2,4,,7,1,8370,11736,8048,1,7/1/2024
1706,2025,202409,2,1,3,29,,8,3,8370,5324,5684,1,7/1/2024
2081,2025,202408,1,4,2,20,,6,5,8358,10382,10127,1,7/1/2024
2664,2025,202407,3,3,4,39,19,7,5,8358,9624,3132,1,7/1/2024
2582,2025,202409,5,7,3,16,,1,2,8356,6548,8272,1,7/1/2024
2226,2025,202407,5,2,1,6,,5,5,8353,8908,9158,1,7/1/2024
2448,2025,202407,2,1,3,34,,6,1,8350,4582,7698,1,7/1/2024
2516,2025,202408,3,4,4,38,18,8,5,8348,6217,5344,1,7/1/2024
749,2025,202408,2,1,4,32,12,1,2,8346,10865,9308,1,7/1/2024
174,2025,202408,5,8,4,28,8,2,3,8336,7612,11129,1,7/1/2024
1148,2025,202407,2,3,1,13,,8,2,8334,11750,11296,1,7/1/2024
345,2025,202409,2,5,3,21,,6,3,8332,11370,6596,1,7/1/2024
2527,2025,202407,3,8,3,13,,6,2,8329,8841,8950,1,7/1/2024
1232,2025,202407,5,4,4,9,9,5,3,8320,6627,4677,1,7/1/2024
1894,2025,202409,3,6,2,2,,3,2,8320,6946,6689,1,7/1/2024
79,2025,202407,1,7,3,28,,4,5,8317,5636,9189,1,7/1/2024
747,2025,202409,5,4,3,9,,8,5,8315,9360,8486,1,7/1/2024
1021,2025,202407,4,3,3,31,,8,4,8315,8434,7384,1,7/1/2024
1940,2025,202409,5,4,4,27,7,7,2,8315,7015,6798,1,7/1/2024
642,2025,202407,4,3,1,24,,4,2,8312,8784,10760,1,7/1/2024
1360,2025,202407,5,4,2,15,,6,3,8312,7065,7710,1,7/1/2024
1254,2025,202409,2,2,2,23,,3,2,8298,11672,4362,1,7/1/2024
1903,2025,202409,3,3,2,38,,4,3,8296,4753,7310,1,7/1/2024
896,2025,202407,3,8,1,23,,4,2,8291,6246,4058,1,7/1/2024
2424,2025,202409,5,5,2,7,,6,3,8291,10444,11427,1,7/1/2024
1669,2025,202409,5,7,2,16,,7,2,8289,8015,8198,1,7/1/2024
1711,2025,202409,2,7,1,19,,4,1,8289,3724,8522,1,7/1/2024
628,2025,202409,5,6,3,7,,3,2,8274,4927,3615,1,7/1/2024
524,2025,202409,3,7,3,9,,8,4,8272,10912,5706,1,7/1/2024
966,2025,202407,3,4,2,19,,1,5,8260,5610,4336,1,7/1/2024
1185,2025,202408,1,1,1,20,,5,2,8260,9079,7241,1,7/1/2024
1644,2025,202408,4,1,3,10,,7,5,8260,10536,9296,1,7/1/2024
13,2025,202409,2,1,2,1,,5,1,8258,9391,5096,1,7/1/2024
948,2025,202407,4,3,4,24,4,7,5,8258,4950,7960,1,7/1/2024
1280,2025,202408,2,5,2,3,,2,4,8256,6265,8012,1,7/1/2024
2178,2025,202408,2,2,3,35,,4,5,8253,9310,7486,1,7/1/2024
1103,2025,202408,2,3,4,4,4,5,1,8250,9253,7486,1,7/1/2024
614,2025,202409,4,5,4,38,18,7,3,8246,2582,5336,1,7/1/2024
1771,2025,202409,3,8,3,10,,1,4,8246,5267,2867,1,7/1/2024
2187,2025,202407,2,2,2,22,,7,3,8244,2498,10839,1,7/1/2024
899,2025,202409,4,2,2,12,,8,1,8241,8339,7424,1,7/1/2024
1948,2025,202409,3,4,3,37,,5,2,8239,5356,11898,1,7/1/2024
1141,2025,202407,3,4,1,15,,8,2,8236,11200,4844,1,7/1/2024
1926,2025,202407,3,2,3,23,,7,1,8236,10227,11162,1,7/1/2024
2927,2025,202407,2,6,4,37,17,1,1,8236,9917,9132,1,7/1/2024
2147,2025,202408,3,2,2,29,,8,2,8234,7120,8134,1,7/1/2024
1109,2025,202409,2,1,4,7,7,5,5,8220,4710,8694,1,7/1/2024
2618,2025,202409,1,4,3,5,,6,4,8220,2882,11358,1,7/1/2024
549,2025,202408,1,1,1,8,,5,3,8215,6560,8215,1,7/1/2024
2455,2025,202409,5,6,3,4,,5,3,8210,5117,6379,1,7/1/2024
781,2025,202409,1,7,2,8,,3,1,8208,4360,6689,1,7/1/2024
1172,2025,202409,2,2,3,29,,8,3,8206,9515,9934,1,7/1/2024
1237,2025,202408,3,7,4,40,20,1,3,8206,10441,11598,1,7/1/2024
2835,2025,202409,1,5,1,19,,2,5,8206,5036,10686,1,7/1/2024
855,2025,202409,5,6,2,21,,6,4,8203,6584,4086,1,7/1/2024
2909,2025,202409,1,7,4,8,8,7,5,8203,8972,3922,1,7/1/2024
1790,2025,202409,4,2,3,29,,1,3,8200,4939,2717,1,7/1/2024
1915,2025,202409,2,5,3,14,,8,3,8198,10329,2696,1,7/1/2024
1104,2025,202407,5,1,4,22,2,4,4,8194,6665,7072,1,7/1/2024
1554,2025,202408,2,1,3,12,,3,1,8191,3917,6853,1,7/1/2024
1189,2025,202408,3,6,1,40,,7,1,8189,4796,7070,1,7/1/2024
2929,2025,202408,5,7,1,38,,3,2,8184,8727,5436,1,7/1/2024
75,2025,202409,2,2,2,25,,5,3,8179,8448,6358,1,7/1/2024
580,2025,202407,4,4,4,16,16,2,3,8179,7765,6956,1,7/1/2024
1698,2025,202408,4,1,4,22,2,8,5,8170,2553,10694,1,7/1/2024
2872,2025,202408,2,8,2,3,,2,5,8167,7522,6665,1,7/1/2024
67,2025,202408,3,8,2,23,,2,3,8165,8044,9958,1,7/1/2024
1593,2025,202408,5,1,1,19,,1,3,8162,9486,11167,1,7/1/2024
982,2025,202409,5,3,1,11,,5,2,8153,10317,3848,1,7/1/2024
804,2025,202408,5,7,2,21,,6,4,8150,4762,4656,1,7/1/2024
489,2025,202407,5,8,2,15,,7,1,8144,10136,11777,1,7/1/2024
2720,2025,202407,5,7,1,14,,8,1,8144,9436,4574,1,7/1/2024
818,2025,202407,4,1,2,3,,2,4,8141,8853,9894,1,7/1/2024
1194,2025,202407,3,8,1,6,,8,2,8132,6532,6160,1,7/1/2024
2532,2025,202409,1,6,3,12,,4,3,8132,8474,9379,1,7/1/2024
1710,2025,202409,4,5,1,20,,4,3,8129,5577,9020,1,7/1/2024
2447,2025,202407,5,3,1,25,,3,4,8129,3772,3391,1,7/1/2024
69,2025,202407,3,3,1,8,,5,5,8127,8370,2582,1,7/1/2024
2017,2025,202409,5,6,4,40,20,3,1,8127,3124,5067,1,7/1/2024
1005,2025,202407,3,8,2,4,,6,1,8122,7650,8508,1,7/1/2024
907,2025,202409,5,1,2,28,,2,2,8117,6653,5346,1,7/1/2024
2189,2025,202409,5,5,4,12,12,8,1,8117,10924,8932,1,7/1/2024
1145,2025,202409,1,6,2,31,,5,4,8115,4746,4217,1,7/1/2024
784,2025,202408,3,3,4,9,9,2,1,8112,5822,5791,1,7/1/2024
2759,2025,202407,2,1,1,30,,5,5,8112,4046,10000,1,7/1/2024
1562,2025,202409,4,6,2,33,,5,3,8106,11020,10234,1,7/1/2024
546,2025,202409,3,7,4,23,3,6,2,8103,10262,4194,1,7/1/2024
502,2025,202408,1,4,2,29,,2,5,8098,3334,5774,1,7/1/2024
2555,2025,202409,2,2,3,23,,6,5,8096,7556,2948,1,7/1/2024
694,2025,202409,2,1,3,37,,8,1,8091,6248,8748,1,7/1/2024
2084,2025,202408,1,7,2,21,,5,3,8089,9441,6115,1,7/1/2024
419,2025,202409,5,8,1,16,,3,3,8086,4812,7110,1,7/1/2024
1829,2025,202409,2,1,3,2,,8,4,8082,10094,5079,1,7/1/2024
2677,2025,202408,3,3,3,1,,5,2,8082,10984,3267,1,7/1/2024
221,2025,202409,3,6,3,20,,2,1,8079,10146,8594,1,7/1/2024
1451,2025,202407,3,2,2,22,,2,4,8079,3265,4586,1,7/1/2024
2394,2025,202407,4,8,1,10,,1,3,8079,5208,7974,1,7/1/2024
12,2025,202407,4,3,2,32,,7,2,8074,4456,2489,1,7/1/2024
1042,2025,202407,4,6,1,37,,4,1,8072,5908,4010,1,7/1/2024
1441,2025,202407,1,3,4,3,3,1,2,8072,8708,7374,1,7/1/2024
1736,2025,202409,5,3,3,33,,5,3,8072,6360,3770,1,7/1/2024
1309,2025,202408,3,5,3,36,,4,3,8065,3720,6706,1,7/1/2024
2020,2025,202408,2,3,2,13,,5,5,8062,2696,4970,1,7/1/2024
2897,2025,202409,4,4,4,14,14,4,2,8060,11644,6550,1,7/1/2024
1330,2025,202409,4,8,4,31,11,1,1,8056,6258,11210,1,7/1/2024
1420,2025,202408,2,4,3,34,,6,4,8050,3932,3612,1,7/1/2024
1549,2025,202408,1,6,4,7,7,7,2,8029,6246,2803,1,7/1/2024
2432,2025,202409,5,5,1,5,,4,4,8029,11046,6194,1,7/1/2024
2566,2025,202407,3,7,2,12,,4,1,8029,10189,4122,1,7/1/2024
378,2025,202407,2,1,1,37,,6,4,8024,8891,3591,1,7/1/2024
2575,2025,202409,2,4,4,24,4,7,1,8024,4777,8184,1,7/1/2024
1134,2025,202408,3,8,1,5,,4,5,8022,7624,10927,1,7/1/2024
2103,2025,202408,3,2,4,31,11,6,3,8022,8384,9091,1,7/1/2024
2499,2025,202408,1,1,3,28,,4,1,8022,4970,10967,1,7/1/2024
2692,2025,202408,1,8,1,37,,7,2,8020,4558,7727,1,7/1/2024
689,2025,202408,2,5,1,26,,3,5,8012,9098,3967,1,7/1/2024
822,2025,202409,5,8,4,4,4,7,5,8012,4308,11091,1,7/1/2024
702,2025,202408,4,5,4,11,11,5,1,8008,9617,5162,1,7/1/2024
1755,2025,202407,2,7,3,39,,5,5,8003,4022,5684,1,7/1/2024
339,2025,202409,2,3,1,10,,5,2,7998,11546,9522,1,7/1/2024
2306,2025,202408,4,3,2,33,,8,5,7991,4089,5179,1,7/1/2024
1947,2025,202409,1,2,1,16,,7,4,7982,5679,11458,1,7/1/2024
2463,2025,202409,4,2,4,27,7,1,3,7974,3658,3479,1,7/1/2024
1975,2025,202407,5,8,3,28,,6,3,7972,10872,8474,1,7/1/2024
158,2025,202408,4,1,2,12,,5,5,7970,7029,11624,1,7/1/2024
2974,2025,202409,3,5,3,19,,3,3,7967,4934,3920,1,7/1/2024
1984,2025,202407,2,5,1,15,,8,5,7965,4896,9520,1,7/1/2024
772,2025,202407,3,6,2,29,,2,4,7958,7684,2520,1,7/1/2024
1805,2025,202407,1,5,2,8,,4,1,7958,8772,7798,1,7/1/2024
2041,2025,202409,4,8,4,22,2,6,4,7958,8006,11415,1,7/1/2024
1520,2025,202407,4,7,2,20,,6,3,7953,7808,5482,1,7/1/2024
1597,2025,202407,5,4,2,23,,7,2,7953,7958,8282,1,7/1/2024
1930,2025,202409,1,5,4,33,13,8,5,7953,7684,9658,1,7/1/2024
1374,2025,202407,3,6,1,10,,7,5,7946,2741,4879,1,7/1/2024
563,2025,202407,1,1,3,36,,1,2,7944,10632,6229,1,7/1/2024
2312,2025,202408,2,7,4,28,8,3,4,7944,4250,6962,1,7/1/2024
1,2025,202408,3,5,2,28,,6,1,7941,6784,11806,1,7/1/2024
2186,2025,202407,5,1,4,4,4,7,2,7941,10327,7974,1,7/1/2024
2196,2025,202408,4,8,1,23,,8,3,7934,4758,10403,1,7/1/2024
2545,2025,202409,2,4,2,31,,6,3,7934,6836,9836,1,7/1/2024
139,2025,202409,3,1,2,5,,1,1,7929,4146,6367,1,7/1/2024
1679,2025,202408,4,8,2,21,,4,4,7929,3303,5822,1,7/1/2024
2367,2025,202408,3,2,2,7,,2,4,7927,11712,11539,1,7/1/2024
743,2025,202408,3,8,2,3,,3,3,7924,7958,5203,1,7/1/2024
1458,2025,202408,5,7,3,27,,5,4,7920,3312,5946,1,7/1/2024
2347,2025,202408,1,7,2,33,,4,4,7920,10444,8206,1,7/1/2024
1428,2025,202408,3,8,4,12,12,3,5,7917,4765,10265,1,7/1/2024
56,2025,202409,5,6,4,3,3,5,3,7915,7465,7012,1,7/1/2024
483,2025,202407,3,3,4,30,10,7,4,7915,8374,9400,1,7/1/2024
2603,2025,202407,1,3,2,8,,8,2,7910,7803,7670,1,7/1/2024
266,2025,202407,2,8,4,22,2,5,4,7903,8689,11177,1,7/1/2024
1121,2025,202407,2,5,4,20,20,3,1,7898,6812,10677,1,7/1/2024
1485,2025,202408,1,8,1,3,,3,5,7898,5906,5624,1,7/1/2024
1409,2025,202407,3,3,1,27,,4,2,7896,5565,6286,1,7/1/2024
2434,2025,202409,4,2,4,8,8,8,1,7894,6579,6260,1,7/1/2024
2391,2025,202408,1,4,1,14,,7,1,7889,3594,7727,1,7/1/2024
492,2025,202407,3,5,3,32,,8,5,7886,10400,5029,1,7/1/2024
1726,2025,202408,2,8,1,34,,2,5,7886,9400,3086,1,7/1/2024
1905,2025,202408,2,8,3,5,,5,5,7886,2396,11470,1,7/1/2024
2122,2025,202408,1,8,3,10,,3,3,7886,3350,11572,1,7/1/2024
92,2025,202408,2,2,1,27,,6,1,7882,2532,8741,1,7/1/2024
2135,2025,202408,2,5,1,16,,4,1,7882,10360,3153,1,7/1/2024
2749,2025,202408,1,4,4,39,19,2,3,7882,5841,10860,1,7/1/2024
2384,2025,202409,4,3,2,27,,7,3,7879,4708,3289,1,7/1/2024
2230,2025,202408,1,3,2,6,,8,2,7865,6936,4467,1,7/1/2024
81,2025,202409,3,5,1,7,,5,1,7860,6162,2922,1,7/1/2024
316,2025,202407,2,3,4,19,19,4,4,7860,4456,7500,1,7/1/2024
1843,2025,202408,5,8,3,40,,5,3,7858,3434,4656,1,7/1/2024
1514,2025,202409,1,5,4,7,7,8,4,7856,8003,11517,1,7/1/2024
2663,2025,202409,4,4,2,28,,2,1,7856,9067,9282,1,7/1/2024
305,2025,202407,5,3,3,32,,7,5,7848,10196,8727,1,7/1/2024
679,2025,202409,5,3,2,35,,5,3,7846,8658,5662,1,7/1/2024
1631,2025,202409,1,7,2,1,,8,2,7844,7650,3815,1,7/1/2024
1217,2025,202407,4,3,1,18,,6,1,7841,6956,9120,1,7/1/2024
2194,2025,202408,2,7,4,31,11,3,3,7841,9265,8258,1,7/1/2024
2352,2025,202407,4,8,4,19,19,8,2,7839,6556,4106,1,7/1/2024
603,2025,202409,1,6,2,17,,6,4,7829,3391,9496,1,7/1/2024
455,2025,202407,2,6,2,25,,4,2,7827,5874,8853,1,7/1/2024
2945,2025,202409,4,4,3,31,,4,4,7827,3941,5467,1,7/1/2024
2640,2025,202408,5,4,4,22,2,5,5,7820,6598,11527,1,7/1/2024
1497,2025,202409,4,6,2,35,,5,1,7817,7358,5224,1,7/1/2024
847,2025,202409,1,5,2,1,,6,1,7815,3496,11039,1,7/1/2024
2138,2025,202407,4,7,2,22,,5,1,7808,6498,9603,1,7/1/2024
2242,2025,202407,1,8,4,8,8,2,4,7806,3432,2562,1,7/1/2024
2470,2025,202408,3,6,2,33,,6,3,7806,5956,4629,1,7/1/2024
661,2025,202407,2,1,3,15,,7,1,7803,10900,7758,1,7/1/2024
1724,2025,202407,4,3,2,6,,4,3,7803,6727,5822,1,7/1/2024
2815,2025,202407,1,8,2,25,,7,1,7798,10250,11786,1,7/1/2024
1863,2025,202409,4,3,2,39,,7,2,7794,6808,8765,1,7/1/2024
940,2025,202409,2,3,4,36,16,1,4,7791,9484,11886,1,7/1/2024
211,2025,202409,4,5,2,1,,5,2,7786,8289,5265,1,7/1/2024
1535,2025,202407,3,2,4,30,10,3,2,7786,8974,9686,1,7/1/2024
2914,2025,202408,2,6,1,3,,4,5,7786,2406,9850,1,7/1/2024
1531,2025,202408,2,2,1,40,,7,3,7782,9732,4429,1,7/1/2024
2059,2025,202409,5,1,2,25,,6,2,7782,2398,4534,1,7/1/2024
1412,2025,202407,2,7,1,28,,7,1,7777,10979,10127,1,7/1/2024
1447,2025,202407,3,6,4,21,1,3,3,7777,6220,7665,1,7/1/2024
418,2025,202408,2,3,3,20,,2,5,7772,9932,2948,1,7/1/2024
2962,2025,202408,5,1,1,20,,2,3,7772,3553,3582,1,7/1/2024
2514,2025,202408,1,6,4,5,5,7,5,7770,6884,7058,1,7/1/2024
2994,2025,202408,1,8,3,37,,8,5,7767,8003,5815,1,7/1/2024
2957,2025,202409,3,2,2,1,,7,4,7762,7777,10729,1,7/1/2024
1717,2025,202408,5,7,3,28,,7,1,7760,7100,8653,1,7/1/2024
1831,2025,202407,1,1,3,30,,7,1,7756,5103,6646,1,7/1/2024
1277,2025,202409,3,5,3,23,,4,5,7746,11522,9186,1,7/1/2024
988,2025,202408,1,6,2,18,,7,5,7744,5779,6748,1,7/1/2024
2133,2025,202408,2,8,2,3,,8,5,7744,8620,11653,1,7/1/2024
2223,2025,202407,2,7,1,34,,2,4,7741,10541,10584,1,7/1/2024
2629,2025,202408,5,7,1,36,,2,3,7736,8970,3279,1,7/1/2024
2697,2025,202409,2,3,1,13,,5,4,7736,9050,5079,1,7/1/2024
1869,2025,202408,4,4,2,27,,1,4,7734,10384,7898,1,7/1/2024
2846,2025,202409,2,6,3,24,,8,1,7727,9041,10024,1,7/1/2024
885,2025,202409,1,5,4,8,8,7,2,7720,7322,6750,1,7/1/2024
1127,2025,202408,1,7,4,20,20,4,5,7720,3977,5986,1,7/1/2024
507,2025,202409,3,7,3,23,,2,5,7717,7432,10544,1,7/1/2024
1519,2025,202407,3,2,1,1,,7,1,7717,9836,4265,1,7/1/2024
1824,2025,202408,1,7,4,28,8,8,1,7712,3298,9848,1,7/1/2024
135,2025,202408,1,7,4,30,10,6,2,7710,2891,11208,1,7/1/2024
2721,2025,202408,3,8,2,37,,5,3,7710,8244,8886,1,7/1/2024
2798,2025,202407,4,3,4,16,16,2,3,7710,7194,9182,1,7/1/2024
2166,2025,202408,2,4,2,32,,1,1,7706,9020,4596,1,7/1/2024
409,2025,202409,4,7,4,13,13,4,5,7698,10991,2574,1,7/1/2024
1538,2025,202408,1,1,4,28,8,6,4,7696,11784,2550,1,7/1/2024
2756,2025,202409,4,1,2,22,,8,1,7691,8070,3836,1,7/1/2024
1130,2025,202407,2,4,4,25,5,7,5,7686,7753,11879,1,7/1/2024
2879,2025,202408,4,3,4,32,12,5,4,7682,8684,11789,1,7/1/2024
2946,2025,202408,2,5,1,5,,7,2,7682,4729,7612,1,7/1/2024
2610,2025,202409,5,1,4,13,13,6,5,7677,4674,3310,1,7/1/2024
1246,2025,202409,2,7,3,12,,2,5,7674,10389,6279,1,7/1/2024
2275,2025,202409,2,8,3,4,,8,2,7674,9906,2639,1,7/1/2024
2865,2025,202407,4,1,4,14,14,5,3,7672,3041,10379,1,7/1/2024
2058,2025,202409,2,8,1,31,,4,2,7670,5829,7789,1,7/1/2024
258,2025,202407,1,1,2,40,,3,1,7665,5117,10682,1,7/1/2024
699,2025,202407,4,8,1,36,,6,2,7660,3732,2579,1,7/1/2024
1741,2025,202407,4,2,4,11,11,2,1,7658,9520,8179,1,7/1/2024
2,2025,202408,5,3,2,15,,2,4,7656,3791,8177,1,7/1/2024
921,2025,202409,1,4,4,18,18,4,2,7653,2991,8979,1,7/1/2024
1290,2025,202408,2,6,1,38,,1,3,7650,7634,2936,1,7/1/2024
2482,2025,202408,3,6,2,10,,7,5,7648,9008,2479,1,7/1/2024
2142,2025,202407,1,4,3,23,,7,3,7646,9603,8546,1,7/1/2024
2474,2025,202409,1,5,4,40,20,3,1,7639,10260,11044,1,7/1/2024
65,2025,202409,1,3,1,8,,8,1,7634,3391,9444,1,7/1/2024
1667,2025,202409,1,4,3,16,,2,5,7632,11153,6782,1,7/1/2024
2953,2025,202408,5,7,2,20,,7,4,7624,9950,8239,1,7/1/2024
1545,2025,202408,4,2,1,18,,3,4,7622,10215,4398,1,7/1/2024
1985,2025,202408,2,3,1,9,,8,4,7622,8027,7779,1,7/1/2024
620,2025,202407,4,5,1,31,,2,1,7620,7848,3174,1,7/1/2024
2665,2025,202407,3,2,3,33,,3,2,7620,11512,11132,1,7/1/2024
442,2025,202409,2,2,3,6,,4,5,7617,6332,10139,1,7/1/2024
238,2025,202409,5,2,3,28,,5,4,7615,8300,8822,1,7/1/2024
1682,2025,202407,5,1,1,14,,8,1,7610,2786,6186,1,7/1/2024
2595,2025,202409,2,6,4,7,7,1,5,7608,11884,10746,1,7/1/2024
1078,2025,202407,2,6,1,4,,1,4,7606,6608,5200,1,7/1/2024
1800,2025,202408,3,6,3,7,,5,4,7606,10203,7296,1,7/1/2024
2774,2025,202409,3,2,3,10,,8,1,7600,7670,11794,1,7/1/2024
51,2025,202409,2,7,2,16,,6,4,7598,2717,7356,1,7/1/2024
1364,2025,202408,4,2,2,9,,5,4,7598,7244,9800,1,7/1/2024
2038,2025,202409,3,5,1,39,,5,5,7598,11134,4139,1,7/1/2024
2947,2025,202408,2,7,4,34,14,7,1,7598,10165,3041,1,7/1/2024
2460,2025,202409,2,1,1,24,,6,4,7591,7803,11112,1,7/1/2024
570,2025,202409,1,7,4,4,4,2,1,7584,7053,6970,1,7/1/2024
2121,2025,202408,4,1,2,28,,3,2,7584,6232,10891,1,7/1/2024
583,2025,202407,3,4,1,5,,6,5,7582,7256,9432,1,7/1/2024
1371,2025,202408,2,4,4,13,13,4,1,7582,2710,6527,1,7/1/2024
621,2025,202408,2,4,3,24,,4,5,7577,9415,9191,1,7/1/2024
1760,2025,202407,5,2,3,39,,7,2,7574,8612,10927,1,7/1/2024
2465,2025,202409,3,8,4,25,5,7,1,7572,9724,3350,1,7/1/2024
2693,2025,202407,1,6,2,35,,8,5,7572,9017,2512,1,7/1/2024
91,2025,202409,2,4,3,22,,5,3,7567,9698,2429,1,7/1/2024
360,2025,202409,5,5,3,5,,6,4,7565,3391,3770,1,7/1/2024
431,2025,202407,5,2,2,7,,3,4,7565,10706,4198,1,7/1/2024
2157,2025,202407,4,8,4,30,10,2,3,7565,8162,5567,1,7/1/2024
735,2025,202409,3,2,1,34,,5,1,7562,9010,11082,1,7/1/2024
1591,2025,202408,2,3,4,15,15,3,1,7556,10274,11012,1,7/1/2024
1073,2025,202407,1,6,1,37,,1,2,7550,5384,7324,1,7/1/2024
60,2025,202409,1,5,3,1,,6,3,7546,11096,6882,1,7/1/2024
2395,2025,202408,1,5,2,16,,2,1,7546,7008,10529,1,7/1/2024
2088,2025,202408,1,3,4,33,13,5,4,7541,11517,9944,1,7/1/2024
2365,2025,202409,2,2,1,36,,7,1,7536,8227,6389,1,7/1/2024
262,2025,202407,5,2,3,12,,1,4,7532,7050,10417,1,7/1/2024
1573,2025,202407,3,7,2,19,,8,3,7532,9982,9800,1,7/1/2024
2335,2025,202408,1,7,4,10,10,6,5,7529,3415,5348,1,7/1/2024
1601,2025,202407,4,1,4,40,20,6,2,7527,3350,6739,1,7/1/2024
251,2025,202407,5,1,3,24,,5,2,7524,3412,10241,1,7/1/2024
559,2025,202408,3,5,1,12,,7,4,7522,7517,3691,1,7/1/2024
917,2025,202407,1,7,2,24,,1,3,7522,10360,8429,1,7/1/2024
2426,2025,202409,3,2,3,14,,3,4,7522,8536,9867,1,7/1/2024
314,2025,202407,2,1,4,23,3,6,1,7510,3041,7150,1,7/1/2024
1027,2025,202407,1,7,4,21,1,3,4,7510,9989,10084,1,7/1/2024
2733,2025,202407,5,5,4,31,11,8,3,7506,7550,9170,1,7/1/2024
1090,2025,202408,5,2,1,6,,3,3,7503,9874,8317,1,7/1/2024
2274,2025,202407,3,2,3,8,,3,4,7498,8500,6589,1,7/1/2024
1675,2025,202408,5,4,3,1,,6,3,7496,5779,10558,1,7/1/2024
1977,2025,202409,2,1,4,15,15,1,3,7496,10886,6739,1,7/1/2024
307,2025,202409,5,5,1,12,,6,5,7494,3374,10860,1,7/1/2024
2542,2025,202409,1,4,4,30,10,1,5,7494,4817,6370,1,7/1/2024
1539,2025,202407,2,3,1,16,,2,2,7491,3389,9444,1,7/1/2024
2457,2025,202409,3,2,3,25,,1,1,7491,11656,9612,1,7/1/2024
2694,2025,202409,5,4,1,34,,7,2,7491,2670,7015,1,7/1/2024
551,2025,202407,3,1,3,16,,2,1,7482,11527,7684,1,7/1/2024
2251,2025,202409,1,3,2,29,,2,1,7482,6262,7286,1,7/1/2024
2304,2025,202407,4,3,2,21,,1,1,7482,3491,9977,1,7/1/2024
503,2025,202407,2,1,1,6,,7,4,7479,7394,6658,1,7/1/2024
1265,2025,202409,4,7,1,38,,3,5,7474,6177,3422,1,7/1/2024
693,2025,202408,3,7,4,12,12,4,3,7470,3784,6220,1,7/1/2024
1117,2025,202408,4,1,1,1,,6,1,7470,2422,3412,1,7/1/2024
2620,2025,202408,1,4,4,1,1,2,2,7465,5510,4358,1,7/1/2024
1370,2025,202408,4,8,1,8,,1,4,7453,3556,3012,1,7/1/2024
1932,2025,202408,4,6,1,6,,7,2,7453,9024,6779,1,7/1/2024
297,2025,202407,4,7,1,40,,7,4,7450,8429,11712,1,7/1/2024
2951,2025,202408,4,1,3,12,,7,2,7450,3598,2512,1,7/1/2024
29,2025,202408,1,8,1,33,,6,5,7448,8924,2391,1,7/1/2024
1242,2025,202409,2,2,1,39,,5,2,7446,2548,10256,1,7/1/2024
984,2025,202407,5,6,4,11,11,5,2,7439,2724,6615,1,7/1/2024
1252,2025,202408,4,4,3,10,,4,2,7439,4079,5853,1,7/1/2024
1386,2025,202408,2,4,1,9,,7,3,7436,4315,3344,1,7/1/2024
1584,2025,202407,5,7,3,12,,6,2,7432,5767,7134,1,7/1/2024
2641,2025,202409,5,1,4,11,11,5,5,7429,6303,10503,1,7/1/2024
626,2025,202407,3,5,1,12,,5,1,7427,2462,5698,1,7/1/2024
1962,2025,202407,3,2,4,14,14,6,1,7427,10939,8267,1,7/1/2024
2817,2025,202407,1,2,4,20,20,1,5,7427,6479,10441,1,7/1/2024
1586,2025,202408,2,1,4,33,13,7,5,7424,3744,8036,1,7/1/2024
2898,2025,202408,4,1,1,15,,5,4,7422,2458,4134,1,7/1/2024
1432,2025,202408,2,4,2,7,,5,1,7420,4691,2394,1,7/1/2024
66,2025,202408,1,1,1,27,,7,1,7417,7150,10444,1,7/1/2024
942,2025,202409,1,5,4,12,12,2,3,7412,9434,4677,1,7/1/2024
1865,2025,202407,1,5,4,22,2,1,4,7412,4270,8362,1,7/1/2024
655,2025,202407,2,6,4,18,18,6,5,7410,11817,4862,1,7/1/2024
1576,2025,202407,4,5,2,10,,4,4,7408,2632,10953,1,7/1/2024
688,2025,202407,3,7,2,34,,6,5,7406,3865,10853,1,7/1/2024
298,2025,202409,5,6,2,1,,7,4,7398,5853,3384,1,7/1/2024
1321,2025,202407,4,2,2,21,,7,2,7398,5865,11900,1,7/1/2024
1382,2025,202408,3,2,2,37,,2,3,7398,6256,10103,1,7/1/2024
2129,2025,202408,1,4,1,6,,7,5,7394,3815,7260,1,7/1/2024
273,2025,202409,3,2,4,9,9,3,3,7391,5132,7303,1,7/1/2024
2853,2025,202407,4,2,3,1,,8,5,7389,7136,3506,1,7/1/2024
597,2025,202407,2,3,4,29,9,2,4,7386,5527,11586,1,7/1/2024
1854,2025,202407,2,6,3,20,,7,2,7384,9953,6086,1,7/1/2024
2382,2025,202407,4,6,2,14,,7,2,7382,4096,4808,1,7/1/2024
1208,2025,202407,2,2,1,28,,8,2,7377,6972,10015,1,7/1/2024
1737,2025,202408,5,7,4,17,17,8,4,7377,10674,7024,1,7/1/2024
700,2025,202408,4,7,3,22,,6,3,7372,11527,7484,1,7/1/2024
1731,2025,202408,1,2,4,32,12,8,4,7372,11358,8058,1,7/1/2024
2106,2025,202409,3,1,1,14,,8,5,7367,7624,8877,1,7/1/2024
2115,2025,202407,5,5,3,34,,4,1,7365,5529,3027,1,7/1/2024
1786,2025,202408,4,5,1,21,,8,4,7356,3862,9977,1,7/1/2024
2299,2025,202407,3,6,4,17,17,4,5,7350,11377,8991,1,7/1/2024
1499,2025,202408,5,2,3,4,,2,3,7348,9406,2586,1,7/1/2024
760,2025,202407,5,8,4,11,11,6,1,7346,4017,2658,1,7/1/2024
293,2025,202409,4,3,2,38,,4,5,7344,10079,9641,1,7/1/2024
2381,2025,202408,1,1,2,31,,8,4,7344,9679,5910,1,7/1/2024
2370,2025,202409,3,2,4,39,19,4,5,7341,6662,5636,1,7/1/2024
2407,2025,202407,3,6,2,23,,3,4,7339,8203,2489,1,7/1/2024
2167,2025,202407,4,2,2,32,,7,3,7329,5556,11303,1,7/1/2024
1983,2025,202407,5,5,2,17,,5,2,7327,9146,3515,1,7/1/2024
2476,2025,202408,1,3,3,24,,5,4,7327,4527,7974,1,7/1/2024
2508,2025,202408,1,8,4,8,8,7,4,7327,5294,6370,1,7/1/2024
2919,2025,202409,3,2,3,30,,5,1,7317,7891,11144,1,7/1/2024
2625,2025,202407,3,6,4,28,8,3,2,7315,7727,11124,1,7/1/2024
1404,2025,202407,3,7,3,36,,8,2,7312,9503,5815,1,7/1/2024
906,2025,202407,5,8,3,20,,8,3,7310,10465,4470,1,7/1/2024
1437,2025,202407,5,4,4,1,1,2,1,7310,5484,5915,1,7/1/2024
160,2025,202408,4,7,3,1,,7,5,7306,2698,2453,1,7/1/2024
2504,2025,202407,3,7,2,37,,7,4,7303,10506,3374,1,7/1/2024
193,2025,202408,1,2,4,16,16,5,4,7298,4462,3882,1,7/1/2024
1911,2025,202408,3,2,4,16,16,6,3,7298,4041,5915,1,7/1/2024
2292,2025,202407,2,4,4,13,13,1,3,7298,2677,11736,1,7/1/2024
955,2025,202409,5,7,2,9,,3,3,7296,3450,6629,1,7/1/2024
103,2025,202408,3,8,2,17,,1,1,7291,10886,9334,1,7/1/2024
1270,2025,202407,5,7,2,37,,5,4,7286,3941,4558,1,7/1/2024
683,2025,202407,3,5,2,2,,4,3,7279,2646,9724,1,7/1/2024
567,2025,202407,1,3,3,23,,1,4,7274,4200,8544,1,7/1/2024
2364,2025,202407,1,6,3,37,,4,2,7274,10786,7077,1,7/1/2024
2706,2025,202407,4,3,3,16,,6,1,7272,8156,9241,1,7/1/2024
882,2025,202409,1,8,3,25,,5,4,7270,7398,8234,1,7/1/2024
889,2025,202409,4,4,2,29,,8,3,7270,7574,10794,1,7/1/2024
317,2025,202409,4,2,1,38,,7,5,7267,7636,7412,1,7/1/2024
2775,2025,202409,4,1,1,12,,4,2,7265,4496,6456,1,7/1/2024
707,2025,202408,5,1,2,4,,6,4,7260,8672,6191,1,7/1/2024
2168,2025,202408,2,4,3,30,,5,4,7260,3803,6915,1,7/1/2024
137,2025,202408,1,6,2,33,,1,1,7258,6244,8058,1,7/1/2024
608,2025,202408,3,3,4,30,10,7,1,7258,11156,6800,1,7/1/2024
1046,2025,202409,5,2,1,8,,1,5,7258,11889,3750,1,7/1/2024
565,2025,202409,5,4,4,38,18,5,1,7256,7182,7060,1,7/1/2024
1060,2025,202409,1,1,3,23,,1,4,7253,4322,9484,1,7/1/2024
1738,2025,202407,4,2,4,13,13,6,4,7250,10096,8667,1,7/1/2024
2232,2025,202408,2,1,3,26,,7,3,7248,6510,10062,1,7/1/2024
2904,2025,202408,1,4,4,15,15,8,3,7248,10632,7312,1,7/1/2024
71,2025,202409,1,8,3,13,,5,2,7246,9656,11556,1,7/1/2024
820,2025,202407,2,3,1,14,,3,1,7244,9972,4306,1,7/1/2024
2412,2025,202408,5,6,1,33,,4,3,7241,2670,3510,1,7/1/2024
30,2025,202408,3,5,2,17,,2,5,7234,10332,2584,1,7/1/2024
1380,2025,202409,5,3,1,26,,1,3,7232,2870,3556,1,7/1/2024
180,2025,202408,4,2,1,37,,6,5,7229,11348,5600,1,7/1/2024
374,2025,202408,3,6,4,6,6,3,3,7229,8865,4456,1,7/1/2024
1650,2025,202409,5,6,2,2,,3,4,7227,9270,10750,1,7/1/2024
2626,2025,202408,5,6,2,18,,3,2,7227,5165,3758,1,7/1/2024
1959,2025,202407,1,8,1,23,,1,5,7217,4832,6553,1,7/1/2024
1151,2025,202407,5,3,4,1,1,7,5,7210,10622,6270,1,7/1/2024
1663,2025,202409,3,1,2,19,,8,4,7210,8836,3015,1,7/1/2024
2740,2025,202407,5,6,4,33,13,4,5,7210,9927,7279,1,7/1/2024
2726,2025,202407,3,5,1,34,,4,1,7206,9296,5867,1,7/1/2024
1950,2025,202407,2,1,4,34,14,4,3,7203,5627,11312,1,7/1/2024
421,2025,202409,1,5,4,15,15,4,1,7194,9103,8256,1,7/1/2024
318,2025,202407,2,5,4,33,13,6,5,7182,6267,11750,1,7/1/2024
599,2025,202408,1,5,3,15,,3,2,7182,6927,3250,1,7/1/2024
792,2025,202409,2,2,2,7,,4,4,7182,6246,8972,1,7/1/2024
1417,2025,202408,2,6,3,11,,3,3,7179,9148,10917,1,7/1/2024
246,2025,202409,1,4,2,29,,1,5,7174,9020,9900,1,7/1/2024
2281,2025,202407,2,1,2,25,,3,2,7170,6691,10889,1,7/1/2024
346,2025,202407,5,5,4,4,4,6,3,7160,3472,8948,1,7/1/2024
1536,2025,202408,3,3,3,11,,1,5,7160,4320,4429,1,7/1/2024
900,2025,202408,4,4,4,25,5,3,2,7158,8312,11774,1,7/1/2024
1619,2025,202409,5,8,3,20,,3,3,7148,9360,9765,1,7/1/2024
1960,2025,202407,2,5,3,5,,4,4,7148,8420,2729,1,7/1/2024
1799,2025,202409,5,4,3,17,,7,4,7146,6441,7074,1,7/1/2024
2383,2025,202408,5,4,3,25,,8,2,7146,5679,5822,1,7/1/2024
607,2025,202408,5,4,1,35,,8,4,7144,6762,10384,1,7/1/2024
2757,2025,202408,5,8,1,16,,6,3,7136,6210,9674,1,7/1/2024
2830,2025,202407,3,2,1,1,,6,5,7134,7629,7917,1,7/1/2024
817,2025,202409,4,2,2,9,,7,5,7132,8484,6182,1,7/1/2024
1213,2025,202407,1,1,4,19,19,6,4,7132,10517,11710,1,7/1/2024
639,2025,202408,4,7,3,6,,2,1,7129,6034,3600,1,7/1/2024
2454,2025,202407,4,2,1,18,,7,5,7129,7106,4803,1,7/1/2024
1687,2025,202407,3,8,1,2,,5,3,7120,11348,4565,1,7/1/2024
2397,2025,202408,4,3,2,11,,8,1,7120,7329,3546,1,7/1/2024
729,2025,202408,2,3,3,30,,6,2,7115,9891,9870,1,7/1/2024
1889,2025,202409,1,6,3,33,,6,2,7115,6224,9374,1,7/1/2024
2452,2025,202409,3,7,1,18,,2,1,7112,2403,9441,1,7/1/2024
157,2025,202407,3,4,3,40,,6,2,7108,4622,9029,1,7/1/2024
296,2025,202407,1,1,2,27,,3,3,7100,4365,10974,1,7/1/2024
2768,2025,202408,4,6,4,24,4,5,2,7100,9103,2789,1,7/1/2024
2272,2025,202407,5,7,1,29,,7,3,7098,3670,9574,1,7/1/2024
399,2025,202409,1,5,3,15,,3,5,7096,3153,7665,1,7/1/2024
1654,2025,202408,5,2,3,20,,1,5,7096,9356,2544,1,7/1/2024
2860,2025,202408,5,3,4,20,20,2,2,7094,7694,9660,1,7/1/2024
361,2025,202407,1,1,3,14,,3,5,7089,6679,5486,1,7/1/2024
949,2025,202409,2,1,1,20,,4,2,7089,9565,5606,1,7/1/2024
1206,2025,202408,4,4,3,26,,5,1,7082,10758,7944,1,7/1/2024
673,2025,202408,5,2,2,14,,3,5,7079,7174,5106,1,7/1/2024
2498,2025,202409,5,6,4,27,7,5,2,7079,9377,8820,1,7/1/2024
1110,2025,202407,4,1,3,9,,5,4,7077,10589,5996,1,7/1/2024
2034,2025,202407,4,6,4,11,11,6,4,7077,2839,9512,1,7/1/2024
1069,2025,202409,2,3,4,15,15,7,3,7074,7162,4294,1,7/1/2024
1346,2025,202408,4,7,2,9,,7,5,7053,6900,5098,1,7/1/2024
1877,2025,202408,3,7,2,12,,1,2,7046,6072,10310,1,7/1/2024
281,2025,202407,2,2,1,8,,5,1,7044,8000,4982,1,7/1/2024
1043,2025,202407,1,6,1,40,,3,5,7044,2884,2456,1,7/1/2024
1326,2025,202409,4,2,3,35,,5,4,7041,3089,8029,1,7/1/2024
1883,2025,202409,1,8,1,16,,6,4,7041,4965,4098,1,7/1/2024
226,2025,202407,5,3,1,9,,6,2,7036,2550,10098,1,7/1/2024
1006,2025,202409,2,2,2,35,,8,1,7036,3124,5827,1,7/1/2024
1097,2025,202409,3,5,3,19,,2,5,7032,2850,7924,1,7/1/2024
2725,2025,202407,4,5,3,35,,2,3,7022,6391,4036,1,7/1/2024
414,2025,202409,2,6,3,27,,3,3,7010,8379,6758,1,7/1/2024
1177,2025,202407,2,5,4,21,1,2,2,7010,5603,4686,1,7/1/2024
2031,2025,202407,4,6,2,13,,2,4,7010,7967,11348,1,7/1/2024
1038,2025,202408,5,5,4,37,17,6,1,7008,7272,3924,1,7/1/2024
1072,2025,202407,4,2,2,7,,5,5,6994,2579,8322,1,7/1/2024
2025,2025,202407,5,6,2,9,,4,4,6982,7541,8846,1,7/1/2024
2362,2025,202408,5,1,2,37,,1,2,6979,10591,10994,1,7/1/2024
1958,2025,202409,3,4,2,30,,3,1,6977,8403,9146,1,7/1/2024
2023,2025,202407,3,8,1,33,,2,3,6977,8748,9560,1,7/1/2024
1423,2025,202408,5,2,1,5,,7,5,6974,2798,6267,1,7/1/2024
2184,2025,202408,1,6,4,9,9,6,2,6972,7853,5724,1,7/1/2024
731,2025,202409,3,6,4,14,14,2,1,6970,6446,9017,1,7/1/2024
2213,2025,202408,4,4,1,11,,1,3,6970,3367,3822,1,7/1/2024
826,2025,202407,5,1,1,8,,1,3,6967,4574,10850,1,7/1/2024
1864,2025,202407,5,7,1,33,,7,2,6962,10103,7460,1,7/1/2024
97,2025,202409,5,7,4,1,1,8,2,6956,8679,3860,1,7/1/2024
445,2025,202407,1,8,4,24,4,3,2,6946,8627,11360,1,7/1/2024
1305,2025,202409,1,8,2,28,,8,5,6946,5224,9172,1,7/1/2024
2912,2025,202408,3,5,4,25,5,2,4,6944,10372,6506,1,7/1/2024
951,2025,202408,3,4,1,35,,3,1,6939,3222,10562,1,7/1/2024
231,2025,202407,3,4,1,7,,7,4,6934,6472,11582,1,7/1/2024
2494,2025,202407,4,6,3,33,,5,1,6932,7734,10108,1,7/1/2024
2810,2025,202409,1,6,3,17,,6,5,6929,3603,5767,1,7/1/2024
1359,2025,202407,1,1,3,12,,6,4,6927,7394,5800,1,7/1/2024
478,2025,202408,5,2,2,35,,3,3,6920,9282,5720,1,7/1/2024
2057,2025,202408,1,6,2,21,,3,3,6920,4244,3389,1,7/1/2024
1082,2025,202408,2,3,2,40,,6,2,6917,3015,8489,1,7/1/2024
1293,2025,202408,2,7,3,9,,4,5,6917,8427,8903,1,7/1/2024
2930,2025,202407,1,7,1,23,,8,5,6917,9686,3896,1,7/1/2024
2960,2025,202407,2,7,3,15,,1,1,6917,6874,10522,1,7/1/2024
500,2025,202407,2,2,1,30,,2,2,6915,9856,3648,1,7/1/2024
1822,2025,202408,3,6,3,7,,3,5,6915,6294,11841,1,7/1/2024
1031,2025,202407,1,2,3,18,,6,2,6910,9446,5620,1,7/1/2024
1506,2025,202407,4,6,3,19,,8,5,6910,4296,6306,1,7/1/2024
600,2025,202409,5,3,3,3,,6,3,6903,9296,11853,1,7/1/2024
2799,2025,202409,3,8,2,18,,5,3,6896,4517,8296,1,7/1/2024
713,2025,202408,3,7,4,1,1,2,3,6894,10041,2498,1,7/1/2024
1747,2025,202408,1,4,4,2,2,4,5,6894,9389,4515,1,7/1/2024
2403,2025,202408,1,6,2,22,,3,5,6879,10908,5974,1,7/1/2024
531,2025,202407,1,2,2,37,,3,1,6877,7812,8544,1,7/1/2024
1656,2025,202407,1,3,1,15,,7,2,6877,2508,6056,1,7/1/2024
1557,2025,202409,4,4,2,5,,8,5,6874,10024,10106,1,7/1/2024
1804,2025,202407,3,7,4,34,14,2,1,6872,11829,3896,1,7/1/2024
2357,2025,202408,5,7,2,25,,2,1,6872,3860,6358,1,7/1/2024
2561,2025,202407,2,2,4,28,8,3,1,6872,6115,4448,1,7/1/2024
785,2025,202408,2,5,1,37,,2,3,6870,11727,3639,1,7/1/2024
5,2025,202408,2,5,1,21,,5,5,6867,5648,2660,1,7/1/2024
2153,2025,202409,2,3,3,14,,8,5,6862,8696,11870,1,7/1/2024
2910,2025,202407,2,5,3,17,,1,1,6858,7053,3556,1,7/1/2024
641,2025,202408,5,5,4,32,12,3,2,6856,10336,7696,1,7/1/2024
216,2025,202407,4,2,1,29,,8,5,6848,4729,6439,1,7/1/2024
2788,2025,202409,4,7,3,38,,4,2,6846,7267,11344,1,7/1/2024
401,2025,202409,5,1,2,1,,3,5,6836,11370,5684,1,7/1/2024
2861,2025,202408,5,5,2,25,,6,1,6832,9377,5867,1,7/1/2024
2246,2025,202409,4,8,2,9,,2,3,6829,5162,3103,1,7/1/2024
1037,2025,202407,2,4,3,40,,3,5,6827,5403,6456,1,7/1/2024
2965,2025,202409,2,4,1,1,,2,5,6824,6562,3117,1,7/1/2024
1634,2025,202407,1,3,1,11,,4,5,6822,7372,10300,1,7/1/2024
1077,2025,202408,3,5,3,7,,5,2,6817,6939,6406,1,7/1/2024
525,2025,202407,5,8,4,7,7,8,5,6812,4020,10820,1,7/1/2024
1935,2025,202408,5,7,1,14,,6,5,6812,4539,10312,1,7/1/2024
2130,2025,202409,3,4,4,15,15,4,5,6812,4498,10962,1,7/1/2024
2643,2025,202408,5,6,1,9,,6,4,6812,9132,5624,1,7/1/2024
2843,2025,202408,5,5,4,8,8,4,2,6812,9386,4698,1,7/1/2024
344,2025,202407,3,2,1,34,,4,5,6810,6941,7424,1,7/1/2024
732,2025,202409,1,6,1,22,,2,1,6808,10520,4686,1,7/1/2024
17,2025,202407,1,1,2,16,,2,5,6806,8003,3465,1,7/1/2024
1480,2025,202409,4,3,3,24,,7,3,6806,3112,2522,1,7/1/2024
1248,2025,202407,1,6,4,7,7,4,4,6796,11686,3191,1,7/1/2024
2112,2025,202409,5,7,2,24,,1,1,6796,5527,6946,1,7/1/2024
927,2025,202407,3,5,3,27,,2,4,6794,9020,7998,1,7/1/2024
197,2025,202409,3,1,2,7,,3,5,6791,11889,7667,1,7/1/2024
2833,2025,202409,3,2,1,11,,3,2,6791,8332,6436,1,7/1/2024
2895,2025,202408,4,4,1,16,,8,2,6791,6327,3732,1,7/1/2024
1740,2025,202409,2,7,2,17,,7,1,6784,4536,9941,1,7/1/2024
2247,2025,202408,2,7,3,26,,7,1,6772,3841,10800,1,7/1/2024
968,2025,202408,5,4,3,17,,2,5,6770,2958,4994,1,7/1/2024
1235,2025,202407,5,3,4,37,17,7,2,6762,11722,3370,1,7/1/2024
1874,2025,202407,1,5,3,36,,5,1,6762,2700,4008,1,7/1/2024
2165,2025,202407,4,7,2,23,,6,4,6762,5682,5989,1,7/1/2024
2472,2025,202408,4,6,3,34,,1,1,6756,4958,5546,1,7/1/2024
2875,2025,202409,5,8,3,16,,2,3,6750,5924,9679,1,7/1/2024
1449,2025,202409,2,6,4,28,8,1,1,6746,9117,2477,1,7/1/2024
861,2025,202408,1,1,1,9,,5,4,6741,3865,11853,1,7/1/2024
2884,2025,202409,5,3,4,36,16,6,1,6741,7503,10377,1,7/1/2024
1341,2025,202407,3,3,2,20,,8,2,6739,7177,11391,1,7/1/2024
1884,2025,202407,4,6,1,12,,7,4,6739,4150,4865,1,7/1/2024
2268,2025,202407,2,3,3,33,,1,2,6739,9789,9291,1,7/1/2024
127,2025,202409,1,3,3,23,,6,3,6729,8632,10560,1,7/1/2024
1546,2025,202407,1,2,4,21,1,8,5,6724,8060,2562,1,7/1/2024
261,2025,202409,1,2,2,21,,6,4,6722,5120,7272,1,7/1/2024
1943,2025,202407,5,5,1,10,,8,2,6720,8634,4598,1,7/1/2024
474,2025,202407,4,8,1,36,,1,3,6710,4767,8839,1,7/1/2024
794,2025,202409,2,4,1,17,,5,3,6708,2794,10236,1,7/1/2024
1272,2025,202407,5,7,3,6,,5,5,6706,6641,3172,1,7/1/2024
1163,2025,202408,4,6,4,32,12,5,3,6698,5215,4606,1,7/1/2024
1297,2025,202409,4,8,1,12,,5,2,6691,7698,11174,1,7/1/2024
441,2025,202408,5,7,2,7,,3,5,6686,11310,3220,1,7/1/2024
1240,2025,202408,5,5,1,10,,4,1,6686,5636,4598,1,7/1/2024
2233,2025,202409,2,1,4,22,2,1,1,6686,2774,9560,1,7/1/2024
1500,2025,202407,5,3,4,37,17,5,5,6684,4239,2634,1,7/1/2024
2599,2025,202409,5,3,1,38,,1,4,6679,8791,4350,1,7/1/2024
2977,2025,202407,3,2,2,25,,4,4,6679,4577,11072,1,7/1/2024
2913,2025,202408,3,8,3,23,,2,5,6674,7574,9722,1,7/1/2024
1353,2025,202409,5,7,2,7,,7,2,6672,4441,9820,1,7/1/2024
2052,2025,202407,5,1,3,33,,7,2,6672,7832,7317,1,7/1/2024
2255,2025,202408,1,2,4,36,16,5,2,6672,2386,6156,1,7/1/2024
1345,2025,202407,5,3,1,6,,8,2,10000,6872,5400,1,7/1/2024
1527,2025,202407,5,7,1,5,,2,1,10000,9740,8183,1,7/1/2024
362,2025,202408,2,2,3,9,,8,4,9997,16593,8825,1,7/1/2024
2993,2025,202407,1,5,4,36,16,1,2,9997,4818,12283,1,7/1/2024
828,2025,202407,1,8,1,3,,8,4,9979,17690,15361,1,7/1/2024
1018,2025,202407,5,6,4,3,3,7,5,9979,11150,12597,1,7/1/2024
1333,2025,202408,1,8,1,2,,6,5,9979,4733,9190,1,7/1/2024
2963,2025,202408,1,3,3,19,,8,5,9975,17629,10197,1,7/1/2024
2209,2025,202408,2,2,3,31,,7,4,9972,5204,13365,1,7/1/2024
905,2025,202407,2,8,3,18,,5,4,9968,4647,15504,1,7/1/2024
1307,2025,202408,4,7,1,1,,1,3,9968,10140,16568,1,7/1/2024
2236,2025,202408,1,6,1,8,,8,4,9968,12115,8768,1,7/1/2024
2825,2025,202407,3,8,4,13,13,8,5,9968,9940,9100,1,7/1/2024
989,2025,202407,1,4,2,3,,8,3,9961,6075,6993,1,7/1/2024
1169,2025,202408,2,7,1,34,,3,4,9958,16490,3718,1,7/1/2024
2464,2025,202408,3,2,3,24,,2,2,9958,15665,16275,1,7/1/2024
2840,2025,202407,4,7,4,2,2,4,5,9947,15375,6015,1,7/1/2024
2889,2025,202407,1,1,2,25,,2,3,9947,5900,15743,1,7/1/2024
1204,2025,202407,3,8,4,13,13,5,5,9933,12668,10133,1,7/1/2024
1620,2025,202408,5,8,1,29,,7,1,9933,5622,5979,1,7/1/2024
244,2025,202408,4,2,4,23,3,6,5,9925,10640,13954,1,7/1/2024
2739,2025,202407,5,8,1,27,,5,5,9925,16111,4611,1,7/1/2024
2605,2025,202407,4,8,4,28,8,8,5,9922,15361,17683,1,7/1/2024
1965,2025,202408,4,4,1,24,,5,5,9918,14318,14079,1,7/1/2024
2507,2025,202408,3,1,4,9,9,8,3,9918,4036,10272,1,7/1/2024
471,2025,202408,5,3,4,12,12,5,4,9904,14279,6629,1,7/1/2024
1266,2025,202407,1,2,2,9,,7,3,9900,7175,6354,1,7/1/2024
1774,2025,202408,4,7,2,4,,7,3,9897,15243,9093,1,7/1/2024
1979,2025,202407,2,1,1,16,,4,1,9890,7568,6275,1,7/1/2024
57,2025,202408,2,3,2,3,,5,5,9879,3629,10022,1,7/1/2024
2597,2025,202407,3,5,4,40,20,6,2,9879,16125,10508,1,7/1/2024
286,2025,202408,1,6,2,22,,4,2,9872,6325,9015,1,7/1/2024
387,2025,202408,5,2,3,24,,5,5,9872,11840,11622,1,7/1/2024
587,2025,202407,5,8,2,31,,1,5,9868,5068,4779,1,7/1/2024
1615,2025,202408,2,6,1,21,,1,1,9868,4136,13886,1,7/1/2024
183,2025,202409,2,3,2,34,,2,2,9858,10090,5979,1,7/1/2024
1715,2025,202407,2,6,3,33,,3,3,9847,10668,13404,1,7/1/2024
1024,2025,202409,1,1,2,21,,7,5,9843,4543,5529,1,7/1/2024
1462,2025,202408,1,1,4,8,8,8,2,9843,15979,9261,1,7/1/2024
1590,2025,202407,3,1,1,11,,6,2,9843,13586,7533,1,7/1/2024
1455,2025,202408,2,7,2,24,,6,2,9840,9543,12022,1,7/1/2024
207,2025,202407,3,6,1,18,,2,5,9829,10358,6272,1,7/1/2024
219,2025,202409,2,3,4,6,6,1,4,9825,8150,10265,1,7/1/2024
1203,2025,202409,4,8,2,25,,8,2,9825,9233,17558,1,7/1/2024
635,2025,202408,2,8,1,24,,5,3,9818,12543,13961,1,7/1/2024
335,2025,202408,3,1,1,2,,6,1,9808,9143,17708,1,7/1/2024
385,2025,202408,1,3,3,30,,5,4,9808,6211,14590,1,7/1/2024
2813,2025,202407,1,3,4,3,3,1,4,9808,11286,14483,1,7/1/2024
568,2025,202409,1,7,1,29,,7,1,9793,15040,7200,1,7/1/2024
675,2025,202409,1,7,1,12,,8,3,9790,17586,14325,1,7/1/2024
1881,2025,202407,4,3,2,40,,2,1,9790,7354,17650,1,7/1/2024
1251,2025,202408,2,2,4,16,16,4,4,9783,13143,3958,1,7/1/2024
1446,2025,202407,3,3,3,32,,5,3,9783,16429,8897,1,7/1/2024
422,2025,202409,1,5,4,36,16,2,2,9772,3704,13440,1,7/1/2024
2201,2025,202409,2,1,3,2,,3,1,9765,12365,11533,1,7/1/2024
864,2025,202407,5,1,2,2,,3,1,9758,12461,8615,1,7/1/2024
2027,2025,202407,5,6,1,40,,1,1,9758,3790,3911,1,7/1/2024
2385,2025,202409,3,3,4,9,9,1,2,9754,9186,6229,1,7/1/2024
19,2025,202408,2,7,4,29,9,6,1,9747,16558,9529,1,7/1/2024
2442,2025,202409,5,3,2,14,,1,4,9743,8475,5443,1,7/1/2024
1534,2025,202407,3,6,2,39,,7,5,9733,9154,12943,1,7/1/2024
2496,2025,202408,1,7,4,1,1,8,1,9733,15068,6583,1,7/1/2024
898,2025,202407,5,7,4,9,9,1,3,9722,5100,15697,1,7/1/2024
1811,2025,202408,4,2,4,39,19,1,5,9722,8504,14404,1,7/1/2024
2466,2025,202408,2,8,4,22,2,8,3,9722,16243,9940,1,7/1/2024
1478,2025,202408,3,5,4,37,17,5,3,9711,14990,6897,1,7/1/2024
2747,2025,202408,4,8,4,10,10,3,5,9711,13190,17236,1,7/1/2024
2066,2025,202407,3,2,1,6,,7,3,9708,6340,11625,1,7/1/2024
1328,2025,202409,2,3,1,7,,2,1,9690,7100,4747,1,7/1/2024
109,2025,202407,3,2,1,25,,1,5,9683,17136,8254,1,7/1/2024
107,2025,202407,2,5,4,20,20,4,5,9679,10333,10368,1,7/1/2024
2980,2025,202409,2,7,1,40,,1,5,9679,6811,8150,1,7/1/2024
2298,2025,202408,4,5,1,6,,2,3,9668,14236,9540,1,7/1/2024
147,2025,202409,4,3,4,12,12,2,3,9661,3897,9697,1,7/1/2024
1714,2025,202407,5,3,1,16,,6,5,9661,12493,15693,1,7/1/2024
919,2025,202407,5,8,1,38,,1,2,9658,5772,8693,1,7/1/2024
2012,2025,202409,4,4,4,24,4,4,1,9640,5715,16072,1,7/1/2024
407,2025,202407,3,4,4,7,7,1,2,9636,14543,14997,1,7/1/2024
1112,2025,202409,3,8,1,23,,5,4,9633,5086,12365,1,7/1/2024
585,2025,202407,4,7,4,9,9,7,1,9622,14736,8033,1,7/1/2024
763,2025,202409,2,4,1,26,,6,3,9622,13722,12847,1,7/1/2024
2010,2025,202407,2,8,4,29,9,8,4,9622,16058,6565,1,7/1/2024
2672,2025,202409,1,3,2,23,,8,1,9618,11068,8243,1,7/1/2024
1501,2025,202409,1,6,1,32,,7,4,9611,9643,12290,1,7/1/2024
2821,2025,202407,3,8,4,22,2,2,2,9608,15561,5522,1,7/1/2024
2548,2025,202409,3,2,4,30,10,1,5,9604,9665,12725,1,7/1/2024
544,2025,202409,3,5,1,25,,4,4,9593,9179,9840,1,7/1/2024
1139,2025,202408,3,6,4,32,12,1,2,9593,6090,10883,1,7/1/2024
2093,2025,202407,3,6,1,23,,7,2,9593,12200,5933,1,7/1/2024
151,2025,202408,5,2,2,39,,2,1,9590,3693,10047,1,7/1/2024
1009,2025,202409,1,4,1,4,,1,3,9590,14543,15779,1,7/1/2024
2068,2025,202409,3,3,1,26,,3,1,9590,17043,9022,1,7/1/2024
2753,2025,202409,4,2,4,2,2,5,1,9586,5161,7133,1,7/1/2024
1635,2025,202407,2,6,4,31,11,1,2,9579,10186,17179,1,7/1/2024
2202,2025,202409,1,4,3,2,,4,1,9579,7104,7693,1,7/1/2024
903,2025,202409,4,4,3,28,,2,4,9575,16700,7165,1,7/1/2024
2163,2025,202408,4,6,3,7,,6,2,9575,10540,5247,1,7/1/2024
2563,2025,202409,2,8,3,40,,7,1,9568,14615,17833,1,7/1/2024
1592,2025,202407,4,4,2,31,,6,2,9565,16543,14536,1,7/1/2024
1348,2025,202408,5,8,4,32,12,8,3,9554,12611,15754,1,7/1/2024
1888,2025,202409,4,2,2,16,,6,4,9550,13183,15704,1,7/1/2024
2591,2025,202409,1,7,4,25,5,7,5,9543,7518,3786,1,7/1/2024
1264,2025,202407,3,8,4,23,3,2,4,9540,6129,7533,1,7/1/2024
2429,2025,202409,5,8,4,13,13,7,4,9536,4797,14354,1,7/1/2024
890,2025,202407,2,8,2,3,,2,1,9533,8365,10779,1,7/1/2024
1532,2025,202408,4,1,4,13,13,8,4,9533,16597,16618,1,7/1/2024
809,2025,202408,3,7,4,2,2,8,1,9529,5368,10586,1,7/1/2024
1378,2025,202408,1,4,1,37,,4,2,9525,4565,9133,1,7/1/2024
2734,2025,202409,1,3,2,30,,6,3,9525,4468,10500,1,7/1/2024
992,2025,202408,4,6,1,36,,4,2,9522,6915,9968,1,7/1/2024
1114,2025,202407,4,5,1,25,,6,1,9522,8997,17529,1,7/1/2024
1019,2025,202409,4,3,1,17,,3,5,9515,6061,12608,1,7/1/2024
1045,2025,202407,2,2,3,29,,5,5,9515,4643,5750,1,7/1/2024
389,2025,202407,2,7,3,30,,4,2,9508,13175,3618,1,7/1/2024
943,2025,202409,2,7,3,38,,5,5,9504,8475,6083,1,7/1/2024
324,2025,202409,2,4,4,23,3,2,5,9493,8954,11050,1,7/1/2024
1678,2025,202409,2,2,2,14,,1,3,9490,7222,3768,1,7/1/2024
2099,2025,202408,4,1,2,25,,8,4,9486,8947,13475,1,7/1/2024
2950,2025,202408,4,4,2,5,,7,3,9483,11272,16758,1,7/1/2024
1878,2025,202408,2,6,2,35,,7,1,9479,16408,7168,1,7/1/2024
2176,2025,202409,1,8,2,16,,3,1,9472,4618,15158,1,7/1/2024
2488,2025,202407,4,2,4,39,19,2,2,9472,14193,7475,1,7/1/2024
1174,2025,202408,5,2,3,38,,2,4,9465,13429,12022,1,7/1/2024
1657,2025,202407,4,4,2,13,,7,4,9465,8704,3743,1,7/1/2024
2581,2025,202407,5,7,4,35,15,8,3,9461,17733,5018,1,7/1/2024
2996,2025,202408,3,4,2,16,,1,2,9454,9779,11729,1,7/1/2024
690,2025,202407,5,7,1,25,,1,3,9450,14983,14675,1,7/1/2024
1794,2025,202407,2,4,2,38,,3,4,9447,3847,4983,1,7/1/2024
523,2025,202409,2,5,1,12,,5,4,9443,15129,8768,1,7/1/2024
2502,2025,202409,1,8,3,17,,5,1,9443,10543,9697,1,7/1/2024
373,2025,202409,5,6,2,28,,2,4,9440,6965,10779,1,7/1/2024
484,2025,202408,3,1,4,12,12,5,5,9436,11061,10736,1,7/1/2024
929,2025,202408,1,7,4,4,4,4,2,9433,9290,5579,1,7/1/2024
1053,2025,202408,2,4,1,31,,7,2,9433,6683,8965,1,7/1/2024
1703,2025,202409,1,1,2,16,,3,4,9425,14872,15954,1,7/1/2024
354,2025,202408,5,8,4,11,11,2,4,9418,4033,10893,1,7/1/2024
1091,2025,202407,3,4,3,12,,6,2,9418,15886,9397,1,7/1/2024
1210,2025,202408,4,7,2,14,,1,3,9418,13825,9133,1,7/1/2024
1483,2025,202409,5,8,2,14,,4,2,9418,4411,4575,1,7/1/2024
1792,2025,202407,1,8,1,33,,8,1,9415,3918,7397,1,7/1/2024
100,2025,202407,3,2,4,26,6,6,4,9411,3750,10643,1,7/1/2024
2339,2025,202408,5,4,4,12,12,7,5,9411,8347,11415,1,7/1/2024
1759,2025,202409,1,4,1,27,,2,4,9390,8943,10893,1,7/1/2024
1639,2025,202408,5,6,3,19,,6,3,9386,4840,4183,1,7/1/2024
2206,2025,202408,4,5,4,10,10,8,4,9386,4011,16779,1,7/1/2024
1188,2025,202407,1,7,1,15,,3,4,9383,12979,12308,1,7/1/2024
427,2025,202408,1,8,2,39,,2,3,9358,15775,5436,1,7/1/2024
381,2025,202408,5,3,4,19,19,3,4,9354,13258,6911,1,7/1/2024
807,2025,202408,4,3,1,17,,8,4,9354,4165,13286,1,7/1/2024
1551,2025,202407,2,2,3,39,,8,5,9354,17372,10665,1,7/1/2024
264,2025,202408,1,6,4,40,20,5,1,9350,11215,17636,1,7/1/2024
2222,2025,202409,2,7,2,32,,1,5,9350,17833,3679,1,7/1/2024
1320,2025,202407,5,5,1,35,,3,5,9347,11147,17015,1,7/1/2024
1418,2025,202408,5,1,1,5,,3,2,9347,10150,14104,1,7/1/2024
292,2025,202408,4,8,2,18,,1,5,9343,14833,8711,1,7/1/2024
2992,2025,202407,1,6,3,30,,2,1,9340,15686,15615,1,7/1/2024
283,2025,202408,1,4,2,3,,3,1,9329,7740,14418,1,7/1/2024
257,2025,202407,1,7,3,19,,7,3,9322,14693,10983,1,7/1/2024
2061,2025,202407,4,5,4,21,1,4,2,9318,8900,12800,1,7/1/2024
977,2025,202408,1,7,4,10,10,5,3,9308,7597,16672,1,7/1/2024
1416,2025,202409,2,2,3,37,,1,1,9297,17243,5343,1,7/1/2024
1734,2025,202407,2,8,1,32,,4,2,9283,5272,14029,1,7/1/2024
2814,2025,202408,5,2,3,34,,6,3,9283,15315,8497,1,7/1/2024
2337,2025,202407,2,4,2,4,,2,1,9279,9822,13425,1,7/1/2024
2766,2025,202408,4,7,2,31,,8,1,9275,8379,17379,1,7/1/2024
2823,2025,202407,5,2,3,11,,2,4,9275,17136,10836,1,7/1/2024
87,2025,202408,4,4,1,32,,8,3,9272,15604,5708,1,7/1/2024
425,2025,202409,2,8,1,28,,7,1,9272,15272,11550,1,7/1/2024
2344,2025,202409,2,6,4,37,17,1,3,9268,13418,11018,1,7/1/2024
1704,2025,202407,4,5,1,33,,6,3,9258,6318,14400,1,7/1/2024
1913,2025,202409,1,8,4,23,3,6,2,9258,13815,5004,1,7/1/2024
2113,2025,202409,4,5,1,37,,7,4,9258,8968,8533,1,7/1/2024
1044,2025,202408,1,8,4,5,5,1,3,9250,15825,4675,1,7/1/2024
1837,2025,202407,3,8,3,40,,5,3,9247,6615,17225,1,7/1/2024
1604,2025,202409,3,6,1,34,,7,4,9240,8890,11025,1,7/1/2024
1212,2025,202407,5,2,3,22,,8,2,9229,16411,6250,1,7/1/2024
2301,2025,202409,3,7,3,13,,8,5,9211,5411,8447,1,7/1/2024
787,2025,202408,4,4,1,39,,2,4,9204,11093,16286,1,7/1/2024
2987,2025,202409,5,2,1,26,,3,5,9204,13461,3658,1,7/1/2024
2729,2025,202407,4,3,2,17,,5,1,9200,5368,17090,1,7/1/2024
1707,2025,202407,1,8,4,10,10,3,3,9197,16629,14958,1,7/1/2024
725,2025,202408,1,5,3,32,,2,5,9193,13254,13958,1,7/1/2024
153,2025,202409,2,8,1,3,,2,2,9186,10533,10325,1,7/1/2024
1403,2025,202407,1,7,3,12,,5,3,9186,10511,10854,1,7/1/2024
450,2025,202409,2,3,2,21,,2,1,9183,13825,8636,1,7/1/2024
752,2025,202407,1,6,3,11,,6,5,9183,15347,9129,1,7/1/2024
1567,2025,202409,3,3,1,23,,8,5,9179,15297,11325,1,7/1/2024
2065,2025,202409,1,4,2,14,,2,3,9165,6508,5500,1,7/1/2024
39,2025,202408,3,4,3,2,,3,3,9158,8333,7465,1,7/1/2024
2520,2025,202408,5,5,2,8,,6,3,9150,14211,9940,1,7/1/2024
1898,2025,202408,2,5,2,33,,4,3,9136,5890,7497,1,7/1/2024
2238,2025,202407,5,3,1,11,,7,3,9133,5800,6550,1,7/1/2024
2079,2025,202409,5,8,1,27,,3,1,9129,17154,13865,1,7/1/2024
2709,2025,202408,3,8,2,36,,1,2,9129,16611,7111,1,7/1/2024
397,2025,202409,5,6,2,5,,2,5,9125,7450,10090,1,7/1/2024
1645,2025,202409,1,1,1,29,,2,2,9125,14036,8929,1,7/1/2024
2451,2025,202407,4,4,4,6,6,2,5,9122,9186,5358,1,7/1/2024
14,2025,202408,2,5,3,4,,6,1,9115,16950,6043,1,7/1/2024
1641,2025,202408,1,8,1,21,,2,1,9115,5972,14565,1,7/1/2024
1696,2025,202407,1,6,4,14,14,1,2,9111,7015,9968,1,7/1/2024
55,2025,202408,3,7,1,29,,3,5,9108,12890,8065,1,7/1/2024
2551,2025,202408,3,8,1,35,,1,2,9104,8672,7443,1,7/1/2024
2948,2025,202407,3,3,3,13,,7,5,9104,14518,16815,1,7/1/2024
2270,2025,202407,2,2,4,25,5,3,5,9097,4950,7650,1,7/1/2024
1094,2025,202408,2,3,1,10,,1,1,9093,17815,17765,1,7/1/2024
276,2025,202407,5,7,3,32,,8,5,9090,9493,4197,1,7/1/2024
434,2025,202408,1,1,1,13,,4,1,9090,14018,9200,1,7/1/2024
2858,2025,202409,3,8,2,3,,3,1,9090,7247,8583,1,7/1/2024
2204,2025,202407,4,6,4,18,18,8,4,9075,12733,6675,1,7/1/2024
1658,2025,202409,5,5,3,40,,7,2,9072,10133,5522,1,7/1/2024
876,2025,202407,4,6,4,11,11,8,1,9065,14300,14283,1,7/1/2024
2704,2025,202408,3,6,3,9,,1,2,9065,14715,6229,1,7/1/2024
408,2025,202407,2,4,4,22,2,4,2,9058,4929,3968,1,7/1/2024
582,2025,202407,3,4,1,35,,3,1,9058,14154,13918,1,7/1/2024
1071,2025,202409,1,5,2,26,,6,5,9050,8065,14854,1,7/1/2024
782,2025,202409,4,6,4,19,19,7,3,9043,13440,14511,1,7/1/2024
1225,2025,202409,2,4,1,36,,7,3,9043,4097,16525,1,7/1/2024
2540,2025,202409,4,6,2,7,,1,2,9040,4008,11293,1,7/1/2024
2688,2025,202407,5,6,1,33,,1,5,9040,8190,9436,1,7/1/2024
2795,2025,202407,4,6,1,1,,3,4,9036,4650,5797,1,7/1/2024
1879,2025,202408,4,6,2,9,,3,3,9033,6297,11904,1,7/1/2024
2368,2025,202407,4,1,4,22,2,2,2,9033,5365,14697,1,7/1/2024
301,2025,202407,1,7,3,13,,3,3,9025,8900,17672,1,7/1/2024
1473,2025,202409,5,3,2,23,,1,3,9022,15883,6697,1,7/1/2024
2911,2025,202407,5,7,4,13,13,2,3,9018,11454,14329,1,7/1/2024
539,2025,202409,4,5,3,22,,5,2,9011,11822,17611,1,7/1/2024
2638,2025,202408,2,2,2,18,,7,3,8997,16040,14718,1,7/1/2024
1175,2025,202409,4,8,1,28,,4,3,8993,17200,12211,1,7/1/2024
2863,2025,202409,3,7,1,12,,3,2,8993,11897,9500,1,7/1/2024
2441,2025,202409,1,6,3,13,,4,3,8990,6147,10840,1,7/1/2024
2356,2025,202407,1,6,1,23,,1,1,8983,3772,10672,1,7/1/2024
2866,2025,202409,5,2,3,36,,8,4,8983,6515,5754,1,7/1/2024
1629,2025,202409,3,1,4,35,15,7,5,8975,5536,10865,1,7/1/2024
2139,2025,202409,5,8,3,39,,3,1,8972,10522,3690,1,7/1/2024
801,2025,202409,4,6,4,38,18,3,1,8940,12825,3875,1,7/1/2024
2770,2025,202409,1,3,2,2,,4,3,8936,15415,14122,1,7/1/2024
1372,2025,202407,5,8,4,6,6,7,5,8929,17800,15875,1,7/1/2024
2934,2025,202409,5,5,1,38,,1,3,8922,9700,16629,1,7/1/2024
2237,2025,202408,2,1,3,4,,8,5,8915,15679,9133,1,7/1/2024
444,2025,202409,3,6,3,34,,3,2,8904,9683,14336,1,7/1/2024
1493,2025,202407,2,5,3,17,,3,3,8900,4247,9068,1,7/1/2024
1807,2025,202407,3,1,2,16,,2,1,8897,5336,13825,1,7/1/2024
1351,2025,202408,3,8,1,26,,4,1,8893,3808,15918,1,7/1/2024
1036,2025,202408,5,3,3,4,,1,4,8883,10486,8275,1,7/1/2024
2462,2025,202408,5,3,2,3,,3,5,8879,6629,7936,1,7/1/2024
327,2025,202409,1,5,3,4,,1,1,8875,17322,15568,1,7/1/2024
1861,2025,202409,4,2,2,3,,4,2,8868,10197,8783,1,7/1/2024
89,2025,202409,1,5,3,40,,3,4,8858,16197,8972,1,7/1/2024
1436,2025,202409,1,4,1,2,,5,2,8858,8186,11575,1,7/1/2024
1720,2025,202408,3,4,4,20,20,4,4,8854,7936,9275,1,7/1/2024
1808,2025,202408,4,1,2,12,,1,1,8850,13261,8447,1,7/1/2024
1023,2025,202407,4,8,1,2,,8,5,8847,5104,15161,1,7/1/2024
588,2025,202407,4,1,4,7,7,6,4,8843,6615,17704,1,7/1/2024
2839,2025,202407,3,7,4,31,11,7,4,8840,12583,10211,1,7/1/2024
234,2025,202409,2,1,4,36,16,7,3,8836,15504,8279,1,7/1/2024
1858,2025,202407,1,4,4,20,20,4,1,8825,17604,17175,1,7/1/2024
2519,2025,202408,5,1,4,14,14,1,1,8815,4547,13868,1,7/1/2024
2528,2025,202409,5,3,4,1,1,8,4,8815,6147,14390,1,7/1/2024
512,2025,202409,1,2,4,34,14,1,4,8808,5250,5265,1,7/1/2024
1479,2025,202408,4,2,4,30,10,6,2,8804,14822,11054,1,7/1/2024
2873,2025,202409,4,5,2,18,,7,1,8804,16775,13725,1,7/1/2024
2711,2025,202409,3,8,4,20,20,3,2,8800,7040,4975,1,7/1/2024
2802,2025,202408,5,5,3,36,,7,3,8800,17054,17361,1,7/1/2024
2986,2025,202407,5,3,4,19,19,2,2,8800,5854,11958,1,7/1/2024
2273,2025,202409,2,3,3,8,,4,5,8790,5975,16811,1,7/1/2024
1484,2025,202408,3,8,2,39,,2,2,8768,7650,4879,1,7/1/2024
2776,2025,202407,4,7,4,11,11,3,5,8768,9693,3929,1,7/1/2024
225,2025,202409,3,8,4,34,14,4,2,8765,14793,12725,1,7/1/2024
1314,2025,202409,5,5,3,16,,8,3,8765,3740,5983,1,7/1/2024
2024,2025,202408,4,2,4,12,12,6,1,8765,9575,6608,1,7/1/2024
553,2025,202407,3,2,3,27,,8,2,8747,6308,17300,1,7/1/2024
164,2025,202409,1,2,1,13,,1,3,8743,14650,6308,1,7/1/2024
1285,2025,202407,2,3,3,37,,5,5,8743,9997,9311,1,7/1/2024
2653,2025,202409,3,1,3,15,,7,5,8740,11054,8293,1,7/1/2024
155,2025,202409,1,8,1,28,,8,2,8736,9665,12250,1,7/1/2024
946,2025,202407,1,2,1,2,,5,2,8736,7968,17597,1,7/1/2024
2162,2025,202408,5,8,4,18,18,5,2,8733,7558,13936,1,7/1/2024
162,2025,202409,1,4,3,9,,1,3,8729,12411,11675,1,7/1/2024
1907,2025,202408,1,5,1,32,,5,4,8729,8418,15347,1,7/1/2024
1066,2025,202407,3,8,4,18,18,6,3,8725,11933,4379,1,7/1/2024
1695,2025,202409,5,3,2,3,,1,2,8715,6593,4715,1,7/1/2024
1149,2025,202409,3,5,3,19,,7,1,8711,16583,5904,1,7/1/2024
1583,2025,202409,1,6,1,5,,2,5,8711,13208,3829,1,7/1/2024
47,2025,202409,5,5,2,25,,3,2,8708,4354,16250,1,7/1/2024
2678,2025,202407,1,8,1,28,,1,4,8708,4840,14447,1,7/1/2024
2981,2025,202407,4,3,3,29,,5,4,8708,7068,16536,1,7/1/2024
1261,2025,202409,4,6,2,25,,2,2,8679,13175,6190,1,7/1/2024
2003,2025,202408,4,8,2,17,,4,5,8679,8215,14143,1,7/1/2024
138,2025,202409,4,2,1,37,,1,5,8672,9147,10415,1,7/1/2024
252,2025,202409,5,1,4,39,19,3,1,8672,15136,5258,1,7/1/2024
2569,2025,202409,1,6,4,30,10,1,4,8672,14968,15600,1,7/1/2024
242,2025,202407,5,8,2,26,,8,2,8658,12250,10779,1,7/1/2024
2609,2025,202409,3,2,2,26,,2,3,8658,13911,10061,1,7/1/2024
480,2025,202409,5,7,1,11,,7,2,8643,12568,11111,1,7/1/2024
1192,2025,202409,2,7,3,2,,3,4,8643,14122,4425,1,7/1/2024
312,2025,202407,5,2,2,29,,7,1,8640,14104,6736,1,7/1/2024
2679,2025,202409,3,3,1,10,,8,2,8636,4497,9054,1,7/1/2024
2558,2025,202409,3,3,3,21,,3,5,8633,9043,14068,1,7/1/2024
2769,2025,202408,4,6,1,37,,4,1,8629,10172,17797,1,7/1/2024
2336,2025,202408,1,2,2,26,,1,1,8618,12636,17604,1,7/1/2024
2577,2025,202407,2,2,1,15,,5,2,8618,4454,13550,1,7/1/2024
2366,2025,202409,5,6,1,13,,7,5,8611,16154,13311,1,7/1/2024
2487,2025,202408,2,6,3,7,,3,3,8600,9233,9868,1,7/1/2024
424,2025,202409,4,7,3,31,,5,5,8597,16840,12533,1,7/1/2024
1779,2025,202408,5,2,4,34,14,7,3,8597,4804,4247,1,7/1/2024
322,2025,202407,3,4,3,39,,8,5,8593,8429,12904,1,7/1/2024
2856,2025,202409,4,4,1,17,,7,3,8593,8558,13065,1,7/1/2024
400,2025,202409,3,8,3,7,,5,3,8590,6404,17565,1,7/1/2024
1638,2025,202409,4,7,1,30,,1,3,8590,15533,15029,1,7/1/2024
1150,2025,202408,4,6,2,37,,3,5,8586,7565,14547,1,7/1/2024
1521,2025,202408,2,3,3,8,,3,4,8586,10343,11450,1,7/1/2024
1118,2025,202409,3,2,2,32,,6,4,8583,13233,8822,1,7/1/2024
1856,2025,202407,1,5,1,36,,2,1,8579,14190,12647,1,7/1/2024
2095,2025,202408,2,3,3,23,,4,3,8575,11904,12183,1,7/1/2024
2082,2025,202409,2,5,4,22,2,1,1,8565,15397,15333,1,7/1/2024
2471,2025,202408,2,4,1,13,,1,3,8558,7561,11379,1,7/1/2024
887,2025,202408,3,6,2,33,,5,1,8554,15233,10318,1,7/1/2024
1873,2025,202407,3,8,2,13,,7,2,8550,10158,4786,1,7/1/2024
2967,2025,202409,1,5,2,40,,5,4,8547,14861,9658,1,7/1/2024
2150,2025,202409,5,6,2,8,,8,4,8540,17725,4322,1,7/1/2024
53,2025,202409,3,6,2,2,,1,3,8533,14718,4600,1,7/1/2024
556,2025,202409,5,1,3,37,,6,2,8533,15608,7518,1,7/1/2024
88,2025,202409,3,5,4,15,15,4,5,8522,8568,12825,1,7/1/2024
2717,2025,202407,3,3,1,13,,1,2,8511,13047,10833,1,7/1/2024
457,2025,202407,4,4,4,32,12,8,4,8508,10518,5943,1,7/1/2024
2607,2025,202407,4,4,4,38,18,7,4,8504,11958,12865,1,7/1/2024
1048,2025,202408,4,5,1,18,,5,3,8497,6215,11193,1,7/1/2024
2842,2025,202409,2,4,1,11,,5,5,8483,10947,10968,1,7/1/2024
2601,2025,202407,2,4,4,29,9,4,3,8479,6708,8779,1,7/1/2024
1561,2025,202408,5,4,1,34,,1,2,8475,5536,15058,1,7/1/2024
2078,2025,202409,1,7,2,19,,5,5,8458,17340,12618,1,7/1/2024
133,2025,202409,1,3,4,26,6,1,5,8450,6075,13504,1,7/1/2024
179,2025,202407,3,6,4,27,7,4,1,8450,16147,7565,1,7/1/2024
867,2025,202407,1,2,4,1,1,2,2,8450,3758,13583,1,7/1/2024
2193,2025,202408,3,6,1,35,,3,1,8450,12261,14454,1,7/1/2024
3,2025,202407,5,8,4,14,14,6,5,8443,5765,13522,1,7/1/2024
2850,2025,202408,3,4,1,16,,8,4,8443,6872,6961,1,7/1/2024
1764,2025,202408,2,7,4,10,10,8,1,8425,9504,13204,1,7/1/2024
695,2025,202409,2,2,2,4,,4,4,8411,8804,9847,1,7/1/2024
1125,2025,202408,2,8,4,33,13,6,5,8411,12975,7400,1,7/1/2024
178,2025,202409,3,7,3,28,,4,4,8408,14365,15629,1,7/1/2024
703,2025,202408,3,5,2,3,,7,1,8404,5268,16918,1,7/1/2024
2689,2025,202407,2,8,3,36,,6,4,8404,11079,13915,1,7/1/2024
2049,2025,202409,2,4,1,8,,2,2,8397,15175,7683,1,7/1/2024
1798,2025,202408,3,2,2,39,,3,4,8393,12897,12050,1,7/1/2024
646,2025,202407,2,7,1,10,,1,2,8383,4422,16936,1,7/1/2024
68,2025,202409,2,6,1,20,,3,2,8368,13254,11065,1,7/1/2024
1424,2025,202409,2,1,1,17,,1,3,8368,14750,11750,1,7/1/2024
894,2025,202407,1,1,1,5,,1,2,8365,7318,15515,1,7/1/2024
2662,2025,202408,2,6,2,39,,2,4,8361,9925,8693,1,7/1/2024
704,2025,202408,1,7,1,9,,7,4,8350,17086,13775,1,7/1/2024
691,2025,202409,3,8,1,17,,2,1,8347,16265,5061,1,7/1/2024
1489,2025,202409,4,3,4,12,12,1,2,8343,12236,4675,1,7/1/2024
2806,2025,202408,3,4,1,28,,7,5,8343,7933,13533,1,7/1/2024
490,2025,202407,5,7,2,36,,5,2,8325,14975,7236,1,7/1/2024
2006,2025,202407,3,3,4,3,3,6,3,8322,17725,9483,1,7/1/2024
978,2025,202408,3,6,1,30,,1,4,8318,11861,6115,1,7/1/2024
1427,2025,202408,5,2,3,30,,8,1,8315,6493,12268,1,7/1/2024
1814,2025,202408,4,1,1,31,,5,3,8311,9047,4647,1,7/1/2024
1064,2025,202408,1,8,4,7,7,1,3,8308,4604,6508,1,7/1/2024
2612,2025,202408,1,4,3,5,,3,3,8304,4479,15983,1,7/1/2024
995,2025,202407,4,5,2,15,,7,1,8297,6908,15375,1,7/1/2024
320,2025,202408,5,3,2,23,,4,3,8279,6047,12604,1,7/1/2024
678,2025,202408,5,5,2,19,,4,2,8268,14975,8261,1,7/1/2024
517,2025,202407,4,2,2,19,,1,4,8258,5093,14740,1,7/1/2024
1298,2025,202407,5,5,2,33,,6,3,8254,10075,4940,1,7/1/2024
26,2025,202407,5,7,2,27,,8,3,8247,13479,11786,1,7/1/2024
436,2025,202407,5,6,1,40,,4,5,8247,7693,7811,1,7/1/2024
1784,2025,202408,4,6,4,39,19,7,2,8247,15686,7222,1,7/1/2024
540,2025,202407,5,2,1,17,,6,5,8236,15515,12436,1,7/1/2024
275,2025,202409,2,8,1,11,,7,4,8233,14704,12250,1,7/1/2024
2085,2025,202408,3,7,2,37,,3,4,8229,13786,13736,1,7/1/2024
1676,2025,202407,5,4,3,2,,7,2,8225,8383,9140,1,7/1/2024
1783,2025,202408,4,2,2,15,,6,4,8225,5390,7886,1,7/1/2024
805,2025,202408,1,2,4,36,16,6,1,8222,7218,17575,1,7/1/2024
1250,2025,202409,5,6,4,17,17,2,4,8211,3886,12783,1,7/1/2024
2262,2025,202408,4,3,3,9,,6,2,8211,15543,12193,1,7/1/2024
118,2025,202407,5,3,3,20,,6,3,8208,13947,15818,1,7/1/2024
433,2025,202408,2,2,2,5,,4,4,8208,16225,15393,1,7/1/2024
952,2025,202409,2,7,1,30,,6,5,8208,16893,13904,1,7/1/2024
1781,2025,202408,3,6,2,22,,7,1,8208,11768,13575,1,7/1/2024
144,2025,202409,5,3,1,22,,2,3,8204,5325,4290,1,7/1/2024
1466,2025,202407,3,3,2,11,,4,2,8204,6179,3636,1,7/1/2024
461,2025,202407,4,4,2,38,,7,4,8200,7683,9872,1,7/1/2024
181,2025,202408,1,6,4,1,1,4,5,8175,12315,10779,1,7/1/2024
509,2025,202407,1,8,1,31,,3,3,8172,6529,17611,1,7/1/2024
396,2025,202409,5,8,3,12,,4,3,8165,11911,5297,1,7/1/2024
520,2025,202409,2,4,1,26,,7,1,8165,11779,6829,1,7/1/2024
2484,2025,202407,4,2,1,27,,2,3,8165,12079,13986,1,7/1/2024
2266,2025,202407,2,3,2,3,,4,1,8161,11075,13518,1,7/1/2024
99,2025,202409,1,6,4,37,17,8,3,8154,11850,4783,1,7/1/2024
185,2025,202409,5,7,1,38,,3,1,8150,3986,14100,1,7/1/2024
280,2025,202408,5,8,2,24,,4,4,8147,8754,7836,1,7/1/2024
2554,2025,202408,1,4,4,22,2,2,5,8147,10347,7997,1,7/1/2024
122,2025,202408,2,6,1,17,,6,4,8143,4961,12368,1,7/1/2024
165,2025,202407,2,6,2,22,,2,3,8136,4093,6061,1,7/1/2024
1876,2025,202408,1,7,1,11,,5,3,8129,6715,5843,1,7/1/2024
2596,2025,202409,3,4,3,39,,4,4,8125,6340,9765,1,7/1/2024
74,2025,202409,2,8,4,16,16,1,5,8122,17579,11200,1,7/1/2024
572,2025,202408,4,7,4,28,8,5,5,8122,15190,3972,1,7/1/2024
319,2025,202408,5,8,2,36,,4,5,8118,11743,16954,1,7/1/2024
173,2025,202409,3,5,2,37,,8,2,8111,10754,6540,1,7/1/2024
923,2025,202407,2,3,1,19,,8,4,8097,13718,8843,1,7/1/2024
191,2025,202409,5,1,2,23,,4,3,8093,5461,5690,1,7/1/2024
2043,2025,202409,1,6,4,17,17,5,2,8090,14336,7868,1,7/1/2024
1196,2025,202409,4,1,2,35,,6,2,8086,6272,7533,1,7/1/2024
2151,2025,202407,3,7,3,33,,7,2,8086,6861,17272,1,7/1/2024
2784,2025,202407,4,5,1,31,,5,5,8072,4725,9461,1,7/1/2024
291,2025,202407,3,7,3,30,,4,1,8058,16472,7968,1,7/1/2024
2901,2025,202407,4,3,3,14,,2,3,8054,8497,16550,1,7/1/2024
2319,2025,202407,1,5,4,23,3,1,1,8050,11847,8568,1,7/1/2024
552,2025,202409,2,1,1,21,,5,1,8047,4000,17529,1,7/1/2024
267,2025,202409,1,8,4,17,17,4,4,8043,8465,16922,1,7/1/2024
710,2025,202409,2,2,1,39,,1,5,8043,4458,11765,1,7/1/2024
808,2025,202409,4,4,2,2,,4,5,8043,13111,5975,1,7/1/2024
2905,2025,202408,1,2,3,23,,6,1,8036,16733,6240,1,7/1/2024
2495,2025,202408,3,6,3,28,,2,4,8022,12615,8443,1,7/1/2024
510,2025,202407,4,7,3,9,,6,3,8008,16061,5318,1,7/1/2024
2826,2025,202407,4,4,1,33,,4,3,8004,16547,6700,1,7/1/2024
1137,2025,202407,5,4,3,32,,2,4,8000,6565,4850,1,7/1/2024
1227,2025,202408,3,3,1,27,,3,3,7997,5122,15875,1,7/1/2024
142,2025,202407,2,1,1,20,,7,4,7993,11836,4868,1,7/1/2024
846,2025,202409,1,1,4,37,17,4,3,7990,7036,4568,1,7/1/2024
1384,2025,202407,4,1,3,2,,3,5,7990,3725,7383,1,7/1/2024
2300,2025,202408,4,2,2,36,,2,1,7990,5240,13004,1,7/1/2024
2933,2025,202408,4,7,1,3,,7,4,7990,5050,9822,1,7/1/2024
2787,2025,202407,1,3,3,30,,4,4,7983,7408,4197,1,7/1/2024
303,2025,202408,2,7,3,31,,5,3,7975,4254,13697,1,7/1/2024
1085,2025,202408,5,6,2,27,,7,5,7975,5068,13893,1,7/1/2024
1547,2025,202408,5,5,4,30,10,6,5,7975,12293,6368,1,7/1/2024
2907,2025,202407,1,8,3,23,,7,2,7975,14479,6950,1,7/1/2024
1924,2025,202408,1,7,1,17,,3,4,7972,9615,7665,1,7/1/2024
1224,2025,202408,1,1,4,35,15,7,5,7968,4522,5011,1,7/1/2024
1323,2025,202408,5,5,4,38,18,2,5,7968,8058,14836,1,7/1/2024
21,2025,202407,5,3,2,24,,2,1,7954,15504,13222,1,7/1/2024
522,2025,202409,5,3,1,35,,1,2,7954,4058,12818,1,7/1/2024
1589,2025,202407,3,6,4,17,17,7,3,7947,7772,12861,1,7/1/2024
410,2025,202407,2,3,3,9,,7,2,7943,15533,11472,1,7/1/2024
44,2025,202407,2,1,4,19,19,1,1,7940,9633,15079,1,7/1/2024
1914,2025,202407,5,5,2,16,,4,1,7925,15350,8697,1,7/1/2024
555,2025,202409,5,8,1,11,,2,2,7918,15083,4486,1,7/1/2024
1068,2025,202408,2,1,4,2,2,8,3,7918,15115,12436,1,7/1/2024
2410,2025,202407,4,6,1,3,,6,3,7918,7908,9690,1,7/1/2024
2473,2025,202409,1,3,2,21,,4,5,7911,6775,17475,1,7/1/2024
2793,2025,202409,2,5,2,34,,7,5,7908,12572,8536,1,7/1/2024
311,2025,202407,3,4,4,27,7,1,5,7904,6493,13593,1,7/1/2024
1770,2025,202407,2,4,1,36,,5,1,7900,12336,10186,1,7/1/2024
964,2025,202407,5,5,1,29,,5,1,7886,5940,7125,1,7/1/2024
1363,2025,202409,3,1,1,14,,6,2,7868,10661,9758,1,7/1/2024
2111,2025,202408,4,7,1,22,,2,4,7865,11315,16168,1,7/1/2024
2690,2025,202407,5,5,1,2,,5,1,7861,9058,4961,1,7/1/2024
2952,2025,202408,2,1,3,33,,4,2,7861,5125,11954,1,7/1/2024
494,2025,202409,2,1,1,39,,1,1,7858,4893,4511,1,7/1/2024
1649,2025,202407,2,7,1,22,,7,1,7858,9404,14579,1,7/1/2024
2288,2025,202409,2,1,4,39,19,3,2,7858,13165,4911,1,7/1/2024
2881,2025,202407,3,7,4,26,6,1,3,7858,15490,13943,1,7/1/2024
586,2025,202408,2,5,1,37,,3,4,7850,13597,17308,1,7/1/2024
827,2025,202408,1,5,1,12,,3,1,7850,7125,6558,1,7/1/2024
10,2025,202408,3,4,4,5,5,4,1,7843,7847,7608,1,7/1/2024
1564,2025,202409,5,6,4,6,6,7,5,7843,8122,16454,1,7/1/2024
1623,2025,202407,5,2,4,27,7,8,2,7829,15504,6990,1,7/1/2024
290,2025,202408,4,4,3,24,,1,1,7818,4500,15600,1,7/1/2024
110,2025,202409,3,2,3,36,,8,3,7815,11908,4475,1,7/1/2024
803,2025,202407,5,8,4,35,15,3,4,7815,8879,10372,1,7/1/2024
1062,2025,202407,2,1,2,34,,2,5,7808,6454,3650,1,7/1/2024
1334,2025,202407,4,3,3,1,,2,1,7804,10379,9483,1,7/1/2024
716,2025,202409,1,6,2,6,,7,4,7797,6622,16940,1,7/1/2024
1909,2025,202407,2,7,1,14,,6,2,7797,5836,5993,1,7/1/2024
2101,2025,202408,2,1,1,25,,3,2,7793,14922,14093,1,7/1/2024
282,2025,202407,2,2,1,20,,7,5,7790,5833,16472,1,7/1/2024
1041,2025,202409,2,4,1,15,,5,2,7790,15743,8929,1,7/1/2024
1803,2025,202407,3,1,3,28,,4,5,7790,14800,7547,1,7/1/2024
2792,2025,202407,2,5,1,23,,8,2,7772,8975,11765,1,7/1/2024
115,2025,202408,2,5,3,1,,2,4,7768,16111,13047,1,7/1/2024
2970,2025,202409,1,5,4,34,14,1,5,7768,12875,6218,1,7/1/2024
18,2025,202407,3,8,1,8,,8,1,7765,11647,13011,1,7/1/2024
325,2025,202407,5,7,3,38,,2,1,7765,5922,8518,1,7/1/2024
987,2025,202409,2,8,4,13,13,7,5,7765,13833,14447,1,7/1/2024
2622,2025,202408,3,1,3,40,,5,5,7765,12197,12708,1,7/1/2024
1660,2025,202408,2,5,2,15,,6,3,7761,11208,16543,1,7/1/2024
2670,2025,202408,1,7,2,23,,6,3,7761,16415,16254,1,7/1/2024
73,2025,202407,3,8,1,20,,5,5,7750,7090,11822,1,7/1/2024
609,2025,202409,1,2,2,22,,4,2,7750,10233,5618,1,7/1/2024
1083,2025,202408,5,1,1,5,,1,1,7750,15858,16054,1,7/1/2024
1595,2025,202409,1,1,4,32,12,3,3,7747,5165,16540,1,7/1/2024
1160,2025,202408,5,6,1,8,,6,3,7740,17000,8858,1,7/1/2024
2126,2025,202409,4,5,4,2,2,1,4,7740,9725,9197,1,7/1/2024
1769,2025,202409,1,7,2,37,,1,1,7736,13918,5850,1,7/1/2024
2289,2025,202408,4,6,4,3,3,6,4,7736,13793,11129,1,7/1/2024
2036,2025,202409,1,2,1,31,,6,5,7733,9336,11954,1,7/1/2024
1627,2025,202407,3,1,1,22,,3,3,7729,17168,5575,1,7/1/2024
959,2025,202407,2,2,2,39,,7,3,7722,4008,5450,1,7/1/2024
31,2025,202408,4,5,3,27,,6,1,7704,15186,16218,1,7/1/2024
1791,2025,202408,3,2,1,11,,3,2,7704,7436,7911,1,7/1/2024
2543,2025,202407,5,3,2,16,,4,5,7704,10733,16411,1,7/1/2024
2714,2025,202408,2,1,3,31,,8,4,7704,15990,14390,1,7/1/2024
1607,2025,202409,2,2,1,10,,4,3,7693,4436,11622,1,7/1/2024
601,2025,202408,2,1,3,2,,6,4,7683,13529,12465,1,7/1/2024
412,2025,202409,1,8,1,8,,4,2,7679,13654,15350,1,7/1/2024
980,2025,202407,5,1,1,38,,8,5,7672,15758,3936,1,7/1/2024
2708,2025,202408,3,6,1,31,,6,3,7668,11668,14697,1,7/1/2024
1683,2025,202409,2,7,1,39,,1,5,7661,4558,8790,1,7/1/2024
647,2025,202409,1,6,3,40,,7,2,7658,5840,11097,1,7/1/2024
1443,2025,202408,4,5,2,32,,4,1,7658,11793,10850,1,7/1/2024
333,2025,202408,3,3,1,15,,7,1,7654,17040,14154,1,7/1/2024
1906,2025,202408,4,3,4,27,7,7,3,7650,17168,4915,1,7/1/2024
2118,2025,202409,3,7,2,9,,1,3,7650,14947,13400,1,7/1/2024
2119,2025,202408,1,6,4,14,14,2,3,7643,8715,15790,1,7/1/2024
2616,2025,202407,2,7,3,40,,6,2,7643,8029,3833,1,7/1/2024
1426,2025,202408,5,4,3,5,,8,2,7615,4275,15672,1,7/1/2024
1775,2025,202407,4,1,4,18,18,7,2,7615,8186,12325,1,7/1/2024
1605,2025,202409,5,4,2,15,,6,3,7611,7975,15422,1,7/1/2024
954,2025,202408,5,3,1,12,,4,4,7608,4883,7147,1,7/1/2024
2110,2025,202408,3,4,2,33,,4,1,7608,15950,12258,1,7/1/2024
1552,2025,202408,3,8,2,14,,2,1,7604,7368,8136,1,7/1/2024
1463,2025,202408,5,3,3,13,,1,4,7600,14079,12415,1,7/1/2024
1503,2025,202409,5,3,3,36,,8,3,7600,16690,9086,1,7/1/2024
755,2025,202409,4,5,4,31,11,3,3,7597,4968,6790,1,7/1/2024
2212,2025,202409,5,2,4,7,7,5,5,7586,8611,10775,1,7/1/2024
913,2025,202409,2,1,2,22,,4,1,7583,7854,13215,1,7/1/2024
2778,2025,202408,2,3,4,36,16,4,3,7583,6308,10854,1,7/1/2024
430,2025,202408,1,6,3,12,,8,3,7579,15279,11754,1,7/1/2024
1415,2025,202408,3,5,4,6,6,6,2,7579,17836,17372,1,7/1/2024
233,2025,202407,1,8,4,10,10,5,1,7575,17647,6183,1,7/1/2024
2779,2025,202409,1,4,4,2,2,5,4,7575,6458,4140,1,7/1/2024
2803,2025,202409,2,4,2,26,,4,2,7575,8708,13933,1,7/1/2024
758,2025,202409,5,7,1,31,,6,5,7572,17111,4129,1,7/1/2024
1891,2025,202409,1,3,4,15,15,8,5,7565,12336,4818,1,7/1/2024
2932,2025,202407,5,7,4,29,9,6,3,7561,9208,7750,1,7/1/2024
2028,2025,202409,4,8,2,22,,3,3,7547,3997,12454,1,7/1/2024
1111,2025,202408,2,6,4,40,20,6,5,7540,7354,3579,1,7/1/2024
1508,2025,202409,3,2,3,31,,3,3,7540,5740,6615,1,7/1/2024
177,2025,202408,1,8,4,21,1,5,2,7525,9822,6011,1,7/1/2024
2181,2025,202408,3,6,3,36,,4,1,7525,12600,7054,1,7/1/2024
2217,2025,202408,2,7,1,30,,7,3,7522,17525,13322,1,7/1/2024
1342,2025,202408,5,7,3,39,,6,1,7515,6568,9893,1,7/1/2024
2637,2025,202408,4,7,2,12,,3,4,7515,5133,17147,1,7/1/2024
515,2025,202409,1,8,3,23,,8,1,7504,16393,8118,1,7/1/2024
2683,2025,202409,4,3,1,36,,4,3,7504,13115,11986,1,7/1/2024
1827,2025,202409,1,2,2,26,,1,4,7500,10236,16990,1,7/1/2024
243,2025,202408,1,8,3,34,,3,2,7497,11825,14686,1,7/1/2024
284,2025,202409,5,7,4,28,8,8,2,7493,7825,14490,1,7/1/2024
1179,2025,202408,5,4,4,29,9,1,5,7486,5808,6854,1,7/1/2024
1319,2025,202409,3,8,2,4,,6,1,7486,7850,14208,1,7/1/2024
2170,2025,202409,4,2,2,5,,5,2,7486,10400,10300,1,7/1/2024
2309,2025,202407,2,7,1,18,,2,3,7486,10725,13065,1,7/1/2024
939,2025,202409,1,4,1,14,,3,4,7472,6461,9190,1,7/1/2024
1694,2025,202408,5,6,1,6,,3,4,7465,15140,5511,1,7/1/2024
2220,2025,202408,3,3,1,11,,7,3,7465,14572,9561,1,7/1/2024
922,2025,202409,2,6,3,31,,1,3,7458,14104,14540,1,7/1/2024
306,2025,202407,3,7,3,19,,5,5,7450,17411,14304,1,7/1/2024
1205,2025,202409,3,7,2,33,,3,3,7447,8254,16068,1,7/1/2024
1830,2025,202408,4,3,2,3,,7,3,7443,9672,3808,1,7/1/2024
192,2025,202407,1,3,3,18,,6,2,7440,14954,15165,1,7/1/2024
2587,2025,202407,1,4,1,11,,7,4,7433,14611,12718,1,7/1/2024
1912,2025,202408,3,3,3,20,,4,4,7415,5636,8129,1,7/1/2024
1974,2025,202407,2,6,1,8,,5,4,7415,15272,13890,1,7/1/2024
2611,2025,202408,4,2,3,33,,2,3,7411,14625,10172,1,7/1/2024
119,2025,202407,1,5,4,4,4,5,1,7404,8458,5922,1,7/1/2024
8,2025,202407,4,4,2,10,,3,1,7400,15197,16154,1,7/1/2024
2450,2025,202407,1,8,1,12,,5,3,7393,14604,9254,1,7/1/2024
2655,2025,202408,5,7,2,20,,2,4,7393,4118,11008,1,7/1/2024
1080,2025,202409,2,6,4,19,19,2,2,7383,5683,14472,1,7/1/2024
1413,2025,202409,1,1,2,10,,2,5,7383,6958,17458,1,7/1/2024
2293,2025,202409,1,2,4,29,9,2,3,7383,7915,14983,1,7/1/2024
1015,2025,202407,2,6,2,36,,1,1,7372,12254,16750,1,7/1/2024
2387,2025,202407,1,3,1,9,,2,2,7372,9343,3708,1,7/1/2024
2572,2025,202409,4,6,1,30,,3,4,7365,14854,13315,1,7/1/2024
469,2025,202408,1,6,2,6,,8,4,7358,16197,15836,1,7/1/2024
2518,2025,202409,2,7,1,7,,5,2,7354,16158,15000,1,7/1/2024
705,2025,202408,5,4,4,4,4,8,4,7350,12204,15029,1,7/1/2024
1296,2025,202408,5,6,4,3,3,8,1,7350,13104,6065,1,7/1/2024
2862,2025,202407,2,8,3,9,,3,1,7350,9229,14554,1,7/1/2024
1171,2025,202409,1,6,2,17,,5,2,7347,14390,15968,1,7/1/2024
738,2025,202408,3,7,2,9,,2,3,7340,7565,11600,1,7/1/2024
416,2025,202408,3,3,2,32,,3,4,7325,8258,12018,1,7/1/2024
926,2025,202408,1,4,2,30,,3,1,7325,10033,4097,1,7/1/2024
1712,2025,202407,5,5,3,18,,8,1,7325,7079,12543,1,7/1/2024
2493,2025,202408,1,2,4,20,20,5,4,7325,15654,12561,1,7/1/2024
2175,2025,202408,5,2,4,7,7,2,3,7315,10893,6293,1,7/1/2024
925,2025,202408,1,1,1,16,,4,2,7304,3593,5936,1,7/1/2024
965,2025,202408,1,2,3,28,,7,4,7293,6047,14854,1,7/1/2024
1158,2025,202408,1,4,3,27,,8,1,7275,16929,11050,1,7/1/2024
2647,2025,202407,2,1,2,5,,2,1,7275,7893,16786,1,7/1/2024
742,2025,202407,3,3,4,18,18,8,2,7272,17004,12883,1,7/1/2024
1190,2025,202407,3,8,1,2,,6,1,7272,14515,7322,1,7/1/2024
632,2025,202408,5,5,4,11,11,2,2,7265,7179,8479,1,7/1/2024
2386,2025,202408,5,3,3,31,,2,2,7258,6993,10261,1,7/1/2024
150,2025,202407,1,8,4,5,5,4,3,7250,14240,12754,1,7/1/2024
756,2025,202409,3,8,3,32,,6,2,7247,13525,11068,1,7/1/2024
2777,2025,202409,4,4,2,15,,3,2,7236,12675,9493,1,7/1/2024
640,2025,202407,5,1,1,22,,4,4,7225,10347,15990,1,7/1/2024
1866,2025,202407,5,5,2,8,,3,2,7222,15618,7125,1,7/1/2024
136,2025,202408,3,6,3,27,,4,5,7218,4272,9768,1,7/1/2024
364,2025,202407,4,6,4,16,16,8,1,7218,9908,16804,1,7/1/2024
1276,2025,202409,4,7,1,40,,4,4,7218,9254,6918,1,7/1/2024
1444,2025,202407,3,8,3,19,,3,2,7215,9993,9958,1,7/1/2024
2538,2025,202407,3,5,3,31,,6,4,7208,12147,10297,1,7/1/2024
477,2025,202408,4,7,4,37,17,8,3,7193,4222,11843,1,7/1/2024
1453,2025,202407,2,1,4,22,2,6,1,7193,17697,12450,1,7/1/2024
1465,2025,202408,2,4,4,2,2,3,5,7193,4608,7133,1,7/1/2024
677,2025,202408,5,7,2,12,,5,5,7190,6943,16033,1,7/1/2024
1643,2025,202409,1,2,1,39,,6,2,7190,5397,10675,1,7/1/2024
1600,2025,202407,4,6,3,25,,8,4,7186,15254,5243,1,7/1/2024
1860,2025,202408,3,5,4,35,15,3,5,7186,12886,9575,1,7/1/2024
548,2025,202407,3,7,2,14,,5,2,7183,9447,15640,1,7/1/2024
1925,2025,202407,2,7,1,5,,3,4,7183,7293,10172,1,7/1/2024
2373,2025,202408,5,2,2,27,,6,3,7183,8793,5040,1,7/1/2024
976,2025,202409,3,6,3,28,,1,4,7179,12929,8383,1,7/1/2024
779,2025,202408,4,2,2,12,,1,4,7172,4629,6154,1,7/1/2024
2015,2025,202407,4,3,4,21,1,7,4,7165,6304,8647,1,7/1/2024
2552,2025,202407,1,1,2,6,,7,3,7161,12247,15908,1,7/1/2024
2102,2025,202408,2,6,1,7,,3,4,7154,8947,12061,1,7/1/2024
1844,2025,202409,5,3,2,25,,1,4,7133,17668,11229,1,7/1/2024
778,2025,202407,1,8,3,9,,7,5,7125,4454,13229,1,7/1/2024
1525,2025,202407,5,2,2,24,,8,4,7125,13383,14861,1,7/1/2024
2969,2025,202409,3,1,3,13,,2,1,7122,14097,10504,1,7/1/2024
1885,2025,202409,1,2,3,5,,8,5,7115,8833,5240,1,7/1/2024
357,2025,202407,3,8,2,26,,3,1,7111,13425,8411,1,7/1/2024
1797,2025,202407,2,8,4,11,11,1,1,7111,6718,10775,1,7/1/2024
2888,2025,202408,4,1,4,7,7,7,3,7108,17093,10897,1,7/1/2024
384,2025,202408,4,2,1,33,,8,4,7093,13118,13454,1,7/1/2024
1339,2025,202407,1,7,3,13,,3,1,7093,13283,3808,1,7/1/2024
1754,2025,202409,3,5,2,24,,6,2,7093,10922,17815,1,7/1/2024
953,2025,202408,5,3,3,26,,4,3,7086,4875,12811,1,7/1/2024
2882,2025,202408,3,2,2,25,,1,4,7075,11633,6543,1,7/1/2024
1387,2025,202408,3,7,3,1,,2,1,7072,15997,14786,1,7/1/2024
901,2025,202407,1,3,4,11,11,7,2,7047,16250,17750,1,7/1/2024
112,2025,202409,5,3,2,20,,4,4,7040,6740,9404,1,7/1/2024
1826,2025,202409,3,1,4,26,6,3,1,7040,14733,4715,1,7/1/2024
848,2025,202409,1,4,4,39,19,6,5,7033,12647,14808,1,7/1/2024
382,2025,202407,1,3,1,34,,6,2,7025,9479,6354,1,7/1/2024
1997,2025,202407,4,2,3,38,,5,1,7025,14633,12197,1,7/1/2024
2324,2025,202409,2,8,1,22,,4,2,7025,12604,6018,1,7/1/2024
667,2025,202409,2,7,2,7,,6,1,7022,15175,14108,1,7/1/2024
1622,2025,202408,4,3,1,14,,3,3,7018,15879,11597,1,7/1/2024
816,2025,202409,5,3,4,1,1,1,4,7008,5758,9408,1,7/1/2024
1065,2025,202408,2,1,1,20,,2,3,7008,14943,14436,1,7/1/2024
1435,2025,202407,3,8,3,24,,4,2,7008,6693,6061,1,7/1/2024
1061,2025,202408,5,8,1,37,,3,3,7004,17075,17747,1,7/1/2024
1260,2025,202409,4,1,2,19,,4,1,6997,6283,13368,1,7/1/2024
1055,2025,202409,4,6,4,35,15,7,1,6990,13375,16200,1,7/1/2024
1140,2025,202409,5,7,1,3,,5,1,6986,13075,5136,1,7/1/2024
2547,2025,202408,1,3,4,12,12,3,1,6986,4725,7947,1,7/1/2024
2903,2025,202409,1,3,1,20,,4,3,6986,6168,7040,1,7/1/2024
902,2025,202408,1,6,2,1,,5,4,6983,15686,15915,1,7/1/2024
2978,2025,202407,3,8,2,9,,8,3,6983,16375,8079,1,7/1/2024
2944,2025,202409,3,5,2,17,,1,1,6975,9500,6068,1,7/1/2024
130,2025,202407,1,4,1,8,,2,5,6968,12100,6950,1,7/1/2024
1376,2025,202409,1,4,1,38,,3,2,6961,15450,15090,1,7/1/2024
247,2025,202407,1,7,4,28,8,5,4,6958,10268,4565,1,7/1/2024
1616,2025,202408,5,3,2,1,,6,4,6933,14740,17272,1,7/1/2024
630,2025,202409,2,4,4,3,3,1,5,6915,10650,7833,1,7/1/2024
1431,2025,202407,4,7,2,20,,2,3,6915,7443,7015,1,7/1/2024
1847,2025,202409,1,5,2,15,,6,4,6915,3929,17386,1,7/1/2024
633,2025,202409,4,3,1,34,,5,4,6911,15650,9122,1,7/1/2024
1681,2025,202409,1,8,4,36,16,4,5,6911,11786,6772,1,7/1/2024
1228,2025,202408,2,1,1,25,,1,2,6904,12800,10150,1,7/1/2024
985,2025,202407,3,3,1,31,,3,2,6897,17833,14900,1,7/1/2024
1399,2025,202409,4,1,1,31,,1,4,6897,8179,8283,1,7/1/2024
2781,2025,202407,5,7,1,16,,4,5,6890,14297,4897,1,7/1/2024
1735,2025,202408,2,2,1,22,,6,3,6886,5118,17165,1,7/1/2024
1548,2025,202409,4,8,1,10,,5,4,6879,14229,6293,1,7/1/2024
936,2025,202408,1,8,2,26,,4,1,6875,11965,10843,1,7/1/2024
2042,2025,202408,3,4,4,27,7,7,1,6875,6925,5743,1,7/1/2024
1400,2025,202409,1,5,4,3,3,3,2,6868,6325,14683,1,7/1/2024
773,2025,202409,5,5,2,8,,5,3,6861,3672,8093,1,7/1/2024
2794,2025,202407,5,8,4,36,16,2,1,6861,11536,5800,1,7/1/2024
148,2025,202407,4,1,1,19,,8,3,6850,17808,4775,1,7/1/2024
175,2025,202409,1,5,4,9,9,2,4,6850,17040,9043,1,7/1/2024
1029,2025,202408,3,1,1,23,,3,5,6847,12947,6258,1,7/1/2024
1973,2025,202407,5,3,3,3,,4,2,6847,17754,10079,1,7/1/2024
2983,2025,202407,4,5,1,17,,7,3,6847,3740,9054,1,7/1/2024
2509,2025,202407,3,1,3,37,,1,1,6843,11683,4365,1,7/1/2024
665,2025,202408,5,5,3,34,,8,1,6840,13161,14908,1,7/1/2024
1352,2025,202408,4,8,1,24,,5,4,6840,11075,4333,1,7/1/2024
1602,2025,202409,2,4,1,15,,8,5,6829,6454,13650,1,7/1/2024
1133,2025,202409,1,6,2,22,,4,1,6822,9700,8886,1,7/1/2024
101,2025,202408,2,5,3,17,,6,3,6815,5311,10350,1,7/1/2024
237,2025,202409,3,7,4,26,6,6,5,6815,16272,8615,1,7/1/2024
1517,2025,202407,4,2,3,31,,6,1,6811,15365,15604,1,7/1/2024
2169,2025,202407,4,6,2,38,,6,1,6808,9508,10022,1,7/1/2024
49,2025,202407,1,8,4,4,4,5,1,6800,15954,14518,1,7/1/2024
2632,2025,202407,3,2,1,29,,3,2,6790,17754,16797,1,7/1/2024
821,2025,202408,3,5,2,18,,2,3,6786,11200,15550,1,7/1/2024
1481,2025,202408,5,8,3,23,,1,1,6786,10911,9872,1,7/1/2024
2564,2025,202409,2,4,1,9,,1,1,6783,5768,5708,1,7/1/2024
447,2025,202408,1,4,3,17,,6,3,6779,5747,7447,1,7/1/2024
1215,2025,202408,2,2,3,1,,1,1,6775,4925,12704,1,7/1/2024
997,2025,202408,4,5,3,19,,3,3,6768,8975,7783,1,7/1/2024
1135,2025,202407,1,4,2,37,,8,5,6765,4150,11186,1,7/1/2024
156,2025,202407,1,2,1,25,,5,5,6761,7993,17208,1,7/1/2024
736,2025,202409,4,4,4,10,10,4,1,6758,7565,5136,1,7/1/2024
2060,2025,202407,1,1,2,40,,6,1,6747,6054,8511,1,7/1/2024
576,2025,202408,1,4,1,2,,8,4,6740,5515,17504,1,7/1/2024
1350,2025,202408,4,4,2,37,,8,3,6740,6754,9793,1,7/1/2024
2682,2025,202407,3,1,2,35,,8,2,6740,12997,15204,1,7/1/2024
1184,2025,202409,2,1,1,15,,4,1,6736,14811,7240,1,7/1/2024
152,2025,202409,3,2,4,17,17,7,4,6729,7797,6918,1,7/1/2024
1648,2025,202408,3,7,3,27,,6,5,6729,4058,13250,1,7/1/2024
1727,2025,202409,3,1,2,26,,4,5,6725,3575,10540,1,7/1/2024
1820,2025,202408,3,2,3,2,,5,5,6718,13211,15836,1,7/1/2024
2145,2025,202409,5,1,2,22,,1,4,6718,13940,14068,1,7/1/2024
2302,2025,202408,2,6,3,4,,4,4,6711,7458,6233,1,7/1/2024
1365,2025,202407,5,4,4,30,10,3,4,6708,16608,9372,1,7/1/2024
554,2025,202407,1,7,2,37,,5,2,6704,9097,14608,1,7/1/2024
84,2025,202408,2,8,3,12,,8,4,6700,10150,5425,1,7/1/2024
2750,2025,202407,1,7,4,37,17,1,2,6697,7547,8054,1,7/1/2024
383,2025,202409,2,3,1,31,,2,1,6693,12508,5040,1,7/1/2024
2446,2025,202409,5,2,4,25,5,4,1,6693,13136,9165,1,7/1/2024
529,2025,202409,5,3,3,32,,3,3,6690,12079,3704,1,7/1/2024
1176,2025,202407,5,4,3,7,,7,1,6690,13015,14068,1,7/1/2024
505,2025,202409,3,8,1,20,,5,5,6686,5829,14858,1,7/1/2024
254,2025,202408,5,8,1,30,,1,3,6679,5347,10922,1,7/1/2024
330,2025,202409,5,6,1,10,,3,4,6679,15583,11054,1,7/1/2024
712,2025,202408,2,8,3,17,,3,4,6679,8822,15840,1,7/1/2024
2822,2025,202408,5,8,2,36,,5,1,6679,4225,10440,1,7/1/2024
496,2025,202407,4,5,3,35,,3,2,6672,14950,17086,1,7/1/2024
971,2025,202407,1,7,4,27,7,4,5,6668,7072,6000,1,7/1/2024
2893,2025,202409,3,8,2,13,,6,4,6668,14425,6747,1,7/1/2024
602,2025,202407,2,8,4,26,6,3,1,6661,3579,5325,1,7/1/2024
1144,2025,202409,3,1,3,11,,3,4,6654,16240,5440,1,7/1/2024
834,2025,202409,3,3,1,36,,2,5,6647,12654,16518,1,7/1/2024
482,2025,202409,2,5,2,27,,7,2,6640,5911,11804,1,7/1/2024
761,2025,202409,3,5,4,32,12,4,5,6633,8233,10736,1,7/1/2024
2346,2025,202408,4,8,4,16,16,7,1,6633,10586,9865,1,7/1/2024
78,2025,202407,1,6,2,27,,6,4,6629,12190,5418,1,7/1/2024
1168,2025,202408,5,3,1,35,,3,5,6629,10083,4583,1,7/1/2024
220,2025,202408,5,5,3,6,,1,2,6622,5797,17447,1,7/1/2024
1379,2025,202407,2,4,3,34,,7,2,6618,6083,11468,1,7/1/2024
1568,2025,202408,2,3,1,37,,8,4,6618,6240,16190,1,7/1/2024
2279,2025,202407,1,1,4,7,7,4,3,6618,3693,4250,1,7/1/2024
2685,2025,202408,2,4,3,33,,5,5,6611,17843,9722,1,7/1/2024
1691,2025,202407,3,2,1,40,,5,5,6604,16565,17090,1,7/1/2024
724,2025,202408,3,4,3,38,,8,4,6593,11186,10825,1,7/1/2024
775,2025,202409,4,2,4,23,3,3,1,6586,15136,12622,1,7/1/2024
2123,2025,202408,3,8,4,26,6,6,5,6586,5836,12772,1,7/1/2024
468,2025,202408,4,3,4,26,6,8,3,6558,11940,7554,1,7/1/2024
1452,2025,202408,5,8,2,37,,5,2,6558,10133,7400,1,7/1/2024
2816,2025,202407,3,5,1,35,,7,3,6550,7447,10143,1,7/1/2024
1516,2025,202409,1,3,4,23,3,6,4,6518,10208,17790,1,7/1/2024
2615,2025,202407,3,3,2,25,,1,5,6518,4922,9997,1,7/1/2024
96,2025,202408,3,5,4,34,14,1,5,6511,15100,7550,1,7/1/2024
132,2025,202407,1,6,4,39,19,3,5,6511,5008,11297,1,7/1/2024
1612,2025,202408,3,8,2,21,,1,5,6511,6950,5943,1,7/1/2024
38,2025,202408,3,7,3,21,,6,1,6500,17568,14058,1,7/1/2024
662,2025,202407,4,7,1,18,,7,3,6493,6593,4697,1,7/1/2024
815,2025,202407,3,6,2,32,,8,3,6493,11340,14754,1,7/1/2024
1414,2025,202409,5,3,1,32,,2,4,6490,4433,13922,1,7/1/2024
2819,2025,202407,2,5,2,23,,7,2,6490,4954,12058,1,7/1/2024
1067,2025,202408,4,2,3,9,,7,5,6483,4404,16322,1,7/1/2024
83,2025,202409,5,6,3,24,,3,5,6479,6761,17740,1,7/1/2024
86,2025,202408,1,2,1,19,,1,2,6479,11072,5858,1,7/1/2024
883,2025,202408,5,2,1,32,,3,5,6475,7161,7297,1,7/1/2024
2420,2025,202409,1,5,2,24,,3,3,6465,13672,17165,1,7/1/2024
2152,2025,202408,4,5,1,19,,3,3,6461,9515,13568,1,7/1/2024
884,2025,202409,3,5,3,6,,6,4,6458,5797,9979,1,7/1/2024
2529,2025,202407,2,8,4,34,14,6,5,6458,10486,9165,1,7/1/2024
2326,2025,202408,5,2,1,16,,2,4,6450,17011,17000,1,7/1/2024
850,2025,202408,5,7,2,10,,5,4,6447,13568,8811,1,7/1/2024
250,2025,202407,4,5,2,36,,1,3,6436,9690,8961,1,7/1/2024
2917,2025,202409,1,1,1,9,,3,1,6433,13793,17447,1,7/1/2024
1892,2025,202408,3,5,3,4,,4,3,6425,9040,16365,1,7/1/2024
1899,2025,202409,2,4,3,9,,7,1,6422,9815,8365,1,7/1/2024
2644,2025,202407,1,8,4,39,19,4,3,6422,16250,3958,1,7/1/2024
2701,2025,202409,2,5,1,6,,4,4,6422,15029,5972,1,7/1/2024
2635,2025,202408,2,5,4,1,1,4,1,6418,14286,15204,1,7/1/2024
2955,2025,202408,2,8,4,30,10,1,5,6418,6175,10129,1,7/1/2024
1579,2025,202409,3,1,3,17,,6,2,6415,13383,15300,1,7/1/2024
2092,2025,202407,2,3,2,22,,5,5,6408,16183,5079,1,7/1/2024
2590,2025,202407,1,1,3,10,,5,2,6408,6922,5915,1,7/1/2024
495,2025,202408,3,7,2,9,,2,3,6404,14383,17261,1,7/1/2024
1482,2025,202408,5,4,1,25,,3,4,6400,11440,10529,1,7/1/2024
737,2025,202407,5,4,2,27,,1,5,6393,15611,17625,1,7/1/2024
2033,2025,202407,1,7,1,19,,6,4,6393,16393,13283,1,7/1/2024
2283,2025,202407,4,2,1,29,,1,5,6393,5058,7558,1,7/1/2024
331,2025,202407,2,3,3,22,,6,4,6386,9722,16600,1,7/1/2024
616,2025,202409,4,8,3,19,,5,1,6386,10736,17347,1,7/1/2024
1313,2025,202407,5,7,2,39,,6,5,6368,15965,13579,1,7/1/2024
2869,2025,202408,5,4,4,26,6,1,3,6368,7740,12208,1,7/1/2024
1049,2025,202409,2,5,4,12,12,6,4,6365,9611,10325,1,7/1/2024
604,2025,202408,3,3,4,36,16,1,5,6358,17497,9690,1,7/1/2024
2026,2025,202408,4,4,4,19,19,5,1,6350,13408,13736,1,7/1/2024
2608,2025,202408,3,8,4,11,11,7,1,6350,12750,17725,1,7/1/2024
1407,2025,202407,2,3,2,10,,1,1,6347,5443,8547,1,7/1/2024
2578,2025,202407,2,4,3,36,,3,2,6347,10083,6654,1,7/1/2024
813,2025,202408,2,6,3,39,,3,2,6340,7518,14354,1,7/1/2024
1131,2025,202407,1,1,1,28,,6,4,6340,6454,6668,1,7/1/2024
840,2025,202407,4,2,3,15,,1,5,6336,8479,17665,1,7/1/2024
2984,2025,202409,1,7,1,33,,5,4,6333,7065,4915,1,7/1/2024
962,2025,202407,4,5,3,26,,1,1,6329,6568,11350,1,7/1/2024
1173,2025,202408,3,1,2,3,,5,3,6329,14625,11529,1,7/1/2024
970,2025,202409,4,7,3,34,,7,3,6325,7150,12061,1,7/1/2024
1661,2025,202409,4,8,2,37,,8,3,6325,14033,9333,1,7/1/2024
2116,2025,202408,1,1,1,19,,8,3,6325,15440,12911,1,7/1/2024
2177,2025,202407,3,8,2,2,,8,4,6322,8858,4636,1,7/1/2024
1199,2025,202409,4,2,1,39,,7,1,6304,15329,7115,1,7/1/2024
1347,2025,202409,3,3,1,5,,7,5,6304,4850,15404,1,7/1/2024
2971,2025,202409,5,2,1,23,,2,1,6304,6693,8908,1,7/1/2024
2923,2025,202407,1,8,2,28,,4,4,6297,4879,5690,1,7/1/2024
1243,2025,202409,1,4,4,6,6,2,1,6293,10286,15354,1,7/1/2024
1488,2025,202407,2,6,1,37,,6,2,6293,16275,13800,1,7/1/2024
1543,2025,202407,4,3,3,14,,3,5,6293,14079,10218,1,7/1/2024
2536,2025,202408,1,4,3,30,,7,3,6293,14858,5875,1,7/1/2024
2820,2025,202408,3,5,4,28,8,4,2,6290,15790,9486,1,7/1/2024
1025,2025,202408,5,3,1,19,,5,2,6286,9440,5733,1,7/1/2024
2307,2025,202407,5,3,3,24,,5,1,6286,9036,4465,1,7/1/2024
1920,2025,202408,2,5,2,37,,8,2,6283,10929,17018,1,7/1/2024
1003,2025,202408,5,1,3,32,,1,2,6272,7918,4579,1,7/1/2024
2358,2025,202409,1,5,1,34,,1,1,6272,14079,16397,1,7/1/2024
2399,2025,202408,1,7,4,30,10,5,1,6265,8068,9875,1,7/1/2024
2931,2025,202409,5,5,2,6,,6,2,6265,8947,6843,1,7/1/2024
184,2025,202409,3,2,1,37,,2,5,6261,4936,12990,1,7/1/2024
2156,2025,202408,3,4,4,38,18,3,5,6258,15333,13261,1,7/1/2024
844,2025,202409,4,3,1,8,,8,5,6254,9575,5654,1,7/1/2024
1310,2025,202408,4,2,4,36,16,5,5,6250,8733,8722,1,7/1/2024
879,2025,202409,3,3,3,13,,1,1,6247,6947,5822,1,7/1/2024
1995,2025,202409,2,7,3,35,,7,4,6247,7361,10990,1,7/1/2024
2154,2025,202407,3,7,1,37,,1,5,6247,12883,3597,1,7/1/2024
2062,2025,202408,3,4,2,36,,1,3,6240,5161,11997,1,7/1/2024
578,2025,202408,2,7,1,10,,5,2,6233,16797,8415,1,7/1/2024
612,2025,202408,3,6,2,22,,8,2,6233,13583,17065,1,7/1/2024
499,2025,202409,1,4,4,23,3,7,5,6222,14861,11122,1,7/1/2024
875,2025,202408,3,3,2,8,,8,1,6222,11968,3968,1,7/1/2024
1028,2025,202409,3,6,4,2,2,2,1,6215,8454,10779,1,7/1/2024
1231,2025,202409,4,6,4,20,20,3,5,6211,13111,9718,1,7/1/2024
2303,2025,202409,3,8,3,35,,1,3,6211,4508,15904,1,7/1/2024
241,2025,202408,2,4,1,9,,1,5,6208,10761,7136,1,7/1/2024
1113,2025,202409,1,3,3,18,,3,1,6208,16529,15908,1,7/1/2024
2918,2025,202407,2,5,1,19,,7,2,6208,5922,4143,1,7/1/2024
619,2025,202408,3,4,1,23,,2,3,6204,16183,8000,1,7/1/2024
1056,2025,202408,1,1,1,27,,2,5,6190,17825,5097,1,7/1/2024
2360,2025,202408,4,5,3,35,,2,5,6190,17775,10054,1,7/1/2024
664,2025,202407,5,6,4,3,3,6,4,6179,12011,12468,1,7/1/2024
2422,2025,202407,2,5,1,37,,2,3,6172,11718,5629,1,7/1/2024
1054,2025,202408,4,3,1,13,,3,2,6168,13690,13165,1,7/1/2024
429,2025,202407,2,6,3,30,,7,5,6161,7608,12829,1,7/1/2024
1477,2025,202409,1,3,3,6,,4,3,6161,10704,7415,1,7/1/2024
2349,2025,202407,2,2,4,37,17,1,3,6161,12890,12015,1,7/1/2024
2851,2025,202407,5,2,2,33,,8,4,6158,13300,17104,1,7/1/2024
2004,2025,202408,1,6,3,12,,6,1,6154,14250,13558,1,7/1/2024
2805,2025,202409,4,3,1,16,,3,1,6154,4318,12768,1,7/1/2024
1302,2025,202408,1,8,4,27,7,3,2,6150,12329,16493,1,7/1/2024
6,2025,202408,1,6,1,11,,3,1,6136,11836,7179,1,7/1/2024
1375,2025,202408,3,8,1,40,,7,2,6136,8472,8668,1,7/1/2024
1367,2025,202407,4,2,3,24,,4,1,6133,11025,10347,1,7/1/2024
1872,2025,202408,3,2,2,21,,4,3,6129,15943,16572,1,7/1/2024
170,2025,202408,5,8,3,22,,8,3,6125,6118,11525,1,7/1/2024
1709,2025,202409,3,8,1,27,,8,1,6118,7022,14704,1,7/1/2024
230,2025,202409,5,6,3,2,,1,1,6111,11600,14736,1,7/1/2024
1743,2025,202408,4,8,2,35,,4,4,6111,17740,5136,1,7/1/2024
2070,2025,202407,4,1,1,14,,2,3,6108,12622,6218,1,7/1/2024
61,2025,202408,3,3,3,30,,1,3,6100,10833,13065,1,7/1/2024
353,2025,202408,4,7,2,23,,4,3,6097,6861,6883,1,7/1/2024
2433,2025,202409,5,6,1,18,,5,5,6097,10190,5183,1,7/1/2024
1152,2025,202407,2,6,4,16,16,4,4,6090,15222,5261,1,7/1/2024
1702,2025,202409,3,5,3,35,,4,1,6086,10854,11136,1,7/1/2024
443,2025,202408,5,5,1,29,,8,3,6083,6493,13465,1,7/1/2024
218,2025,202408,5,4,1,34,,6,5,6065,13558,7036,1,7/1/2024
1486,2025,202407,4,3,1,7,,1,3,6061,14400,4693,1,7/1/2024
239,2025,202408,4,6,2,36,,7,5,6050,14483,6954,1,7/1/2024
309,2025,202409,1,2,4,2,2,8,5,6043,6297,11679,1,7/1/2024
377,2025,202407,5,8,2,8,,8,5,6036,6543,4411,1,7/1/2024
1454,2025,202407,2,8,2,17,,2,1,6036,5418,4840,1,7/1/2024
2764,2025,202408,1,5,3,38,,7,3,6036,10979,5550,1,7/1/2024
1954,2025,202408,5,3,3,20,,8,2,6022,5600,13665,1,7/1/2024
341,2025,202409,4,2,2,9,,6,4,6018,7883,14415,1,7/1/2024
2114,2025,202408,1,1,1,3,,1,2,6011,14790,13629,1,7/1/2024
2936,2025,202407,3,8,4,19,19,5,2,6011,6115,5472,1,7/1/2024
2988,2025,202408,5,6,3,25,,2,2,6011,13375,9411,1,7/1/2024
1929,2025,202409,4,8,2,22,,5,4,6008,5350,11836,1,7/1/2024
564,2025,202408,5,1,2,24,,3,3,6004,7811,11622,1,7/1/2024
1223,2025,202408,4,6,1,21,,6,2,6004,17636,6261,1,7/1/2024
1994,2025,202409,4,2,3,12,,2,3,6000,7850,12493,1,7/1/2024
1411,2025,202409,3,4,4,8,8,8,4,5997,12200,11190,1,7/1/2024
845,2025,202408,2,8,4,40,20,2,3,5983,3822,14618,1,7/1/2024
1993,2025,202408,2,2,2,5,,8,3,5979,9590,5729,1,7/1/2024
1823,2025,202409,1,5,3,27,,1,5,5975,7893,9183,1,7/1/2024
1162,2025,202408,5,1,1,37,,2,3,5968,4543,3758,1,7/1/2024
2341,2025,202409,1,2,4,9,9,4,4,5965,8872,5279,1,7/1/2024
2400,2025,202407,4,8,2,10,,3,1,5961,3604,5818,1,7/1/2024
2571,2025,202407,5,7,2,27,,4,4,5950,3986,11793,1,7/1/2024
393,2025,202408,4,1,1,19,,8,2,5947,15204,15297,1,7/1/2024
2290,2025,202409,1,4,1,13,,6,4,5943,7136,7440,1,7/1/2024
2630,2025,202407,4,8,2,28,,1,2,5943,5047,10125,1,7/1/2024
1207,2025,202409,4,3,1,16,,7,1,5936,7140,11550,1,7/1/2024
1001,2025,202409,5,1,4,33,13,1,1,5933,14429,13865,1,7/1/2024
1677,2025,202408,5,6,1,28,,5,3,5933,8440,11654,1,7/1/2024
1777,2025,202407,4,7,3,22,,7,5,5933,17643,5525,1,7/1/2024
1939,2025,202409,1,2,3,18,,5,3,5929,16668,16911,1,7/1/2024
1366,2025,202408,4,2,2,14,,5,4,5925,16822,8108,1,7/1/2024
1329,2025,202408,3,8,3,17,,1,4,5918,15165,11533,1,7/1/2024
213,2025,202408,3,4,1,16,,3,5,5915,17583,5265,1,7/1/2024
224,2025,202407,4,3,2,5,,6,1,5890,16943,13443,1,7/1/2024
1220,2025,202407,4,8,4,27,7,7,4,5886,12825,4883,1,7/1/2024
591,2025,202409,4,4,4,30,10,3,3,5883,12415,15933,1,7/1/2024
1456,2025,202407,5,2,1,36,,4,4,5883,6336,12940,1,7/1/2024
2072,2025,202408,1,5,3,1,,3,5,5879,10072,3972,1,7/1/2024
11,2025,202408,4,6,2,6,,5,5,5875,8072,7347,1,7/1/2024
530,2025,202409,2,6,4,11,11,4,3,5875,17172,5533,1,7/1/2024
856,2025,202408,3,8,1,23,,3,3,5875,10711,5561,1,7/1/2024
141,2025,202409,3,4,4,26,6,1,1,5868,13793,14768,1,7/1/2024
797,2025,202407,4,7,3,14,,7,3,5868,9786,11147,1,7/1/2024
1971,2025,202409,2,1,1,36,,1,5,5868,4158,5493,1,7/1/2024
2723,2025,202407,1,2,2,9,,8,1,5868,9086,9947,1,7/1/2024
1744,2025,202407,1,8,4,15,15,4,2,5858,4750,11583,1,7/1/2024
2197,2025,202409,1,1,2,17,,8,4,5840,6158,3686,1,7/1/2024
1132,2025,202409,3,2,4,33,13,7,4,5836,8811,6379,1,7/1/2024
2141,2025,202409,3,2,2,8,,8,1,5833,9325,14125,1,7/1/2024
448,2025,202407,4,6,4,30,10,4,5,5829,6750,5104,1,7/1/2024
1875,2025,202408,2,5,4,32,12,4,1,5829,12283,17358,1,7/1/2024
961,2025,202407,1,7,3,13,,4,5,5825,11829,17261,1,7/1/2024
1300,2025,202409,2,2,2,38,,7,5,5818,4450,4293,1,7/1/2024
347,2025,202407,4,4,1,21,,7,4,5815,9543,16493,1,7/1/2024
972,2025,202408,5,2,1,23,,6,2,5797,11793,6625,1,7/1/2024
350,2025,202407,3,6,1,29,,4,5,5793,4654,16415,1,7/1/2024
2736,2025,202407,3,6,1,25,,7,5,5790,5636,17850,1,7/1/2024
581,2025,202407,5,4,4,18,18,2,4,5783,7690,6511,1,7/1/2024
1870,2025,202408,2,6,1,6,,1,5,5779,16993,12233,1,7/1/2024
656,2025,202409,5,6,2,28,,1,2,5775,7111,5175,1,7/1/2024
2091,2025,202407,5,8,3,40,,5,2,5775,4836,14547,1,7/1/2024
533,2025,202409,4,1,4,9,9,6,4,5768,13279,9675,1,7/1/2024
187,2025,202408,5,3,2,35,,4,5,5761,10004,16479,1,7/1/2024
2259,2025,202409,4,8,4,12,12,4,2,5761,4868,17268,1,7/1/2024
1723,2025,202407,5,6,4,23,3,3,3,5758,8065,5922,1,7/1/2024
2419,2025,202407,1,2,2,34,,3,2,5758,13875,10329,1,7/1/2024
853,2025,202408,2,4,2,38,,8,5,5754,3986,6636,1,7/1/2024
1524,2025,202407,4,2,1,21,,4,1,5747,4222,12572,1,7/1/2024
348,2025,202408,1,6,2,39,,7,2,5743,3975,8383,1,7/1/2024
812,2025,202409,3,8,3,34,,2,2,5743,11061,14258,1,7/1/2024
908,2025,202409,5,4,2,23,,5,5,5743,8004,7661,1,7/1/2024
610,2025,202407,4,6,1,38,,8,1,5740,15911,5768,1,7/1/2024
1191,2025,202407,3,1,4,7,7,1,4,5740,3950,12829,1,7/1/2024
2722,2025,202407,4,3,2,14,,2,5,5733,14200,12811,1,7/1/2024
2796,2025,202407,5,5,1,39,,7,4,5729,17650,6565,1,7/1/2024
1987,2025,202409,5,7,4,28,8,4,3,5725,10065,17308,1,7/1/2024
2785,2025,202407,4,3,2,6,,1,3,5725,9283,4436,1,7/1/2024
2812,2025,202407,1,6,2,26,,4,4,5725,16104,9893,1,7/1/2024
1748,2025,202408,4,2,3,30,,3,1,5715,15043,8768,1,7/1/2024
2732,2025,202409,2,1,1,29,,4,2,5708,16650,15461,1,7/1/2024
727,2025,202408,1,4,2,15,,2,4,5697,17386,10240,1,7/1/2024
862,2025,202407,4,7,2,6,,2,4,5693,8304,5965,1,7/1/2024
215,2025,202408,5,6,1,27,,3,4,5690,13308,14208,1,7/1/2024
2260,2025,202408,3,2,3,13,,5,2,5690,11665,13290,1,7/1/2024
440,2025,202409,4,8,3,28,,6,3,5686,10790,3604,1,7/1/2024
1614,2025,202408,4,5,3,1,,8,4,5683,7236,6600,1,7/1/2024
754,2025,202407,3,7,3,36,,7,2,5679,6779,8493,1,7/1/2024
1294,2025,202407,1,8,2,2,,3,2,5679,5497,7511,1,7/1/2024
967,2025,202407,2,3,4,37,17,1,4,5675,13111,4893,1,7/1/2024
93,2025,202407,3,8,4,32,12,6,4,5658,9900,9168,1,7/1/2024
366,2025,202409,5,4,4,20,20,1,2,5658,14568,11736,1,7/1/2024
2705,2025,202409,3,6,3,37,,3,5,5658,7561,8822,1,7/1/2024
2172,2025,202407,5,8,3,2,,6,3,5643,17193,5875,1,7/1/2024
229,2025,202407,5,8,1,7,,8,2,5633,13350,9043,1,7/1/2024
1617,2025,202408,5,6,3,19,,8,5,5629,9636,15840,1,7/1/2024
277,2025,202407,3,6,4,9,9,2,4,5625,12547,6193,1,7/1/2024
449,2025,202407,3,4,3,25,,2,1,5622,6011,8154,1,7/1/2024
1157,2025,202407,2,8,2,33,,7,3,5618,13233,3733,1,7/1/2024
1186,2025,202407,3,6,3,34,,4,5,5618,5247,5143,1,7/1/2024
2675,2025,202408,1,1,4,22,2,6,2,5615,8283,9811,1,7/1/2024
2712,2025,202409,4,2,1,14,,4,2,5608,13436,14618,1,7/1/2024
2144,2025,202407,5,4,4,24,4,6,3,5593,14500,14486,1,7/1/2024
1000,2025,202407,1,1,3,31,,6,3,5590,8875,5625,1,7/1/2024
1034,2025,202409,2,2,1,36,,7,3,5590,17111,5461,1,7/1/2024
176,2025,202408,4,6,1,33,,1,5,5586,4986,7804,1,7/1/2024
256,2025,202408,4,7,2,39,,3,3,5583,10068,6504,1,7/1/2024
849,2025,202407,2,6,2,26,,6,3,5554,15115,10343,1,7/1/2024
294,2025,202407,5,5,3,11,,1,4,5550,4754,5965,1,7/1/2024
786,2025,202407,3,4,4,17,17,7,4,5547,11029,17225,1,7/1/2024
48,2025,202407,1,1,1,2,,2,2,5543,4697,16936,1,7/1/2024
1763,2025,202408,2,1,4,9,9,7,1,5536,13400,17304,1,7/1/2024
1074,2025,202409,3,6,3,2,,5,3,5533,9993,11740,1,7/1/2024
596,2025,202408,1,5,3,32,,7,5,5529,15265,6654,1,7/1/2024
1283,2025,202407,5,3,4,30,10,2,5,5529,12918,12650,1,7/1/2024
2699,2025,202407,4,7,2,18,,4,2,5525,5322,7133,1,7/1/2024
1274,2025,202407,3,7,4,20,20,3,2,5522,8736,12404,1,7/1/2024
295,2025,202409,5,2,2,10,,4,3,5518,16783,12190,1,7/1/2024
2265,2025,202407,3,8,4,14,14,3,5,5511,7843,15518,1,7/1/2024
532,2025,202408,3,1,2,19,,1,2,5508,16475,8840,1,7/1/2024
2588,2025,202408,5,4,2,32,,6,5,5508,15440,13193,1,7/1/2024
1183,2025,202409,5,7,1,37,,8,3,5497,6929,14554,1,7/1/2024
1886,2025,202407,2,1,1,21,,2,2,5479,5961,9400,1,7/1/2024
2445,2025,202407,2,7,1,21,,7,3,5479,9697,7633,1,7/1/2024
1951,2025,202407,1,1,2,36,,7,2,5472,13765,5629,1,7/1/2024
236,2025,202408,1,2,3,19,,2,4,5468,6997,14354,1,7/1/2024
1853,2025,202409,5,8,2,25,,7,1,5468,3597,17279,1,7/1/2024
1344,2025,202409,2,4,4,16,16,6,1,5461,10358,15561,1,7/1/2024
806,2025,202409,2,8,4,2,2,1,5,5454,13075,10711,1,7/1/2024
866,2025,202409,5,1,2,11,,3,5,5450,7915,9918,1,7/1/2024
2652,2025,202408,1,5,4,7,7,5,5,5447,15040,3922,1,7/1/2024
2902,2025,202409,2,4,1,38,,4,4,5440,7997,14183,1,7/1/2024
963,2025,202407,4,1,1,27,,2,4,5436,14808,4186,1,7/1/2024
1758,2025,202408,1,7,3,9,,8,2,5422,15743,17397,1,7/1/2024
814,2025,202408,2,7,2,2,,4,2,5418,3983,11529,1,7/1/2024
2892,2025,202409,2,5,3,2,,4,2,5418,8611,17518,1,7/1/2024
2045,2025,202408,3,1,4,31,11,2,4,5415,13172,16461,1,7/1/2024
1406,2025,202409,4,5,1,26,,8,4,5411,15240,9272,1,7/1/2024
1652,2025,202408,1,4,4,27,7,5,4,5408,16433,15668,1,7/1/2024
2264,2025,202408,1,8,4,19,19,6,5,5408,5033,9704,1,7/1/2024
143,2025,202408,5,4,1,24,,4,2,5400,14025,16279,1,7/1/2024
1402,2025,202407,3,7,3,26,,1,3,5397,13625,8143,1,7/1/2024
545,2025,202407,1,3,2,1,,6,5,5393,6608,13897,1,7/1/2024
2549,2025,202407,3,6,3,11,,2,1,5393,4658,8665,1,7/1/2024
2475,2025,202407,1,1,2,30,,6,5,5390,15486,13229,1,7/1/2024
994,2025,202407,5,6,1,16,,5,2,5383,12750,16568,1,7/1/2024
2040,2025,202408,5,1,4,15,15,7,1,5383,13511,3811,1,7/1/2024
723,2025,202409,4,6,1,19,,6,3,5379,13143,11604,1,7/1/2024
80,2025,202408,5,8,3,5,,1,3,5368,16686,10740,1,7/1/2024
2700,2025,202408,2,1,3,27,,8,3,5368,8529,13704,1,7/1/2024
687,2025,202407,2,2,1,21,,3,3,5361,11193,11222,1,7/1/2024
769,2025,202407,3,1,1,34,,3,3,5361,12533,12365,1,7/1/2024
2891,2025,202408,4,3,4,7,7,5,4,5361,10933,6554,1,7/1/2024
562,2025,202407,4,2,4,37,17,3,1,5358,12822,8411,1,7/1/2024
2284,2025,202408,1,8,4,25,5,2,1,5358,9308,7272,1,7/1/2024
595,2025,202409,1,2,1,30,,6,2,5354,14490,15911,1,7/1/2024
1585,2025,202408,1,5,1,20,,3,5,5354,8311,8422,1,7/1/2024
1244,2025,202407,2,5,4,23,3,4,3,5340,13283,14136,1,7/1/2024
1632,2025,202409,5,8,3,6,,3,3,5329,10340,12079,1,7/1/2024
2064,2025,202407,2,8,3,26,,5,5,5329,7033,14661,1,7/1/2024
1394,2025,202409,4,1,4,11,11,7,1,5322,6915,6254,1,7/1/2024
1674,2025,202408,3,7,2,35,,6,3,5318,16261,15290,1,7/1/2024
1147,2025,202408,5,1,1,21,,4,1,5315,4286,16715,1,7/1/2024
453,2025,202407,2,4,1,1,,6,4,5311,4318,6565,1,7/1/2024
1813,2025,202408,1,5,1,4,,4,2,5311,12422,11733,1,7/1/2024
201,2025,202407,1,1,3,9,,7,4,5308,9811,6775,1,7/1/2024
831,2025,202407,1,7,1,34,,8,3,5308,15586,9840,1,7/1/2024
914,2025,202408,4,2,4,6,6,4,4,5308,5683,6608,1,7/1/2024
944,2025,202408,3,3,3,15,,3,5,5304,13204,12872,1,7/1/2024
1457,2025,202407,3,3,4,36,16,8,4,5304,8079,11858,1,7/1/2024
558,2025,202409,2,7,4,9,9,3,1,5300,12365,11036,1,7/1/2024
1713,2025,202408,3,7,1,11,,5,5,5300,13358,17647,1,7/1/2024
1518,2025,202409,5,4,3,19,,5,4,5297,11165,4761,1,7/1/2024
1116,2025,202409,5,3,4,21,1,5,4,5293,9918,4279,1,7/1/2024
1143,2025,202408,3,1,3,10,,8,3,5286,12408,5640,1,7/1/2024
566,2025,202407,5,5,1,17,,8,5,5275,14536,12150,1,7/1/2024
1020,2025,202407,2,5,4,6,6,4,1,5268,14247,16072,1,7/1/2024
2378,2025,202409,2,7,4,30,10,7,3,5261,5408,8608,1,7/1/2024
2648,2025,202408,1,4,4,26,6,2,5,5261,11268,16686,1,7/1/2024
1664,2025,202408,4,2,3,32,,8,3,5258,7243,5336,1,7/1/2024
2968,2025,202408,4,5,2,24,,6,5,5254,5190,5379,1,7/1/2024
106,2025,202407,3,1,2,8,,7,5,5250,9218,8129,1,7/1/2024
1659,2025,202408,2,8,2,30,,3,4,5240,15793,10597,1,7/1/2024
2848,2025,202407,1,1,3,14,,6,3,5225,5215,12597,1,7/1/2024
426,2025,202408,3,5,1,23,,3,3,5218,3786,15458,1,7/1/2024
534,2025,202409,2,7,1,13,,5,1,5218,8093,13500,1,7/1/2024
1030,2025,202409,4,8,2,8,,6,5,5218,5143,10286,1,7/1/2024
1640,2025,202407,4,7,4,12,12,6,2,5204,14383,8243,1,7/1/2024
2938,2025,202409,5,5,4,28,8,2,4,5204,16354,16875,1,7/1/2024
652,2025,202408,5,8,4,26,6,5,4,5197,15068,4161,1,7/1/2024
1553,2025,202407,4,3,2,36,,3,4,5197,6629,11304,1,7/1/2024
1070,2025,202408,2,1,4,18,18,7,3,5190,15643,6679,1,7/1/2024
1867,2025,202408,4,5,1,17,,3,1,5179,4565,6897,1,7/1/2024
2164,2025,202409,2,7,2,37,,4,1,5168,7775,7058,1,7/1/2024
983,2025,202408,4,1,3,38,,3,4,5165,7150,6672,1,7/1/2024
2077,2025,202408,2,2,1,19,,7,2,5165,7933,4522,1,7/1/2024
1119,2025,202407,1,8,1,2,,5,5,5150,9472,13429,1,7/1/2024
2698,2025,202409,4,1,2,27,,8,2,5147,3583,4275,1,7/1/2024
1434,2025,202407,4,2,1,24,,1,5,5143,12090,9779,1,7/1/2024
2614,2025,202409,2,2,3,34,,2,5,5143,11765,12950,1,7/1/2024
2000,2025,202407,1,6,3,10,,6,5,5140,10211,13611,1,7/1/2024
2966,2025,202409,2,4,4,33,13,8,1,5136,5965,12250,1,7/1/2024
506,2025,202407,5,7,1,30,,3,4,5133,13925,11065,1,7/1/2024
2050,2025,202407,4,6,3,14,,2,2,5133,4183,12140,1,7/1/2024
1904,2025,202408,4,6,1,18,,1,2,5125,15958,14204,1,7/1/2024
2183,2025,202407,3,5,4,14,14,5,2,5125,12200,7411,1,7/1/2024
969,2025,202409,5,4,1,14,,1,3,5122,12425,11772,1,7/1/2024
497,2025,202409,5,1,4,12,12,7,2,5115,16861,12983,1,7/1/2024
810,2025,202409,2,4,4,8,8,8,2,5111,5700,17393,1,7/1/2024
920,2025,202408,2,8,4,10,10,1,1,5108,11129,7258,1,7/1/2024
2836,2025,202408,1,5,3,21,,2,1,5108,14736,17308,1,7/1/2024
931,2025,202407,2,8,4,2,2,2,3,5100,10965,16468,1,7/1/2024
685,2025,202407,3,7,4,29,9,2,2,5093,8793,14800,1,7/1/2024
1897,2025,202409,5,8,2,18,,1,3,5086,9229,4036,1,7/1/2024
2308,2025,202408,4,7,2,8,,5,3,5072,8304,6775,1,7/1/2024
27,2025,202407,2,7,4,31,11,3,5,5061,8861,8075,1,7/1/2024
2369,2025,202408,5,7,2,6,,6,3,5033,16154,8536,1,7/1/2024
802,2025,202409,3,5,1,33,,4,3,5025,16786,15633,1,7/1/2024
1267,2025,202407,5,8,1,9,,7,2,5025,11383,8854,1,7/1/2024
2864,2025,202409,2,4,1,20,,3,2,5018,6918,4586,1,7/1/2024
2613,2025,202407,3,2,2,25,,7,5,5011,4611,14165,1,7/1/2024
774,2025,202409,5,5,4,29,9,5,3,5008,7433,3772,1,7/1/2024
1795,2025,202409,2,8,1,38,,4,4,5008,5215,6108,1,7/1/2024
618,2025,202408,5,4,4,27,7,3,4,5000,11175,12883,1,7/1/2024
2321,2025,202409,4,2,4,23,3,2,2,5000,17686,14165,1,7/1/2024
2458,2025,202409,3,7,1,5,,8,5,5000,15325,10965,1,7/1/2024
24,2025,202409,3,7,4,39,19,6,2,4993,11425,7615,1,7/1/2024
2054,2025,202407,1,4,1,29,,6,5,4993,14072,5515,1,7/1/2024
121,2025,202408,5,6,1,25,,6,5,4990,13343,16525,1,7/1/2024
1059,2025,202408,2,3,2,13,,8,1,4990,14558,12611,1,7/1/2024
1690,2025,202409,4,6,4,40,20,4,3,4986,5786,6236,1,7/1/2024
2702,2025,202409,5,2,3,24,,6,2,4983,13775,7715,1,7/1/2024
1318,2025,202408,2,2,3,22,,4,5,4975,13929,3665,1,7/1/2024
1450,2025,202408,4,8,4,25,5,6,1,4972,11990,7061,1,7/1/2024
1556,2025,202407,3,4,3,5,,5,3,4961,16125,7465,1,7/1/2024
643,2025,202408,4,2,2,8,,7,4,4954,7286,16072,1,7/1/2024
1941,2025,202407,1,4,3,26,,7,2,4947,11511,12611,1,7/1/2024
2565,2025,202409,1,7,1,37,,5,2,4940,8900,5818,1,7/1/2024
1013,2025,202409,3,3,3,20,,4,4,4922,17600,4793,1,7/1/2024
2908,2025,202407,2,3,1,24,,8,5,4922,13133,15647,1,7/1/2024
2051,2025,202408,2,3,1,5,,2,1,4915,16725,5597,1,7/1/2024
2524,2025,202407,4,8,1,11,,7,5,4915,11618,16725,1,7/1/2024
1209,2025,202409,5,1,1,19,,5,4,4908,16743,15261,1,7/1/2024
1778,2025,202407,4,1,3,30,,1,3,4904,8265,15018,1,7/1/2024
2443,2025,202408,1,6,2,35,,1,1,4900,11740,9193,1,7/1/2024
1630,2025,202407,1,3,1,23,,5,2,4886,8397,16043,1,7/1/2024
516,2025,202409,5,6,2,15,,3,5,4879,16118,6643,1,7/1/2024
1555,2025,202409,3,1,4,22,2,7,5,4875,15865,12808,1,7/1/2024
1598,2025,202409,5,7,3,30,,2,1,4875,10454,15204,1,7/1/2024
332,2025,202409,3,2,4,39,19,8,2,4872,9658,7479,1,7/1/2024
843,2025,202407,3,7,3,3,,4,2,4872,4861,10943,1,7/1/2024
2525,2025,202408,5,6,4,1,1,5,3,4865,11304,10522,1,7/1/2024
2379,2025,202409,3,2,1,34,,1,2,4861,10390,9736,1,7/1/2024
740,2025,202407,1,7,2,18,,7,2,4858,7218,12547,1,7/1/2024
824,2025,202408,2,1,3,21,,4,5,4858,4008,17436,1,7/1/2024
1832,2025,202409,4,5,1,3,,4,4,4858,16258,12654,1,7/1/2024
1828,2025,202407,2,6,4,23,3,1,3,4847,15893,17797,1,7/1/2024
154,2025,202409,1,1,4,19,19,4,3,4843,11758,4418,1,7/1/2024
990,2025,202409,5,3,1,38,,7,1,4843,15011,3900,1,7/1/2024
308,2025,202408,5,8,4,5,5,7,1,4836,11604,16754,1,7/1/2024
2885,2025,202408,3,2,4,7,7,1,3,4833,15825,5954,1,7/1/2024
974,2025,202409,5,6,2,31,,1,3,4829,12422,8258,1,7/1/2024
2047,2025,202407,3,2,1,3,,3,1,4825,14322,15365,1,7/1/2024
2579,2025,202407,2,3,3,9,,8,1,4818,16525,7504,1,7/1/2024
2761,2025,202409,4,5,2,5,,3,4,4818,4508,13608,1,7/1/2024
2074,2025,202407,3,4,1,3,,7,4,4815,11561,17322,1,7/1/2024
701,2025,202407,2,4,3,1,,4,3,4811,10343,16668,1,7/1/2024
1504,2025,202409,5,8,2,4,,3,1,4808,3811,15011,1,7/1/2024
1686,2025,202409,2,2,4,18,18,2,2,4808,17811,12186,1,7/1/2024
2001,2025,202408,5,2,1,7,,6,4,4808,17497,8815,1,7/1/2024
2916,2025,202407,3,6,4,37,17,6,4,4804,4083,8575,1,7/1/2024
16,2025,202407,4,7,3,13,,2,3,4797,11718,14972,1,7/1/2024
2318,2025,202407,3,8,3,13,,5,3,4790,8761,17125,1,7/1/2024
2253,2025,202408,1,2,1,18,,3,1,4786,15883,7011,1,7/1/2024
2899,2025,202408,3,7,3,35,,1,2,4783,4050,6804,1,7/1/2024
2660,2025,202407,2,8,4,20,20,6,1,4779,10122,15043,1,7/1/2024
1236,2025,202407,1,2,4,32,12,2,1,4761,15447,11211,1,7/1/2024
1349,2025,202407,2,6,2,33,,1,2,4754,16700,11186,1,7/1/2024
2161,2025,202409,5,6,1,19,,8,4,4754,12679,6815,1,7/1/2024
1931,2025,202408,2,7,2,24,,1,2,4740,10125,7122,1,7/1/2024
2090,2025,202407,2,6,2,4,,5,3,4740,10647,16243,1,7/1/2024
998,2025,202408,2,5,4,22,2,4,3,4736,17229,10225,1,7/1/2024
2838,2025,202409,3,5,3,2,,8,3,4733,17040,10733,1,7/1/2024
2906,2025,202407,1,4,1,38,,5,4,4733,12436,13947,1,7/1/2024
2388,2025,202407,1,3,4,3,3,4,5,4725,6047,5779,1,7/1/2024
2436,2025,202409,3,1,2,10,,7,3,4700,9147,14972,1,7/1/2024
717,2025,202408,5,8,2,31,,6,2,4697,11108,13740,1,7/1/2024
1129,2025,202407,3,1,3,34,,5,3,4693,13750,11143,1,7/1/2024
2580,2025,202408,1,1,3,30,,7,2,4693,9897,16583,1,7/1/2024
1410,2025,202408,4,4,1,8,,2,1,4686,6275,7504,1,7/1/2024
1818,2025,202408,4,5,3,11,,7,5,4686,16418,17015,1,7/1/2024
1955,2025,202409,3,5,3,23,,8,5,4686,4536,13693,1,7/1/2024
2439,2025,202408,3,8,1,28,,2,4,4686,16847,7900,1,7/1/2024
2477,2025,202407,4,7,4,26,6,6,1,4686,16925,9458,1,7/1/2024
189,2025,202409,5,6,2,7,,7,1,4679,9525,16886,1,7/1/2024
1429,2025,202407,4,4,2,37,,8,4,4679,12718,11658,1,7/1/2024
615,2025,202407,3,5,3,7,,4,3,4675,15722,10511,1,7/1/2024
1299,2025,202407,3,3,1,28,,8,5,4675,17518,3865,1,7/1/2024
128,2025,202408,5,6,2,39,,6,4,4668,13058,7200,1,7/1/2024
1218,2025,202409,2,5,2,3,,2,3,4668,7925,9375,1,7/1/2024
1142,2025,202409,2,8,3,33,,4,1,4665,11422,7947,1,7/1/2024
2210,2025,202409,3,8,2,40,,8,3,4665,8872,11318,1,7/1/2024
473,2025,202407,2,4,1,19,,1,1,4658,14440,8793,1,7/1/2024
950,2025,202407,1,3,2,4,,2,5,4647,7843,17004,1,7/1/2024
519,2025,202408,4,6,4,15,15,3,1,4643,10497,11354,1,7/1/2024
751,2025,202408,3,4,4,22,2,6,4,4636,14879,12843,1,7/1/2024
2990,2025,202408,1,3,4,9,9,6,2,4633,10590,7036,1,7/1/2024
498,2025,202407,1,4,4,37,17,5,3,4622,17583,17790,1,7/1/2024
223,2025,202409,2,7,3,20,,7,4,4568,9493,3875,1,7/1/2024
1512,2025,202408,5,4,1,6,,7,5,4568,17211,6961,1,7/1/2024
2159,2025,202407,5,8,3,10,,8,3,4561,6983,4108,1,7/1/2024
402,2025,202408,4,3,1,5,,1,3,4558,3686,13672,1,7/1/2024
2416,2025,202409,5,7,4,4,4,1,1,4558,6150,16543,1,7/1/2024
2570,2025,202407,2,8,4,5,5,7,4,4554,11854,4775,1,7/1/2024
1356,2025,202409,5,7,2,40,,7,2,4550,4825,6497,1,7/1/2024
1087,2025,202408,3,6,3,16,,7,4,4547,9429,13186,1,7/1/2024
2886,2025,202408,3,2,4,2,2,5,1,4543,15986,12968,1,7/1/2024
895,2025,202408,5,3,2,11,,3,1,4540,4233,15736,1,7/1/2024
2646,2025,202409,4,5,2,26,,1,3,4533,9897,8875,1,7/1/2024
2021,2025,202409,5,5,1,6,,7,2,4529,12443,15811,1,7/1/2024
1558,2025,202408,2,4,3,10,,8,5,4522,10647,16029,1,7/1/2024
372,2025,202407,1,7,3,29,,2,1,4518,7772,9750,1,7/1/2024
947,2025,202407,4,7,4,34,14,4,5,4518,10029,14197,1,7/1/2024
1961,2025,202407,5,4,2,12,,4,3,4518,10968,17843,1,7/1/2024
186,2025,202407,2,4,2,5,,2,1,4515,8504,15393,1,7/1/2024
1862,2025,202408,1,7,2,38,,3,1,4511,15600,3922,1,7/1/2024
2208,2025,202408,3,3,3,35,,1,4,4511,8593,7486,1,7/1/2024
1976,2025,202409,3,7,1,13,,4,2,4500,16290,7504,1,7/1/2024
2014,2025,202409,4,1,1,9,,4,5,4500,12933,16886,1,7/1/2024
2656,2025,202409,4,2,2,30,,5,1,4497,13886,16936,1,7/1/2024
2849,2025,202409,4,3,1,7,,8,5,4497,13497,5754,1,7/1/2024
2005,2025,202408,5,4,1,23,,3,2,4493,15911,17472,1,7/1/2024
1859,2025,202409,5,4,1,3,,1,3,4483,15108,6740,1,7/1/2024
2586,2025,202408,2,3,1,4,,5,2,4483,12947,16929,1,7/1/2024
1749,2025,202409,5,4,1,4,,4,2,4465,12343,4483,1,7/1/2024
744,2025,202408,3,1,1,15,,1,4,4450,7175,10511,1,7/1/2024
910,2025,202409,5,5,1,38,,3,3,4447,7986,5736,1,7/1/2024
2408,2025,202407,2,6,3,15,,6,4,4443,7654,4747,1,7/1/2024
2748,2025,202408,1,8,1,40,,3,5,4429,11604,16522,1,7/1/2024
741,2025,202407,4,6,1,12,,2,2,4425,17811,7061,1,7/1/2024
2229,2025,202407,3,7,3,38,,4,2,4425,7783,5640,1,7/1/2024
2401,2025,202408,5,3,3,28,,3,2,4425,6736,15065,1,7/1/2024
668,2025,202408,5,2,4,25,5,7,5,4415,7300,4172,1,7/1/2024
1373,2025,202408,2,3,2,24,,4,3,4415,5161,3593,1,7/1/2024
733,2025,202407,2,3,3,13,,4,4,4411,12308,14393,1,7/1/2024
1840,2025,202407,1,2,1,21,,7,4,4408,13765,6193,1,7/1/2024
4,2025,202407,2,8,3,17,,6,4,4397,11590,8243,1,7/1/2024
934,2025,202407,1,1,4,15,15,8,4,4390,16283,15893,1,7/1/2024
2773,2025,202408,2,7,2,25,,6,3,4390,6979,15225,1,7/1/2024
991,2025,202407,1,8,3,28,,4,4,4386,9636,4340,1,7/1/2024
1004,2025,202408,3,4,1,31,,2,4,4375,3604,3711,1,7/1/2024
932,2025,202407,3,3,2,1,,8,5,4361,13250,9997,1,7/1/2024
1980,2025,202409,4,7,1,26,,4,1,4358,12365,8597,1,7/1/2024
1624,2025,202408,4,2,3,27,,4,4,4354,9190,5104,1,7/1/2024
2173,2025,202407,1,1,1,38,,5,1,4340,10065,5929,1,7/1/2024
2080,2025,202407,4,7,4,28,8,5,5,4322,12372,4415,1,7/1/2024
2724,2025,202408,5,1,1,8,,5,2,4322,15283,10593,1,7/1/2024
386,2025,202409,5,4,3,20,,4,1,4315,5804,7747,1,7/1/2024
2171,2025,202409,2,5,1,34,,6,5,4311,6004,16725,1,7/1/2024
2277,2025,202409,1,7,4,11,11,5,1,4297,17429,7283,1,7/1/2024
2719,2025,202408,5,4,4,40,20,6,4,4293,9650,17754,1,7/1/2024
1164,2025,202409,2,8,1,37,,8,5,4286,6233,9404,1,7/1/2024
126,2025,202407,3,6,4,8,8,6,2,4283,10454,5186,1,7/1/2024
1187,2025,202409,1,4,2,21,,6,4,4283,17315,15018,1,7/1/2024
2928,2025,202407,5,1,4,22,2,1,3,4283,6540,5465,1,7/1/2024
1315,2025,202407,3,5,1,38,,5,5,4275,4890,6615,1,7/1/2024
2497,2025,202408,3,4,4,13,13,4,5,4265,11386,3743,1,7/1/2024
542,2025,202409,4,4,2,24,,6,3,4261,9554,15325,1,7/1/2024
2737,2025,202407,1,3,1,36,,3,3,4261,6018,17508,1,7/1/2024
1035,2025,202408,1,1,3,16,,6,3,4258,12468,5793,1,7/1/2024
594,2025,202408,3,3,1,8,,7,5,4236,6093,13958,1,7/1/2024
228,2025,202409,2,6,4,21,1,8,4,4233,13125,4222,1,7/1/2024
835,2025,202408,5,2,1,30,,7,2,4222,12786,9383,1,7/1/2024
2752,2025,202409,1,7,2,35,,3,2,4222,16150,15422,1,7/1/2024
764,2025,202409,3,2,3,31,,5,1,4215,12293,6415,1,7/1/2024
1908,2025,202409,3,1,2,29,,8,3,4215,8229,7397,1,7/1/2024
783,2025,202407,3,2,2,15,,6,1,4211,3979,6129,1,7/1/2024
146,2025,202409,4,2,3,2,,7,1,4208,17379,16515,1,7/1/2024
1502,2025,202409,5,6,4,8,8,1,4,4208,12725,13947,1,7/1/2024
1757,2025,202407,5,4,1,12,,3,5,4183,4329,5633,1,7/1/2024
2228,2025,202408,5,6,3,18,,8,3,4183,17479,6318,1,7/1/2024
2393,2025,202408,5,1,3,33,,1,2,4183,4647,5850,1,7/1/2024
2695,2025,202408,1,5,3,26,,5,2,4183,6929,10911,1,7/1/2024
574,2025,202407,4,7,1,4,,5,2,4179,12383,15300,1,7/1/2024
2666,2025,202408,2,4,1,23,,8,1,4175,8933,9036,1,7/1/2024
2453,2025,202409,2,1,3,29,,8,3,4154,6815,12147,1,7/1/2024
508,2025,202409,4,4,2,10,,1,1,4150,4747,6290,1,7/1/2024
648,2025,202408,5,8,3,37,,4,2,4150,4429,10418,1,7/1/2024
1253,2025,202407,1,4,2,33,,7,2,4150,9054,4390,1,7/1/2024
456,2025,202407,5,5,1,35,,5,3,4147,9411,14475,1,7/1/2024
2855,2025,202407,1,4,1,23,,3,2,4143,17286,10786,1,7/1/2024
550,2025,202408,1,5,2,37,,1,5,4140,9786,14386,1,7/1/2024
493,2025,202409,2,2,3,20,,6,1,4136,17175,15575,1,7/1/2024
1107,2025,202407,3,1,4,36,16,7,2,4136,9404,8011,1,7/1/2024
1565,2025,202409,2,2,2,17,,3,1,4136,4308,12058,1,7/1/2024
9,2025,202408,2,1,4,32,12,6,5,4133,14818,10961,1,7/1/2024
2762,2025,202408,5,8,3,14,,8,5,4133,9679,7654,1,7/1/2024
2136,2025,202409,4,2,3,15,,6,2,4125,10608,6633,1,7/1/2024
1166,2025,202408,3,1,2,20,,8,2,4122,4033,5472,1,7/1/2024
355,2025,202407,5,5,2,33,,7,5,4111,5018,5536,1,7/1/2024
1422,2025,202407,5,7,3,27,,8,5,4111,11311,12075,1,7/1/2024
837,2025,202408,1,6,1,7,,6,5,4100,17615,14933,1,7/1/2024
2790,2025,202408,2,7,4,38,18,6,2,4093,7000,10450,1,7/1/2024
2755,2025,202408,1,2,1,36,,8,1,4086,16800,15083,1,7/1/2024
1728,2025,202408,5,4,1,17,,8,1,4083,8372,10897,1,7/1/2024
2479,2025,202408,1,1,4,15,15,5,4,4083,5143,14525,1,7/1/2024
2824,2025,202408,1,1,3,6,,7,4,4079,17165,10565,1,7/1/2024
911,2025,202409,2,1,1,7,,6,1,4068,9736,3940,1,7/1/2024
993,2025,202407,5,5,2,3,,2,3,4068,16983,7215,1,7/1/2024
858,2025,202407,1,5,1,3,,7,1,4058,12700,15515,1,7/1/2024
359,2025,202409,5,3,3,26,,2,3,4054,7783,13193,1,7/1/2024
721,2025,202407,3,7,1,24,,6,2,4054,15940,11597,1,7/1/2024
172,2025,202408,1,1,2,27,,6,5,4050,4175,15197,1,7/1/2024
472,2025,202408,5,7,2,20,,6,5,4050,13325,11365,1,7/1/2024
1238,2025,202407,2,6,2,29,,5,1,4050,3672,11554,1,7/1/2024
651,2025,202407,2,2,4,30,10,6,2,4047,14515,9697,1,7/1/2024
1569,2025,202407,3,5,4,9,9,5,5,4029,13661,4693,1,7/1/2024
1934,2025,202409,5,1,2,16,,2,2,4029,13533,7340,1,7/1/2024
2013,2025,202408,4,8,2,40,,3,5,4029,16161,4125,1,7/1/2024
571,2025,202407,3,5,4,13,13,5,4,4025,4100,3972,1,7/1/2024
2158,2025,202409,5,8,1,34,,6,5,4022,7368,9415,1,7/1/2024
271,2025,202409,3,7,3,30,,1,3,4011,16158,16665,1,7/1/2024
1817,2025,202408,1,3,3,24,,8,3,4011,13597,4872,1,7/1/2024
1528,2025,202408,3,8,2,15,,4,2,3997,10850,3579,1,7/1/2024
1195,2025,202407,3,2,1,9,,6,2,3993,13818,9411,1,7/1/2024
1745,2025,202407,5,6,2,32,,4,2,3993,13140,16604,1,7/1/2024
2350,2025,202409,4,7,3,29,,2,1,3983,16011,17111,1,7/1/2024
2631,2025,202409,5,6,2,12,,2,5,3972,11136,16904,1,7/1/2024
2517,2025,202408,2,2,2,19,,3,5,3961,13390,16661,1,7/1/2024
1214,2025,202407,1,6,1,3,,1,2,3958,15686,11929,1,7/1/2024
2354,2025,202409,1,7,1,24,,8,1,3958,3904,16758,1,7/1/2024
140,2025,202408,3,1,3,37,,6,5,3954,5179,11083,1,7/1/2024
1182,2025,202409,4,5,4,23,3,4,2,3954,11325,11429,1,7/1/2024
1688,2025,202409,4,4,4,25,5,1,5,3950,16229,12429,1,7/1/2024
1782,2025,202408,2,2,1,5,,7,3,3947,4265,4936,1,7/1/2024
1383,2025,202409,4,5,2,8,,1,2,3940,11490,14240,1,7/1/2024
672,2025,202408,4,2,1,34,,5,5,3936,3804,4733,1,7/1/2024
2741,2025,202408,2,8,4,36,16,1,3,3936,16697,4011,1,7/1/2024
1291,2025,202409,5,4,2,17,,2,2,3929,3640,16118,1,7/1/2024
465,2025,202409,4,7,4,26,6,3,2,3922,7372,10154,1,7/1/2024
417,2025,202407,5,6,3,14,,5,3,3915,11579,11933,1,7/1/2024
1511,2025,202408,3,6,2,14,,4,5,3915,6261,17533,1,7/1/2024
819,2025,202407,1,6,4,28,8,4,1,3908,17808,10540,1,7/1/2024
1575,2025,202408,3,6,3,24,,8,2,3908,8743,13622,1,7/1/2024
2240,2025,202409,4,2,4,36,16,1,5,3908,17204,14822,1,7/1/2024
278,2025,202408,3,8,1,11,,7,2,3900,17008,9168,1,7/1/2024
1693,2025,202409,2,1,1,25,,7,1,3893,16197,17354,1,7/1/2024
1922,2025,202407,1,1,4,18,18,2,1,3883,9561,11361,1,7/1/2024
1193,2025,202407,4,8,2,40,,5,2,3879,8593,10543,1,7/1/2024
2440,2025,202407,2,5,3,5,,4,4,3879,7579,12554,1,7/1/2024
111,2025,202408,1,5,2,6,,6,4,3868,17168,7958,1,7/1/2024
210,2025,202408,5,5,4,1,1,6,4,3865,14693,17061,1,7/1/2024
1991,2025,202408,2,1,2,32,,8,4,3858,14904,7490,1,7/1/2024
627,2025,202407,2,2,3,28,,6,5,3854,15511,9115,1,7/1/2024
1821,2025,202407,2,5,2,5,,6,1,3850,5690,4693,1,7/1/2024
795,2025,202407,4,3,1,33,,8,1,3847,16372,15308,1,7/1/2024
2338,2025,202407,2,8,3,13,,2,1,3843,5629,16811,1,7/1/2024
1233,2025,202409,2,1,4,24,4,6,3,3840,17561,5393,1,7/1/2024
2402,2025,202407,2,5,2,32,,2,5,3833,5222,10718,1,7/1/2024
310,2025,202409,2,5,3,2,,5,5,3829,15640,8086,1,7/1/2024
634,2025,202408,3,6,3,17,,7,3,3829,15915,8250,1,7/1/2024
403,2025,202408,1,4,2,38,,5,3,3825,14375,13093,1,7/1/2024
395,2025,202407,2,4,3,7,,6,3,3822,13525,8386,1,7/1/2024
85,2025,202407,1,7,4,20,20,1,5,3818,10433,13711,1,7/1/2024
598,2025,202408,3,5,4,20,20,8,2,3818,7504,17308,1,7/1/2024
2483,2025,202407,3,8,2,7,,3,2,3811,8611,17047,1,7/1/2024
206,2025,202408,3,7,4,27,7,1,4,3800,12193,10415,1,7/1/2024
1306,2025,202407,5,8,1,26,,5,3,3797,16018,16740,1,7/1/2024
666,2025,202408,4,4,2,28,,2,4,3779,3808,13025,1,7/1/2024
1442,2025,202409,4,5,1,2,,8,5,3779,12429,16647,1,7/1/2024
526,2025,202407,5,8,2,23,,6,2,3775,17636,7979,1,7/1/2024
799,2025,202408,1,1,3,13,,2,3,3775,6486,15504,1,7/1/2024
1120,2025,202408,5,1,1,15,,7,5,3761,5265,6758,1,7/1/2024
823,2025,202409,2,3,2,35,,7,5,3747,14925,6661,1,7/1/2024
459,2025,202409,1,7,3,4,,2,4,3743,8900,9418,1,7/1/2024
739,2025,202408,4,7,4,7,7,6,2,3743,15158,11765,1,7/1/2024
2131,2025,202408,2,8,2,18,,3,2,3733,13833,16611,1,7/1/2024
1393,2025,202407,4,1,2,29,,4,1,3722,4936,14200,1,7/1/2024
2786,2025,202408,3,5,2,13,,1,2,3722,13593,5036,1,7/1/2024
195,2025,202407,4,2,3,20,,7,3,3718,10818,9336,1,7/1/2024
270,2025,202409,3,8,4,29,9,8,3,3718,7443,7958,1,7/1/2024
1732,2025,202407,5,5,1,5,,6,4,3718,9579,12318,1,7/1/2024
45,2025,202409,1,4,2,14,,6,5,3715,15597,8200,1,7/1/2024
2089,2025,202408,1,8,2,34,,3,4,3715,16083,14086,1,7/1/2024
2669,2025,202408,4,4,4,5,5,4,2,3715,16993,17629,1,7/1/2024
584,2025,202408,3,8,1,3,,5,4,3675,4390,15893,1,7/1/2024
209,2025,202407,2,1,4,31,11,3,2,3672,7336,8304,1,7/1/2024
356,2025,202407,3,2,4,17,17,2,2,3672,11483,6615,1,7/1/2024
479,2025,202407,5,6,3,12,,5,1,3672,10636,17097,1,7/1/2024
684,2025,202407,3,8,3,11,,5,3,3672,16350,16793,1,7/1/2024
2676,2025,202407,3,1,2,35,,7,5,3672,17583,8622,1,7/1/2024
1766,2025,202407,3,5,2,36,,6,3,3661,5511,5058,1,7/1/2024
1084,2025,202408,4,3,4,9,9,7,5,3654,6865,13200,1,7/1/2024
1476,2025,202407,4,5,4,32,12,8,5,3650,17272,12458,1,7/1/2024
463,2025,202409,1,4,3,28,,5,4,3640,12650,10640,1,7/1/2024
928,2025,202407,4,6,3,9,,5,5,3636,9500,9011,1,7/1/2024
1433,2025,202409,4,8,1,27,,8,5,3622,14733,12622,1,7/1/2024
2086,2025,202408,5,5,1,8,,5,2,3618,15279,4068,1,7/1/2024
674,2025,202407,5,3,2,38,,4,5,3615,10654,4504,1,7/1/2024
1180,2025,202409,3,2,2,19,,7,2,3611,13975,8950,1,7/1/2024
1542,2025,202407,2,4,2,32,,3,4,3611,10933,16025,1,7/1/2024
2481,2025,202407,5,6,1,35,,3,3,3608,12658,8779,1,7/1/2024
1445,2025,202408,4,5,4,11,11,6,4,3604,9418,9268,1,7/1/2024
2467,2025,202409,1,1,3,21,,4,5,3604,8486,9675,1,7/1/2024
1765,2025,202408,4,7,3,31,,5,3,3597,16265,12418,1,7/1/2024
2624,2025,202409,5,1,4,6,6,6,2,3597,11518,13272,1,7/1/2024
2751,2025,202408,2,3,2,8,,1,5,3593,6286,8868,1,7/1/2024
2016,2025,202408,5,6,3,39,,2,1,3590,9733,15768,1,7/1/2024
851,2025,202407,2,6,1,6,,6,4,3586,13536,8143,1,7/1/2024
1560,2025,202407,5,5,3,23,,6,4,3586,10204,12161,1,7/1/2024
2363,2025,202408,3,7,1,31,,2,2,3583,11750,16468,1,7/1/2024
2989,2025,202409,5,2,3,26,,7,1,3583,11490,12654,1,7/1/2024
420,2025,202409,1,5,1,24,,3,4,3579,12325,7668,1,7/1/2024
1211,2025,202408,5,2,3,23,,3,4,3579,13240,10140,1,7/1/2024
